-- phpMyAdmin SQL Dump
-- version 4.7.7
-- https://www.phpmyadmin.net/
--
-- Hôte : localhost:8889
-- Généré le :  mer. 21 mars 2018 à 23:17
-- Version du serveur :  5.6.38
-- Version de PHP :  7.2.1

SET SQL_MODE = "NO_AUTO_VALUE_ON_ZERO";
SET time_zone = "+00:00";


/*!40101 SET @OLD_CHARACTER_SET_CLIENT=@@CHARACTER_SET_CLIENT */;
/*!40101 SET @OLD_CHARACTER_SET_RESULTS=@@CHARACTER_SET_RESULTS */;
/*!40101 SET @OLD_COLLATION_CONNECTION=@@COLLATION_CONNECTION */;
/*!40101 SET NAMES utf8mb4 */;

--
-- Base de données :  `db_hideberg`
--

-- --------------------------------------------------------

--
-- Structure de la table `annonce`
--

CREATE TABLE `annonce` (
  `annonce_id` int(11) NOT NULL,
  `annonce_website_id` int(11) NOT NULL,
  `annonce_sector_id` int(11) NOT NULL,
  `annonce_country_id` int(11) NOT NULL,
  `annonce_title` varchar(255) NOT NULL,
  `annonce_description` varchar(255) NOT NULL,
  `annonce_url` varchar(255) NOT NULL,
  `annonce_img` varchar(255) NOT NULL
) ENGINE=InnoDB DEFAULT CHARSET=utf8;

--
-- Déchargement des données de la table `annonce`
--

INSERT INTO `annonce` (`annonce_id`, `annonce_website_id`, `annonce_sector_id`, `annonce_country_id`, `annonce_title`, `annonce_description`, `annonce_url`, `annonce_img`) VALUES
(1, 5, 1, 3, '', 'Description du poste dans le domaine du \"Design\" en \"France\" par \"accenture\"', '', ''),
(2, 6, 1, 3, '', 'Description du poste dans le domaine du \"Design\" en \"France\" par \"admincompta\"', '', ''),
(3, 7, 1, 3, '', 'Description du poste dans le domaine du \"Design\" en \"France\" par \"aeroemploiformation\"', '', ''),
(4, 8, 1, 3, '', 'Description du poste dans le domaine du \"Design\" en \"France\" par \"angellist\"', '', ''),
(5, 46, 5, 3, '', 'Description du poste dans le domaine du \"Programs\" en \"France\" par \"jobrapido\"', '', ''),
(6, 38, 2, 3, '', 'Dans un pays en pleine transition numérique, le futur stagiaire #Prox-i saura faire preuve d’une forte capacité d’intégration/adaptation, dans un environnement de travail sous le soleil des tropiques, les pieds dans l’eau : )', '', '');

-- --------------------------------------------------------

--
-- Structure de la table `continent`
--

CREATE TABLE `continent` (
  `continent_id` int(11) NOT NULL,
  `continent_label` varchar(255) NOT NULL
) ENGINE=InnoDB DEFAULT CHARSET=utf8;

--
-- Déchargement des données de la table `continent`
--

INSERT INTO `continent` (`continent_id`, `continent_label`) VALUES
(1, 'africa'),
(2, 'asia'),
(3, 'europe'),
(4, 'northamerica'),
(5, 'southamerica'),
(6, 'oceania');

-- --------------------------------------------------------

--
-- Structure de la table `country`
--

CREATE TABLE `country` (
  `country_id` int(11) NOT NULL,
  `country_continent_id` int(11) NOT NULL,
  `country_label` varchar(255) NOT NULL,
  `country_url_visa` varchar(255) NOT NULL,
  `country_url_cv` varchar(255) NOT NULL,
  `country_url_news` varchar(255) NOT NULL
) ENGINE=InnoDB DEFAULT CHARSET=utf8;

--
-- Déchargement des données de la table `country`
--

INSERT INTO `country` (`country_id`, `country_continent_id`, `country_label`, `country_url_visa`, `country_url_cv`, `country_url_news`) VALUES
(1, 3, 'austria', '', '', ''),
(2, 3, 'belgium', '', '', ''),
(3, 3, 'france', '', 'http://europass.cedefop.europa.eu/sites/default/files/europass_cv_instructions_fr.pdf', ''),
(4, 3, 'germany', '', '', ''),
(5, 3, 'hungary', '', '', ''),
(6, 3, 'irland', '', '', ''),
(7, 3, 'italy', '', '', ''),
(8, 3, 'luxembourg', '', '', ''),
(9, 3, 'netherlands', '', '', ''),
(10, 3, 'spain', '', '', ''),
(11, 3, 'portugal', '', '', ''),
(12, 3, 'swissland', '', '', ''),
(13, 3, 'uk', '', '', ''),
(14, 5, 'argentina', '', '', '');

-- --------------------------------------------------------

--
-- Structure de la table `link`
--

CREATE TABLE `link` (
  `link_id` int(11) NOT NULL,
  `link_country_id` int(11) NOT NULL,
  `link_sector_id` int(11) NOT NULL,
  `link_website_id` int(11) NOT NULL,
  `link_label` varchar(255) NOT NULL
) ENGINE=InnoDB DEFAULT CHARSET=utf8;

--
-- Déchargement des données de la table `link`
--

INSERT INTO `link` (`link_id`, `link_country_id`, `link_sector_id`, `link_website_id`, `link_label`) VALUES
(1, 3, 1, 60, 'https://www.monster.fr/emploi/q-emploi-design.aspx'),
(2, 3, 1, 66, 'https://www.profilculture.com/annonce/Emplois-Art-Design-Architecture'),
(3, 3, 1, 41, 'http://www.jobculture.fr/emplois-culture/emploi-design/'),
(4, 3, 1, 9, 'https://cadres.apec.fr/liste-offres-emploi-cadres/8_____________offre-d-emploi.html?sortsType=SCORE&sortsDirection=DESCENDING&nbParPage=20&typeAffichage=detaille&page=0&distance=0&motsCles=designer'),
(5, 3, 1, 54, 'http://www.lelieududesign.com/offres-d-emploi'),
(6, 3, 1, 29, 'http://jobs.etapes.com/'),
(10, 3, 1, 59, 'https://www.meteojob.com/jobsearch/offers?what=designer'),
(11, 3, 1, 34, 'https://www.graphic-jobs.com/graphiste'),
(12, 3, 1, 51, 'https://fr.jooble.org/emploi-designer-'),
(13, 3, 1, 20, 'https://www.design-fax.fr/category/offres-emploi/'),
(14, 3, 1, 81, 'http://uxjobs.fr/'),
(15, 3, 1, 25, 'http://www.ecoles-conde.com/entreprise/consulter-les-offres/'),
(16, 3, 1, 62, 'http://www.optioncarriere.com/recherche/emplois?s=Designer&l=France&lid=57'),
(17, 3, 1, 24, 'http://www.ecole-boulle.org/emploi'),
(18, 3, 1, 65, 'https://candidat.pole-emploi.fr/offres/recherche;JSESSIONID_RECH_OFFRE=N3JirrPIJ_inBGQso7g4U-SeLMue80bbpx87jWenrRiNsqNyPaCj!-1412110013?motsCles=designer&offresPartenaires=true&rayon=10&tri=0'),
(19, 3, 1, 57, 'https://www.linkedin.com/jobs/search/?keywords=Designer&location=France&locationId=fr%3A0'),
(20, 3, 1, 5, 'https://www.accenture.com/fr-fr/careers/jobsearch?jk=design'),
(21, 3, 1, 13, 'https://www.beepjob.com/emploi-metier/designer;4098?orderDefault=1&orderBy=pertinence'),
(22, 3, 1, 61, 'https://neuvoo.fr/emplois/?k=designer&l=&f=&o=&p=&r=15'),
(23, 3, 1, 44, 'http://www.jobintree.com/emploi/designer'),
(24, 3, 1, 62, 'https://www.optioncarriere.com/recherche/emplois?s=designer&l=France'),
(25, 3, 1, 19, 'http://www.designanddesign.com/jobs.php?cat=&offer=&keyword=&country=60'),
(26, 3, 1, 38, 'https://www.indeed.fr/emplois?q=designer&l='),
(27, 3, 1, 80, 'https://emploi.trovit.fr/index.php/cod.search_jobs/what_d.designer/sug.0/isUserSearch.1'),
(28, 3, 1, 30, 'http://fr.fashionjobs.com/s/?metier=&auto=0&msId=&categories=1&regions=&keyword='),
(29, 3, 1, 84, 'https://france.xpatjobs.com/search/?areas=5&job_type=0&pagenum=2&keyword=designer&ref=&language=&jobDescriptionLanguage=&city=&order=0&min_date='),
(30, 3, 1, 35, 'https://www.hellowork.io/emplois/recherche.html?j=Designer+&j_autocomplete=&l=&l_autocomplete='),
(31, 3, 1, 46, 'http://fr.jobrapido.com/Offres-d-emploi-pour-Designer?p=2'),
(32, 3, 1, 82, 'https://fr.viadeo.com/fr/jobs/search?keywords=designer&location=&page=1&address=&noAddress=false&'),
(33, 3, 1, 70, 'https://remixjobs.com/Emploi-designer'),
(34, 3, 1, 64, 'http://emploi.outdoorsportsvalley.org/offres.aspx'),
(35, 3, 1, 52, 'https://www.keljob.com/recherche?q=designer'),
(36, 3, 1, 67, 'https://www.qapa.fr/utilisateurs/offres-d-emploi/rechercher-une-offre-d-emploi?q=designer&location=&lat_center=&lng_center=&lat_ne=&lng_ne=&lat_sw=&lng_sw=&maximum_distance=30000&p=0&is_v=1'),
(37, 3, 5, 38, 'https://www.indeed.fr/emplois?q=d%C3%A9veloppeur&l='),
(38, 3, 5, 18, 'https://www.chooseyourboss.com/offres/emploi-it'),
(39, 3, 5, 46, 'http://fr.jobrapido.com/?w=developpeur'),
(40, 3, 5, 80, 'https://emploi.trovit.fr/index.php/cod.search_adwords_jobs/ppc_landing_type.2/type.0/what_d.d%C3%A9veloppeur/sug.0/tracking.%7B%22d%22:%22c%22,%22a%22:10711733539,%22targetid%22:%22kwd-3500219942%22,%22k%22:3500219942%7D/isUserSearch.1/origin.11'),
(41, 3, 5, 62, 'https://www.optioncarriere.com/emploi-developpeur.html'),
(42, 3, 5, 56, 'https://www.lesjeudis.com/recherche?q=d%C3%A9veloppeur+&loc='),
(43, 3, 5, 47, 'https://www.jobsintech.io/search/paris'),
(44, 3, 5, 32, 'https://www.glassdoor.fr/Emploi/france-developer-emplois-SRCH_IL.0,6_IN86_KO7,16.htm?radius=18'),
(45, 3, 5, 8, 'https://angel.co/r/france/developer/jobs'),
(46, 3, 5, 75, 'https://stackoverflow.com/jobs?sort=i&q=developer&l=france&d=20&u=K'),
(47, 3, 5, 48, 'http://www.jobsmart.fr/jobs?w=D%C3%A9veloppeur&l='),
(48, 3, 5, 57, 'https://www.linkedin.com/jobs/search/?keywords=D%C3%A9veloppeur&locationId=fr%3A0'),
(49, 3, 5, 70, 'https://remixjobs.com/'),
(50, 3, 5, 76, 'https://startuponly.com/?q=developpeur&place_name=&lat=&lng=&rad=&offset=0&m='),
(51, 3, 5, 69, 'http://www.regionsjob.com/emploi/recherche?f=Informatique_dev'),
(52, 3, 5, 68, 'http://www.recrut.com/les_offres/famille_metier_id:33'),
(53, 3, 5, 60, 'https://www.monster.fr/emploi/recherche/?q=Developpeur&cy=fr&intcid=HP_HeroSearch&rad=20'),
(54, 3, 5, 50, 'http://www.jobtic.fr/en/'),
(55, 3, 5, 84, 'https://france.xpatjobs.com/search?ps=1&keyword=developpeur&city=&areas=5'),
(56, 3, 5, 35, 'https://www.hellowork.io/emplois/recherche.html?j=D%C3%A9veloppeur+informatique&j_autocomplete=Developpeur&gclid=Cj0KEQjw8tbHBRC6rLS024qYjtEBEiQA7wIDeRYL5kj2O7ns0ldrZiD3PLv7ECQ47G8yXs4BNOAw028aAqFL8P8HAQ'),
(57, 3, 5, 61, 'https://neuvoo.fr/emplois/?k=programmeur&l=&f=&p=1&r=15&duc=&v=&source=&openmap='),
(58, 3, 5, 40, 'https://www.webmarketing-com.com/emploi/jobs/find/?query=developpeur&category='),
(59, 3, 5, 59, 'https://www.meteojob.com/jobsearch/offers?what=developpeur'),
(60, 3, 5, 52, 'https://www.keljob.com/recherche?q=developpeur'),
(61, 3, 5, 67, 'https://www.qapa.fr/utilisateurs/offres-d-emploi/rechercher-une-offre-d-emploi?q=developpeur&idx=qapa_production_fr_fr_offers&p=0&location=&lat_center=&lng_center=&lat_ne=&lng_ne=&lat_sw=&lng_sw=&maximum_distance=30000&is_v=1'),
(62, 3, 2, 38, 'https://www.indeed.fr/France-Emplois-Ingenieur'),
(63, 3, 2, 43, 'http://www.jobingenieur.com/'),
(64, 3, 2, 60, 'https://www.monster.fr/emploi/recherche/?q=Ing__C3__A9nieur-&where=France'),
(65, 3, 2, 14, 'https://www.cadremploi.fr/emploi/'),
(66, 3, 2, 62, 'https://www.optioncarriere.com/recherche/emplois?s=ing%C3%A9nieur'),
(67, 3, 2, 78, 'https://emploi.techniques-ingenieur.fr/offres/search.do?poste=ing%C3%A9nieur&pays=&salaire=&region=&secteur=&contrat=&search_job_submit.x=0&search_job_submit.y=0&search_job_submit=Rechercher'),
(68, 3, 2, 56, 'https://www.lesjeudis.com/recherche?q=ingenieur&loc='),
(69, 3, 2, 69, 'https://www.regionsjob.com/offre/chef-de-projet-informatique'),
(70, 3, 2, 13, 'https://www.beepjob.com/ad/search?motscles=ing%C3%A9nieur&orderDefault=1&orderBy=pertinence&depuis='),
(71, 3, 2, 53, 'https://www.gazettelabo.fr/PA/pa3.php?choix=offreemploi&type=ingenieur'),
(72, 3, 2, 32, 'https://www.glassdoor.fr/Emploi/france-engineering-emplois-SRCH_IL.0,6_IN86_KE7,18.htm?radius=18'),
(73, 3, 2, 79, 'https://www.totaljobs.com/jobs/engineering/in-france'),
(74, 3, 1, 48, 'http://www.jobsmart.fr/jobs?w=ingenieur&l='),
(75, 3, 1, 57, 'https://www.linkedin.com/jobs/search/?keywords=ingenieur&location=&locationId=fr%3A0'),
(76, 3, 2, 84, 'https://france.xpatjobs.com/search?ps=1&keyword=ing%C3%A9nieur&city=&areas=5'),
(77, 3, 2, 36, 'https://jobs-eu.hudson.com/en-fr/technical-and-engineering-jobs/'),
(78, 3, 2, 5, 'https://www.accenture.com/fr-fr/careers/jobsearch?jk=ing%C3%A9nieur'),
(79, 3, 2, 82, 'http://fr.viadeo.com/fr/jobs/offresdemploi/?country=fr&keywords=ingenieur '),
(80, 3, 2, 27, 'http://www.emploi-montagne.com/?s=Ing%C3%A9nieur'),
(81, 3, 2, 80, 'https://emploi.trovit.fr/index.php/cod.search_jobs/what_d.ing%C3%A9nieur/sug.0/isUserSearch.1'),
(82, 3, 2, 49, 'https://www.jobtech.fr/offre-emploi.html?offset=0&reloadedSearch=1'),
(83, 3, 2, 7, 'http://www.aeroemploiformation.com/'),
(84, 3, 2, 17, 'https://www.carriere-industrie.com/candidatOffre/search/mot_cle/ing%C3%A9nieur'),
(85, 3, 2, 61, 'https://neuvoo.fr/emplois/?k=ing%C3%A9nieur&l=&f=&p=1&r=15&duc=&v=&source=&openmap='),
(86, 3, 2, 80, 'https://emploi.trovit.fr/index.php/cod.search_jobs/type.0/what_d.ing%C3%A9nieur/sug.0/isUserSearch.1/origin.1'),
(87, 3, 2, 59, 'https://www.meteojob.com/jobsearch/offers?what=ing%C3%A9nieur'),
(88, 3, 2, 52, 'https://www.keljob.com/recherche?q=ing%C3%A9nieur'),
(89, 3, 2, 35, 'https://www.hellowork.io/emplois/recherche.html?j=ing%C3%A9nieur&j_autocomplete=&l=&l_autocomplete='),
(90, 3, 2, 62, 'https://www.optioncarriere.com/recherche/emplois?s=ing%C3%A9nieur&l=France'),
(91, 3, 2, 67, 'https://www.qapa.fr/utilisateurs/offres-d-emploi/rechercher-une-offre-d-emploi?q=ing%C3%A9nieur&idx=qapa_production_fr_fr_offers&p=0&location=&lat_center=&lng_center=&lat_ne=&lng_ne=&lat_sw=&lng_sw=&maximum_distance=30000&is_v=1'),
(92, 3, 4, 36, 'https://jobs-eu.hudson.com/en-fr/'),
(93, 3, 4, 14, 'https://www.cadremploi.fr/emploi/liste_offres?fct=30500'),
(94, 3, 4, 57, 'https://www.linkedin.com/jobs/search/?country=fr&keywords=marketing&location=France&locationId=fr%3A0'),
(95, 3, 4, 79, 'https://www.totaljobs.com/jobs/marketing/in-france'),
(96, 3, 4, 32, 'https://www.glassdoor.fr/Emploi/france-marketing-emplois-SRCH_IL.0,6_IN86_KO7,16.htm?radius=18'),
(97, 3, 4, 74, 'https://www.sportyjob.com/fr/emplois-sport/?fwp_keyword_search=marketing'),
(98, 3, 4, 11, 'https://azertyjobs.com/'),
(99, 3, 4, 76, 'https://startuponly.com/'),
(100, 3, 4, 61, 'https://neuvoo.fr/services/direct-jobs/direct-jobs-page-a.php?l=Paris&k=marketing'),
(101, 3, 4, 38, 'https://www.indeed.fr/Emplois-Marketing'),
(102, 3, 4, 52, 'https://www.keljob.com/recherche?q=marketing&xtor=SEC-70&gclid=CjwKEAiArvTFBRCLq5-7-MSJ0jMSJABHBvp0gG6b7sfpMFg4NpdI9C43tJZh6oaCYDbe26pMCJYX_BoCCTnw_wcB'),
(103, 3, 4, 60, 'https://www.monster.fr/emploi/recherche/?q=Marketing-'),
(104, 3, 4, 45, 'https://www.jobmarketingvente.com/toutes-les-offres-d-emploi.html'),
(105, 3, 4, 77, 'https://www.stepstone.fr/5/offre-emploi.html'),
(106, 3, 4, 39, 'https://www.iquesta.com/offer/result'),
(107, 3, 4, 46, 'http://fr.jobrapido.com/?w=marketing'),
(108, 3, 4, 5, 'https://www.accenture.com/fr-fr/careers/jobsearch?jk=marketing'),
(109, 3, 4, 68, 'http://www.recrut.com/les_offres/categorie:communication_marketing'),
(110, 3, 4, 69, 'https://www.regionsjob.com/emploi/recherche?f=Marketing_com_graphisme'),
(111, 3, 4, 13, 'https://www.beepjob.com/emploi-secteur/marketing;49'),
(112, 3, 4, 27, 'http://www.emploi-montagne.com/?s=&filter%5Bfonction%5D%5B%5D=6'),
(113, 3, 4, 33, 'https://www.globalsportsjobs.fr/offres/marketing-and-communication/'),
(114, 3, 4, 72, 'http://www.sportcarriere.com/jobs'),
(115, 3, 4, 73, 'http://www.sportstrategies.com/sportrh/recherche/?recherche=marketing&ok.x=0&ok.y=0'),
(116, 3, 4, 71, 'https://www.roberthalf.fr/jobs/marketing'),
(117, 3, 4, 42, 'https://www.jobenstock.fr/recherche/jobs?query=marketing'),
(118, 3, 4, 80, 'https://emploi.trovit.fr/index.php/cod.search_jobs/type.0/what_d.marketing/sug.0/isUserSearch.1/origin.1'),
(119, 3, 4, 48, 'http://www.jobsmart.fr/jobs?w=marketing&l='),
(120, 3, 4, 64, 'http://emploi.outdoorsportsvalley.org/offres.aspx'),
(121, 3, 4, 40, 'https://www.webmarketing-com.com/emploi/?gclid=Cj0KCQjw1a3KBRCYARIsABNRnxvuyGdBPWKpLqkjgRRv-8PUI6Foi_c28yhXlSDGx6g4FWSvLsfLo4caAtGfEALw_wcB'),
(122, 3, 4, 59, 'https://www.meteojob.com/jobsearch/offers?what=marketing'),
(123, 3, 4, 35, 'https://www.hellowork.io/emplois/recherche.html?j=marketing&j_autocomplete=&l=&l_autocomplete='),
(124, 3, 4, 67, 'https://www.qapa.fr/utilisateurs/offres-d-emploi/rechercher-une-offre-d-emploi?q=marketing&idx=qapa_production_fr_fr_offers&p=0&location=&lat_center=&lng_center=&lat_ne=&lng_ne=&lat_sw=&lng_sw=&maximum_distance=30000&is_v=1'),
(125, 3, 6, 55, 'https://emploi-btp.lemoniteur.fr/offre-emploi/offre-emploi-architecte-h-f-om-344'),
(126, 3, 6, 38, 'https://www.indeed.fr/Emplois-Architecte'),
(127, 3, 6, 60, 'https://www.monster.fr/emploi/recherche/?q=Architecture'),
(128, 3, 6, 14, 'https://www.cadremploi.fr/emploi/emploi-architecte.shtml'),
(130, 3, 6, 12, 'https://www.batiactuemploi.com/offre-emploi-BTP/metier/architecte'),
(131, 3, 6, 65, 'https://candidat.pole-emploi.fr/offres/recherche?appellationV3=11110&offresPartenaires=true&rayon=10&tri=0'),
(132, 3, 6, 31, 'http://www.fnau.org/fr/emplois/'),
(133, 3, 6, 61, 'https://neuvoo.fr/emplois/?k=Architecte&l=&f=&p=1&r=15&duc=&v=&source=&openmap='),
(134, 3, 6, 44, 'http://www.jobintree.com/emploi/architecte'),
(135, 3, 6, 32, 'https://www.glassdoor.fr/Emploi/architecte-emplois-SRCH_KO0,10.htm?radius=18'),
(136, 3, 6, 67, 'https://www.qapa.fr/utilisateurs/offres-d-emploi/rechercher-une-offre-d-emploi?q=marketing&idx=qapa_production_fr_fr_offers&p=0&location=&lat_center=&lng_center=&lat_ne=&lng_ne=&lat_sw=&lng_sw=&maximum_distance=30000&is_v=1'),
(137, 3, 6, 28, 'https://www.emploi-pro.fr/offre-emploi?p=34&__posted=1&page=1&label=architecture&id_ref_localisation%5B%5D=Array&id_ref_localisation_label=&submitStartSearch='),
(138, 3, 6, 84, 'https://france.xpatjobs.com/search?ps=1&keyword=architecte&city=&areas=5'),
(139, 3, 6, 10, 'https://archibat.com/fr/offres-demploi?keyword=&locations%5B%5D=1&experienceLevel=&search=&domain=10023'),
(140, 3, 6, 63, 'https://www.architectes.org/recherche-annonce'),
(141, 3, 6, 46, 'http://fr.jobrapido.com/?w=architecte'),
(142, 3, 6, 52, 'https://www.keljob.com/recherche?q=architecte'),
(143, 3, 6, 57, 'https://www.linkedin.com/jobs/search/?country=fr&keywords=Architecte&location=France&locationId=fr%3A0'),
(144, 3, 6, 82, 'https://fr.viadeo.com/fr/jobs/search?keywords=architecte&location=&page=1&address=&noAddress=false&'),
(145, 3, 6, 59, 'https://www.meteojob.com/jobsearch/offers?what=architecte'),
(146, 3, 6, 35, 'https://www.hellowork.io/emplois/recherche.html?j=marketing&j_autocomplete=&l=&l_autocomplete='),
(147, 3, 6, 62, 'https://www.optioncarriere.com/recherche/emplois?s=architecte&l=France'),
(148, 3, 3, 74, 'https://www.sportyjob.com/fr/emplois-sport/?fwp_keyword_search=finance'),
(149, 3, 3, 84, 'https://france.xpatjobs.com/search?ps=1&keyword=Finance&city=&areas=5'),
(150, 3, 3, 83, 'https://www.vitijob.com/index.php?action=&mode=liste_offre&poste=finance&radio_date=4&pfbc-token0=2d06116fc063d30215824add0c069e5e&pfbc-token1=e5e960c0dda42851203d360cf61160d2&pfbc-token2='),
(151, 3, 3, 64, 'http://emploi.outdoorsportsvalley.org/offres.aspx#annonce'),
(152, 3, 3, 38, 'https://www.indeed.fr/Emplois-finance'),
(153, 3, 3, 60, 'https://www.monster.fr/emploi/recherche/?q=finance'),
(154, 3, 3, 80, 'https://emploi.trovit.fr/index.php/cod.search_adwords_jobs/ppc_landing_type.2/type.0/what_d.finance/sug.0/tracking./isUserSearch.1/origin.11'),
(155, 3, 3, 59, 'https://www.meteojob.com/jobsearch/offers?what=finance'),
(156, 3, 3, 65, 'https://candidat.pole-emploi.fr/offres/recherche?motsCles=finance&offresPartenaires=true&rayon=10&tri=0'),
(157, 3, 3, 61, 'https://neuvoo.fr/emplois/?k=finance&l=&f=&p=1&r=15&duc=&v=&source=&openmap='),
(158, 3, 3, 44, 'http://www.jobintree.com/emploi/finance'),
(159, 3, 3, 46, 'http://fr.jobrapido.com/?w=finance'),
(160, 3, 3, 52, 'https://www.keljob.com/recherche?q=finance'),
(161, 3, 3, 82, 'https://fr.viadeo.com/fr/jobs/search?keywords=finance&location=&page=1&address=&noAddress=false&'),
(162, 3, 3, 57, 'https://www.linkedin.com/jobs/search/?country=fr&keywords=Finance&location=France&locationId=fr%3A0'),
(163, 3, 3, 69, 'https://www.regionsjob.com/emploi/recherche?f=Compta_gestion_finance_audit'),
(164, 3, 3, 13, 'https://www.beepjob.com/emploi-secteur/finance;35?orderDefault=1&orderBy=pertinence'),
(165, 3, 3, 9, 'https://cadres.apec.fr/home/mes-offres/recherche-des-offres-demploi/liste-des-offres-demploi.html?sortsType=SCORE&sortsDirection=DESCENDING&nbParPage=20&typeAffichage=detaille&page=0&distance=0&motsCles=finance'),
(166, 3, 3, 48, 'http://www.jobsmart.fr/jobs?w=finance&l='),
(167, 3, 3, 40, 'https://www.webmarketing-com.com/emploi/jobs/find/?query=finance&category='),
(168, 3, 3, 73, 'http://www.sportstrategies.com/sportrh/recherche/?recherche=finance&ok.x=0&ok.y=0'),
(169, 3, 3, 14, 'https://www.cadremploi.fr/emploi/liste_offres'),
(170, 3, 3, 32, 'https://www.glassdoor.fr/Emploi/france-finance-emplois-SRCH_IL.0,6_IN86_KE7,14.htm'),
(171, 3, 3, 67, 'https://www.qapa.fr/utilisateurs/offres-d-emploi/rechercher-une-offre-d-emploi?q=finance&idx=qapa_production_fr_fr_offers&p=0&location=&lat_center=&lng_center=&lat_ne=&lng_ne=&lat_sw=&lng_sw=&maximum_distance=30000&is_v=1'),
(172, 3, 3, 35, 'https://www.hellowork.io/emplois/recherche.html?j=finance&j_autocomplete=&l=&l_autocomplete='),
(173, 3, 3, 22, 'https://www.dogfinance.com/fr/offres/emploi/'),
(174, 3, 3, 6, 'https://www.admincompta.fr/offre-emploi.html?offset=0&reloadedSearch=1'),
(175, 3, 3, 26, 'https://www.efinancialcareers.fr/'),
(176, 3, 3, 58, 'http://www.linkfinance.fr/emploi/recherche'),
(177, 3, 3, 16, 'http://www.cadresonline.com/emploi/fonction-finance+comptabilite+audit-70000000'),
(178, 3, 3, 30, 'http://fr.fashionjobs.com/s/?metier=&auto=0&msId=&categories=10&regions=&keyword='),
(179, 3, 3, 62, 'https://www.optioncarriere.com/recherche/emplois?s=finance&l=France'),
(180, 3, 6, 9, 'https://cadres.apec.fr/liste-offres-emploi-cadres/8_____________offre-d-emploi.html?sortsType=SCORE&sortsDirection=DESCENDING&nbParPage=20&typeAffichage=detaille&page=0&distance=0&motsCles=Architecte'),
(181, 3, 4, 9, 'https://cadres.apec.fr/home/mes-offres/recherche-des-offres-demploi/liste-des-offres-demploi.html?motsCles=marketing&sortsType=SCORE&sortsDirection=DESCENDING'),
(182, 3, 5, 82, 'https://fr.viadeo.com/fr/jobs/search?keywords=developpeur'),
(183, 3, 5, 65, 'https://candidat.pole-emploi.fr/offres/recherche?motsCles=developpeur'),
(184, 3, 5, 23, 'http://software.jobs/jobs/?q=developer&location=France'),
(185, 3, 5, 21, 'https://emploi.developpez.com/'),
(186, 7, 1, 38, 'https://it.indeed.com/offerte-lavoro?q=Designer&l=in+italia'),
(187, 7, 1, 85, 'http://www.subito.it/annunci-italia/vendita/offerte-lavoro/?q=designer'),
(188, 7, 1, 51, 'https://it.jooble.org/lavoro-designer'),
(189, 7, 1, 86, 'https://www.infojobs.it/jobsearch/search-results/list.xhtml'),
(190, 7, 1, 60, 'https://www.monster.it/lavoro/cerca/?q=designer'),
(191, 7, 1, 57, 'https://www.linkedin.com/jobs/search/?keywords=designer&location=Italie&locationId=it%3A0'),
(192, 7, 1, 87, 'http://www.bakeca.it/annunci/offerte-di-lavoro/?keyword=designer'),
(193, 7, 1, 88, 'http://it.jobrapido.com/?w=designer&l=italia&r=auto'),
(194, 7, 1, 89, 'https://www.jobgratis.com/offerte-lavoro/grafica_e_design/design-s-0-0-307-1.html'),
(195, 7, 1, 90, 'http://www.careerjet.it/cerca/lavoro?s=designer&l=Italia'),
(196, 7, 1, 30, 'http://it.fashionjobs.com/s/?metier=&auto=0&msId=&categories=1&regions=&keyword='),
(197, 7, 1, 91, 'http://www.kijiji.it/offerte-di-lavoro/offerta/designer/?entryPoint=sb'),
(198, 7, 1, 92, 'http://lavoro.wickedin.it/annunci/search.php?qu=Designer&w=&promo=1&all=1'),
(199, 7, 1, 93, 'http://www.jobisjob.it/search?directUserSearch=true&whatInSearchBox=designer&whereInSearchBox='),
(200, 7, 1, 94, 'http://www.media-match.com/it/jobsboard.php#jtg=318&q=designer'),
(201, 7, 1, 95, 'http://www.italiajobs.it/offerte-lavoro/?q=Designer&l='),
(202, 7, 1, 96, 'https://crebs.it/?query=designer'),
(203, 7, 1, 97, 'http://www.bancalavoro.it/index.php?keyword=designer&city='),
(204, 7, 1, 98, 'https://www.jolavoro.it/offerte_lavoro.php?cosa=designer&provincia=&categoria='),
(205, 7, 1, 99, 'http://www.lavoricreativi.com/cerca/quick_results.php'),
(206, 7, 1, 100, 'http://www.simplyhired.it/search?q=designer+&l='),
(207, 7, 1, 101, 'http://www.gigroup.it/offerte-lavoro/?offerta=designer&dove='),
(208, 7, 1, 102, 'https://www.jobijoba.it/query/?what=Designer&where=&where_type='),
(209, 7, 1, 19, 'http://www.designanddesign.com/jobs.php?cat=&offer=&keyword=&country=83'),
(210, 7, 2, 38, 'https://it.indeed.com/offerte-lavoro?q=sviluppatore&l=in+italia'),
(211, 7, 2, 85, 'http://www.subito.it/annunci-italia/vendita/offerte-lavoro/?q=sviluppatore'),
(212, 7, 2, 51, 'https://it.jooble.org/lavoro-sviluppatore'),
(213, 7, 2, 86, 'https://www.infojobs.it/jobsearch/search-results/list.xhtml'),
(214, 7, 2, 60, 'https://www.monster.it/lavoro/cerca/?q=sviluppatore'),
(215, 7, 2, 57, 'https://www.linkedin.com/jobs/search/?keywords=sviluppatore&location=Italie&locationId=it%3A0'),
(216, 7, 2, 87, 'http://www.bakeca.it/annunci/offerte-di-lavoro/?keyword=sviluppatore'),
(217, 7, 2, 88, 'http://it.jobrapido.com/?w=sviluppatore&l=italia&r=auto'),
(218, 7, 2, 89, 'https://www.jobgratis.com/offerte-lavoro/settore_it/sviluppatore-s-0-0-315-1.html'),
(219, 7, 2, 90, 'http://www.careerjet.it/cerca/lavoro?s=sviluppatore&l=Italia'),
(220, 7, 2, 30, 'http://it.fashionjobs.com/s/?categories%5B%5D=17&metier%5B17%5D%5B%5D=249&metier%5B17%5D%5B%5D=118&metier%5B17%5D%5B%5D=248&metier%5B17%5D%5B%5D=247&metier%5B17%5D%5B%5D=177&metier%5B17%5D%5B%5D=164&soc=&keyword='),
(221, 7, 2, 91, 'http://www.kijiji.it/offerte-di-lavoro/offerta/sviluppatore/?entryPoint=sb'),
(222, 7, 2, 112, 'http://www.lavorareincantiere.com/ricerca/?p=sviluppatore&l=Italia%2FEstero'),
(223, 7, 2, 92, 'http://lavoro.wickedin.it/annunci/search.php?qu=sviluppatore&w=&promo=1&all=1'),
(224, 7, 2, 93, 'http://www.jobisjob.it/search?directUserSearch=true&whatInSearchBox=sviluppatore&whereInSearchBox='),
(225, 7, 2, 103, 'https://lavoro.corriere.it/jobs/default.aspx?Body=sviluppatore'),
(226, 7, 2, 96, 'https://crebs.it/?query=developer'),
(227, 7, 2, 97, 'http://www.bancalavoro.it/index.php?keyword=sviluppatore&city='),
(228, 7, 2, 104, 'https://it.euspert.com/bin/search.php?keywords=sviluppatore&place='),
(229, 7, 2, 98, 'https://www.jolavoro.it/offerte_lavoro.php?cosa=sviluppatore&provincia=&categoria='),
(230, 7, 2, 99, 'http://www.lavoricreativi.com/cerca/quick_results.php'),
(231, 7, 2, 100, 'http://www.simplyhired.it/search?q=sviluppatore&l='),
(232, 7, 2, 101, 'http://www.gigroup.it/offerte-lavoro/?offerta=sviluppatore&dove='),
(233, 7, 2, 105, 'http://www.iprogrammatori.it/lavoro/s/sviluppatore'),
(234, 7, 2, 106, 'http://www.informaticalavoro.it/ricerca.asp?q=sviluppatore&pr=&sa=Cerca'),
(235, 7, 2, 107, 'http://www.injob.com/it/it/offerte-di-lavoro/area/it?job_count=12'),
(236, 7, 2, 102, 'https://www.jobijoba.it/query/?what=Sviluppatore+&where=&where_type='),
(237, 7, 2, 107, 'https://www.jobnetwork.it/cerco-lavoro/informatica/'),
(238, 7, 2, 109, 'https://www.extrajob.it/annunci-lavoro/pagina-1/tutte-le-citta/tutte-le-categorie/tutte-le-aziende/sviluppatore'),
(239, 7, 2, 15, 'https://italy.xpatjobs.com/search?ps=1&keyword=sviluppatore&city=&areas=13'),
(240, 7, 2, 110, 'https://www.springitaly.com/it-it/trova-lavoro/job-results/?k=&l=&display=5'),
(241, 7, 2, 111, 'https://www.helplavoro.it/ricerca/sviluppatore/ovunque.html'),
(242, 7, 3, 38, 'https://it.indeed.com/offerte-lavoro?q=ingegnere&l=in+italia'),
(243, 7, 3, 85, 'http://www.subito.it/annunci-italia/vendita/offerte-lavoro/?q=Ingegnere'),
(244, 7, 3, 51, 'https://it.jooble.org/lavoro-ingegnere'),
(245, 7, 3, 86, 'https://www.infojobs.it/jobsearch/search-results/list.xhtml'),
(246, 7, 3, 60, 'https://www.monster.it/lavoro/cerca/?q=Ingegnere'),
(247, 7, 3, 57, 'https://www.linkedin.com/jobs/search/?keywords=ingegnere&location=Italie&locationId=it%3A0'),
(248, 7, 3, 87, 'http://www.bakeca.it/annunci/offerte-di-lavoro/?keyword=ingegnere'),
(249, 7, 3, 88, 'http://it.jobrapido.com/?w=ingegnere&l=italia&r=auto'),
(250, 7, 3, 89, 'https://www.jobgratis.com/offerte-lavoro/ingegneria/ingegnere-s-0-0-309-1.html'),
(251, 7, 3, 90, 'http://www.careerjet.it/cerca/lavoro?s=ingegnere&l=Italia'),
(252, 7, 3, 91, 'http://www.kijiji.it/offerte-di-lavoro/offerta/ingegnere/?entryPoint=sb'),
(253, 7, 3, 112, 'http://www.lavorareincantiere.com/annunci/ingegnere/'),
(254, 7, 3, 92, 'rch.php?qu=ingegnere&w=&promo=1&all=1'),
(255, 7, 3, 93, 'http://www.jobisjob.it/search?directUserSearch=true&whatInSearchBox=ingegnere&whereInSearchBox='),
(256, 7, 3, 103, 'https://lavoro.corriere.it/jobs/default.aspx?Body=ingegnere'),
(257, 7, 3, 97, 'http://www.bancalavoro.it/index.php?keyword=ingegnere&city='),
(258, 7, 3, 104, 'https://it.euspert.com/bin/search.php?keywords=ingegnere&place='),
(259, 7, 3, 98, 'https://www.jolavoro.it/offerte_lavoro.php?cosa=ingegnere&provincia=&categoria='),
(260, 7, 3, 100, 'http://www.simplyhired.it/search?q=ingegnere&l='),
(261, 7, 3, 101, 'http://www.gigroup.it/offerte-lavoro/?offerta=ingegnere&dove='),
(262, 7, 3, 107, 'http://www.injob.com/it/it/offerte-di-lavoro/area/engineering?job_count=12'),
(263, 7, 3, 102, 'https://www.jobijoba.it/query/?what=ingegnere&where=&where_type=&period=30_days'),
(264, 7, 3, 109, 'http://www.extrajob.it/offertelavoro/risultato.html'),
(265, 7, 3, 15, 'https://italy.xpatjobs.com/search?ps=1&keyword=INGEGNERE&city=&areas=13'),
(266, 7, 3, 113, 'https://www.jobsoul.it/SoulWeb/ricercaOpportunitaLavorativa.action?ricercaLibera=&sedeLavoro=&areaProfessionale=22000000'),
(267, 7, 3, 114, 'http://www.ingegneri.vr.it/job_opportunities'),
(268, 7, 3, 115, 'https://www.badenochandclark.it/candidati/opportunita-di-lavoro?k=ingegnere&l=&display=5'),
(269, 7, 3, 110, 'https://www.springitaly.com/it-it/trova-lavoro/job-results/?k=&l=&display=5'),
(270, 7, 3, 111, 'https://www.helplavoro.it/ricerca/INGEGNERE/ovunque.html'),
(271, 7, 4, 38, 'https://it.indeed.com/offerte-lavoro?q=marketing&l=in+italia'),
(272, 7, 4, 51, 'https://it.jooble.org/lavoro-marketing'),
(273, 7, 4, 86, 'https://www.infojobs.it/jobsearch/search-results/list.xhtml'),
(274, 7, 4, 60, 'https://www.monster.it/lavoro/cerca/?q=marketing'),
(275, 7, 4, 57, 'https://www.linkedin.com/jobs/search/?keywords=marketing&location=Italie&locationId=it%3A0'),
(276, 7, 4, 87, 'http://www.bakeca.it/annunci/offerte-di-lavoro/?keyword=marketing'),
(277, 7, 4, 88, 'http://it.jobrapido.com/?w=marketing&l=italia&r=auto'),
(278, 7, 4, 89, 'https://www.jobgratis.com/offerte-lavoro/marketing_e_comunicazione/marketing-s-0-0-312-1.html'),
(279, 7, 4, 90, 'http://www.careerjet.it/cerca/lavoro?s=marketing&l=Italia'),
(280, 7, 4, 30, 'http://it.fashionjobs.com/s/?metier%5B6%5D%5B%5D=95&metier%5B6%5D%5B%5D=94&metier%5B6%5D%5B%5D=88&metier%5B6%5D%5B%5D=93&metier%5B6%5D%5B%5D=249&metier%5B6%5D%5B%5D=236&metier%5B6%5D%5B%5D=258&soc=&keyword='),
(281, 7, 4, 116, 'http://www.pambiancojobs.com/offerte-di-lavoro/annunci-area-marketing-comunicazione'),
(282, 7, 4, 91, 'http://www.kijiji.it/offerte-di-lavoro/offerta/marketing/?entryPoint=sb'),
(283, 7, 4, 112, 'http://www.lavorareincantiere.com/ricerca/?p=marketing&l=Italia%2FEstero'),
(284, 7, 4, 92, 'http://lavoro.wickedin.it/annunci/search.php?qu=marketing&w=&promo=1&all=1'),
(285, 7, 4, 93, 'http://www.jobisjob.it/search?directUserSearch=true&whatInSearchBox=marketing&whereInSearchBox='),
(286, 7, 4, 94, 'http://www.media-match.com/it/jobsboard.php#jtg=321'),
(287, 7, 4, 103, 'https://lavoro.corriere.it/jobs/default.aspx?Body=marketing'),
(288, 7, 4, 104, 'https://it.euspert.com/bin/search.php?keywords=ingegnere&place='),
(289, 7, 4, 98, 'https://www.jolavoro.it/offerte_lavoro.php?cosa=marketing&provincia=&categoria='),
(290, 7, 4, 100, 'http://www.simplyhired.it/search?q=marketing&l='),
(291, 7, 4, 101, 'http://www.gigroup.it/offerte-lavoro/?offerta=marketing&dove='),
(292, 7, 4, 117, 'http://www.repubblica.it/economia/miojob/offerte/lavoro/cerca?terms=finanza&commit='),
(293, 7, 4, 107, 'http://www.injob.com/it/it/offerte-di-lavoro/area/sales-marketing?job_count=12'),
(294, 7, 4, 102, 'https://www.jobijoba.it/query/?what=marketing&where=&where_type=&period=30_days'),
(295, 7, 4, 109, 'http://www.extrajob.it/offertelavoro/risultato.html'),
(296, 7, 4, 118, 'http://candidati.openjob.it/index.php?mansione=marketing&citta=&km=10+Km&mod=adv&fcz=1&exec=advshow&cerca=1&divisione=&tipologia=&settore=&area=&return_gg=0'),
(297, 7, 4, 15, 'https://italy.xpatjobs.com/search?ps=1&keyword=marketing&city=&areas=13'),
(298, 7, 4, 110, 'https://www.springitaly.com/it-it/trova-lavoro/job-results/?k=&l=&display=5'),
(299, 7, 4, 111, 'https://www.helplavoro.it/ricerca/marketing/ovunque.html'),
(300, 7, 5, 38, 'https://it.indeed.com/offerte-lavoro?q=architetto&l=in+italia'),
(301, 7, 5, 85, 'http://www.subito.it/annunci-italia/vendita/offerte-lavoro/?q=architetto'),
(302, 7, 5, 51, 'https://it.jooble.org/lavoro-architetto'),
(303, 7, 5, 86, 'https://www.infojobs.it/jobsearch/search-results/list.xhtml'),
(304, 7, 5, 60, 'https://www.monster.it/lavoro/cerca/?q=architetto'),
(305, 7, 5, 57, 'https://www.linkedin.com/jobs/search/?keywords=architetto&location=Italie&locationId=it%3A0'),
(306, 7, 5, 87, 'http://www.bakeca.it/annunci/offerte-di-lavoro/?keyword=architetto'),
(307, 7, 5, 88, 'http://it.jobrapido.com/?w=architetto&l=italia&r=auto'),
(308, 7, 5, 89, 'https://www.jobgratis.com/offerte-lavoro/edilizia_architettura/architetto-s-0-0-305-1.html'),
(309, 7, 5, 90, 'http://www.careerjet.it/cerca/lavoro?s=architetto&l=Italia'),
(310, 7, 5, 119, 'https://www.professionearchitetto.it/lavoro/offerte/'),
(311, 7, 5, 91, 'http://www.kijiji.it/offerte-di-lavoro/offerta/architetto/?entryPoint=sb'),
(312, 7, 5, 112, 'http://www.lavorareincantiere.com/annunci/architetto/'),
(313, 7, 5, 92, 'http://lavoro.wickedin.it/annunci/search.php?qu=architetto&w=&promo=1&all=1'),
(314, 7, 5, 93, 'http://www.jobisjob.it/search?directUserSearch=true&whatInSearchBox=architetto&whereInSearchBox='),
(315, 7, 5, 98, 'https://www.jolavoro.it/offerte_lavoro.php?cosa=architetto&provincia=&categoria='),
(316, 7, 5, 100, 'http://www.simplyhired.it/search?q=architetto&l='),
(317, 7, 5, 102, 'https://www.jobijoba.it/query/?what=Architetto&where=&where_type=&period=30_days'),
(318, 7, 6, 38, 'https://it.indeed.com/offerte-lavoro?q=finanza&l=in+italia'),
(319, 7, 6, 51, 'https://it.jooble.org/lavoro-finanza'),
(320, 7, 6, 86, 'https://www.infojobs.it/jobsearch/search-results/list.xhtml'),
(321, 7, 6, 60, 'https://www.monster.it/lavoro/cerca/?q=finanza'),
(322, 7, 6, 57, 'https://www.linkedin.com/jobs/search/?keywords=finanza&location=Italie&locationId=it%3A0'),
(323, 7, 6, 87, 'http://www.bakeca.it/annunci/offerte-di-lavoro/?keyword=finanza'),
(324, 7, 6, 88, 'http://it.jobrapido.com/?w=finanza&l=italia&r=auto'),
(325, 7, 6, 89, 'https://www.jobgratis.com/offerte-lavoro/pagina/finanza-s-0-0-0-1.html'),
(326, 7, 6, 90, 'http://www.careerjet.it/cerca/lavoro?s=finanza&l=Italia'),
(327, 7, 6, 30, 'http://it.fashionjobs.com/s/?metier%5B10%5D%5B%5D=137&metier%5B10%5D%5B%5D=133&metier%5B10%5D%5B%5D=135&metier%5B10%5D%5B%5D=130&metier%5B10%5D%5B%5D=131&metier%5B10%5D%5B%5D=136&soc=&keyword='),
(328, 7, 6, 116, 'http://www.pambiancojobs.com/elenco_annunci.php?funzioneID%5B%5D=5165&sitemap=1'),
(329, 7, 6, 91, 'http://www.kijiji.it/offerte-di-lavoro/offerta/Finanza/?entryPoint=sb'),
(330, 7, 6, 112, 'http://www.lavorareincantiere.com/ricerca/?p=Finanza&l=Italia'),
(331, 7, 6, 92, 'http://lavoro.wickedin.it/annunci/search.php?qu=finanza&w=&promo=1&all=1'),
(332, 7, 6, 93, 'http://www.jobisjob.it/search?directUserSearch=true&whatInSearchBox=Finanza&whereInSearchBox='),
(333, 7, 6, 104, 'https://it.euspert.com/bin/search.php?keywords=finanza&place='),
(334, 7, 6, 98, 'https://www.jolavoro.it/offerte_lavoro.php?cosa=finanza&provincia=&categoria='),
(335, 7, 6, 100, 'http://www.simplyhired.it/search?q=finanza&l='),
(336, 7, 6, 101, 'http://www.gigroup.it/offerte-lavoro/?offerta=finanza&dove='),
(337, 7, 6, 117, 'http://www.repubblica.it/economia/miojob/offerte/lavoro/cerca?terms=finanza'),
(338, 7, 6, 107, 'http://www.injob.com/it/it/offerte-di-lavoro/area/administration-finance-legal?job_count=12'),
(339, 7, 6, 102, 'https://www.jobijoba.it/query/?what=Finanza&where=&where_type=&period=30_days'),
(340, 7, 6, 15, 'https://italy.xpatjobs.com/search?ps=1&keyword=finanza&city=&areas=13'),
(341, 10, 1, 38, 'https://www.indeed.es/ofertas?q=dise%C3%B1ador&l=espa%C3%B1a'),
(342, 10, 1, 86, 'https://www.infojobs.net/ofertas-trabajo/diseno-artes-graficas/diseno'),
(343, 10, 1, 124, 'http://www.clubdecreativos.com/bolsa-de-trabajo'),
(344, 10, 1, 30, 'http://es.fashionjobs.com/s/?categories%5B%5D=1&metier%5B1%5D%5B%5D=4&metier%5B1%5D%5B%5D=9&metier%5B1%5D%5B%5D=16&metier%5B1%5D%5B%5D=24&metier%5B1%5D%5B%5D=179&metier%5B1%5D%5B%5D=1&metier%5B1%5D%5B%5D=2&metier%5B1%5D%5B%5D=224&metier%5B1%5D%5B%5D=12&me'),
(345, 10, 1, 137, 'http://www.opcionempleo.com/buscar/empleos?s=dise%C3%B1ador&l=Espa%C3%B1a'),
(346, 10, 1, 80, 'https://empleo.trovit.es/index.php/cod.search_jobs/type.0/what_d.dise%C3%B1ador%20/where_d.Espa%C3%B1a/sug.0/isUserSearch.1/origin.2'),
(347, 10, 1, 134, 'http://espana.jobtonic.es/jobs/disenador/'),
(348, 10, 1, 48, 'http://www.jobsmart.es/jobs?w=dise%C3%B1ador&l='),
(349, 10, 1, 57, 'https://www.linkedin.com/jobs/search/?country=es&keywords=dise%C3%B1ador&location=Espagne&locationId=es%3A0'),
(350, 10, 1, 133, 'https://jobspotting.com/es/explore/W3sidmFsdWUiOiJjYXRlZ29yeTpkZXNpZ24iLCJkaXNwbGF5X25hbWUiOiJEaXNlw7FvIiwiaXNfc2tpbGwiOnRydWV9LHsidmFsdWUiOiJzcGFpbiIsImRpc3BsYXlfbmFtZSI6IkVzcGHDsWEiLCJpc19sb2NhdGlvbiI6dHJ1ZX1d'),
(351, 10, 1, 100, 'http://www.simplyhired.es/search?q=dise%C3%B1ador&l='),
(352, 10, 1, 102, 'https://www.jobijoba.es/query/?what=dise%C3%B1ador&where=&where_type='),
(353, 10, 1, 144, 'http://trabajamos.net/trabajo'),
(354, 10, 1, 126, 'http://www.computrabajo.es/bt-ofrlistado.htm?Bqd=&Bqd=&Bqd=&Bqd=&BqdPalabras=DIse%F1ador&x=57&y=6'),
(355, 10, 1, 145, 'http://www.trabajando.es/ofertas-trabajo-empleo/disenador/OQqn06cfTrmRw9RrvAfrNSHCrFaZA-w4nB1kTPyc3jeAjIWW5hcFgjzVZ6ONk5dZMI7SbM9nTk9xVTyTSyxAMw'),
(356, 10, 1, 139, 'https://www.primerempleo.com/?q=dise%C3%B1ador'),
(357, 10, 1, 128, 'https://www.domestika.org/es/jobs/area/1-diseno'),
(358, 10, 1, 129, 'https://fashionunited.es/ofertas-trabajo-moda/diseno-y-creativo'),
(359, 10, 1, 148, 'http://www.infoempleo.com/trabajo/area-de-empresa_internet/?q=dise%C3%B1ador'),
(360, 10, 1, 142, 'https://www.studentjob.es/ofertas?utf8=%E2%9C%93&search%5Bjob_opening_site_members_is_topjob_eq%5D=&region_name=&region_id=&job_guide_name=&search%5Bzipcode_eq%5D=&search%5Bgeo_distance_eq%5D=100&search%5Bkeywords_scope%5D=dise%C3%B1ador'),
(361, 10, 1, 147, 'https://www.unmejorempleo.es/busqueda_resultados.php'),
(362, 10, 1, 122, 'https://buscadordetrabajo.es/query/dise%C3%B1ador'),
(363, 10, 1, 46, 'http://es.jobrapido.com/?w=dise%C3%B1ador&l=espa%C3%B1a&r=auto'),
(364, 10, 1, 132, 'http://es.jobomas.com/Trabajo-de-disenador'),
(365, 10, 1, 131, 'http://www.insertia.net/empleo/buscartodos.php?sel_c=dise%C3%B1ador&sel_b='),
(366, 10, 1, 51, 'https://es.jooble.org/trabajo-dise%C3%B1ador'),
(367, 10, 1, 15, 'https://spain.xpatjobs.com/search?ps=1&keyword=dise%C3%B1ador&city=&areas=11'),
(368, 10, 2, 128, 'https://www.domestika.org/es/jobs/area/57-desarrollo-web'),
(369, 10, 2, 60, 'https://www.monster.es/trabajo/buscar/?q=programador'),
(370, 10, 2, 142, 'https://www.studentjob.es/ofertas?utf8=%E2%9C%93&search%5Bjob_opening_site_members_is_topjob_eq%5D=&region_name=&region_id=&job_guide_name=&search%5Bzipcode_eq%5D=&search%5Bgeo_distance_eq%5D=100&search%5Bkeywords_scope%5D=programador'),
(371, 10, 2, 147, 'https://www.unmejorempleo.es/busqueda_resultados.php'),
(372, 10, 2, 146, 'http://www.emplea.universia.es/buscar-trabajo/?palabra=programador&ciudad=0'),
(373, 10, 2, 57, 'https://www.linkedin.com/jobs/search/?country=es&keywords=Programador&location=Espagne&locationId=es%3A0'),
(374, 10, 2, 122, 'https://buscadordetrabajo.es/query/programador'),
(375, 10, 2, 38, 'https://www.indeed.es/ofertas?q=programador&l=espa%C3%B1a'),
(376, 10, 2, 46, 'http://es.jobrapido.com/?w=programador&l=espa%C3%B1a&r=auto'),
(377, 10, 2, 132, 'http://es.jobomas.com/Trabajo-de-programador'),
(378, 10, 2, 48, 'http://www.jobsmart.es/jobs?w=Programador&l='),
(379, 10, 2, 148, 'http://www.infoempleo.com/trabajo/?q=programador'),
(380, 10, 2, 131, 'http://www.insertia.net/empleo/buscartodos.php?sel_c=programador&sel_b='),
(381, 10, 2, 134, 'http://espana.jobtonic.es/jobs/programador/'),
(382, 10, 2, 51, 'https://es.jooble.org/trabajo-programador'),
(384, 10, 2, 137, 'http://www.opcionempleo.com/buscar/empleos?s=programador&l=Espa%C3%B1a'),
(385, 10, 2, 80, 'https://empleo.trovit.es/index.php/cod.search_jobs/type.0/what_d.programador/sug.0/isUserSearch.1/origin.2'),
(386, 10, 2, 144, 'http://trabajamos.net/trabajo'),
(387, 10, 2, 126, 'http://www.computrabajo.es/bt-ofrlistado.htm?Bqd=&Bqd=&Bqd=&Bqd=&BqdPalabras=programador&x=0&y=0'),
(388, 10, 2, 132, 'http://es.jobomas.com/Trabajo-de-programador'),
(389, 10, 2, 138, 'http://www.portalparados.es/empleo/'),
(390, 10, 2, 141, 'http://www.quieroempleo.com/web/offers/SearchOffers.aspx?key=marketing'),
(391, 10, 2, 143, 'https://www.tecnoempleo.com'),
(392, 10, 2, 15, 'https://spain.xpatjobs.com/search?ps=1&keyword=desarrollador&city=&areas=11'),
(393, 10, 3, 142, 'https://www.studentjob.es/ofertas?utf8=%E2%9C%93&region_name=&job_guide_name=&search%5Bzipcode_eq%5D=&search%5Bkeywords_scope%5D=&search%5Bfunctions%5D%5Bid%5D%5B%5D=7'),
(394, 10, 3, 147, 'https://www.unmejorempleo.es/busqueda_resultados.php'),
(395, 10, 3, 57, 'https://www.linkedin.com/jobs/search/?keywords=ingeniero&location=Espagne&locationId=es%3A0'),
(396, 10, 3, 122, 'https://buscadordetrabajo.es/query/Ingeniero'),
(397, 10, 3, 38, 'https://www.indeed.es/ofertas?q=Ingeniero&l=espa%C3%B1a'),
(398, 10, 3, 46, 'http://es.jobrapido.com/?w=ingeniero&l=espa%C3%B1a&r=auto'),
(399, 10, 3, 132, 'http://es.jobomas.com/Trabajo-de-ingeniero'),
(400, 10, 3, 48, 'http://www.jobsmart.es/jobs?w=Ingeniero&l='),
(401, 10, 3, 148, 'http://www.infoempleo.com/trabajo/?q=Ingeniero'),
(402, 10, 3, 131, 'http://www.insertia.net/empleo/buscartodos.php?sel_c=Ingeniero&sel_b='),
(403, 10, 3, 134, 'http://espana.jobtonic.es/jobs/ingeniero/'),
(404, 10, 3, 51, 'https://es.jooble.org/trabajo-ingeniero'),
(406, 10, 3, 140, 'http://www.proempleoingenieros.es/bolsa_trabajo.aspx#.WMl5F3Q1-Rs'),
(407, 10, 3, 130, 'http://www.ingenieros.es/bolsa_de_trabajo/buscar'),
(408, 10, 3, 135, 'http://www.laboris.net/ofertas-de-trabajo-de-ingenierio.htm'),
(410, 10, 3, 126, 'http://www.computrabajo.es/bt-ofrlistado.htm?Bqd=&Bqd=&Bqd=&Bqd=&BqdPalabras=programador&x=0&y=0'),
(411, 10, 3, 132, 'http://es.jobomas.com/Trabajo-de-ingeniero'),
(412, 10, 3, 138, 'http://www.portalparados.es/empleo/'),
(414, 10, 3, 121, 'http://aquihaytrabajo.rtve.es/buscar-trabajo-empleo/?palabra=ingeniero&ciudad=0'),
(415, 10, 3, 15, 'https://spain.xpatjobs.com/search?ps=1&keyword=ingeniero&city=&areas=11'),
(416, 10, 4, 136, 'https://www.linkmyjob.com/'),
(417, 10, 4, 128, 'https://www.domestika.org/es/jobs/area/44-marketing'),
(418, 10, 4, 129, 'https://fashionunited.es/ofertas-trabajo-moda/ventas-y-marketing'),
(419, 10, 4, 60, 'https://www.monster.es/trabajo/buscar/?q=marketing'),
(420, 10, 4, 142, 'https://www.studentjob.es/ofertas?utf8=%E2%9C%93&search%5Bjob_opening_site_members_is_topjob_eq%5D=&region_name=&region_id=&job_guide_name=&search%5Bzipcode_eq%5D=&search%5Bgeo_distance_eq%5D=100&search%5Bkeywords_scope%5D=marketing'),
(421, 10, 4, 146, 'http://www.emplea.universia.es/buscar-trabajo/?palabra=marketing&ciudad=0'),
(422, 10, 4, 57, 'https://www.linkedin.com/jobs/search/?country=es&keywords=marketing&location=Espagne&locationId=es%3A0'),
(423, 10, 4, 122, 'https://buscadordetrabajo.es/query/marketing'),
(424, 10, 4, 38, 'https://www.indeed.es/ofertas?q=Marketing&l=espa%C3%B1a'),
(425, 10, 4, 46, 'http://es.jobrapido.com/?w=marketing&l=espa%C3%B1a&r=auto'),
(426, 10, 4, 132, 'http://es.jobomas.com/Trabajo-de-marketing'),
(427, 10, 4, 48, 'http://www.jobsmart.es/jobs?w=marketing&l='),
(428, 10, 4, 148, 'http://www.infoempleo.com/trabajo/?q=marketing'),
(429, 10, 4, 51, 'https://es.jooble.org/trabajo-marketing'),
(431, 10, 4, 133, 'https://jobspotting.com/es/explore/W3sidmFsdWUiOiJzcGFpbiIsImRpc3BsYXlfbmFtZSI6IkVzcGHDsWEiLCJpc19sb2NhdGlvbiI6dHJ1ZX0seyJ2YWx1ZSI6InNlY3Rvci1zZXJ2aWNlLW1hcmtldGluZyIsImRpc3BsYXlfbmFtZSI6Ik1hcmtldGluZyIsImlzX3NlY3RvciI6dHJ1ZX1d'),
(432, 10, 4, 144, 'http://trabajamos.net/trabajo'),
(433, 10, 4, 126, 'http://www.computrabajo.es/bt-ofrlistado.htm?Bqd=&Bqd=&Bqd=&Bqd=&BqdPalabras=marketing&x=0&y=0'),
(434, 10, 4, 100, 'http://www.simplyhired.es/search?q=marketing&l='),
(435, 10, 4, 138, 'http://www.portalparados.es/empleo/'),
(436, 10, 4, 135, 'http://www.laboris.net/BuscadorParrilla.aspx?Palabra=marketing&sz=4'),
(437, 10, 4, 30, 'http://es.fashionjobs.com/s/?metier=&auto=0&msId=&categories=6&regions=&keyword='),
(438, 10, 4, 120, 'http://www.afashionmix.com/trabajo/index.php?area=11&provincia=1001'),
(439, 10, 4, 15, 'https://spain.xpatjobs.com/search?ps=1&keyword=Marketing&city=&areas=11'),
(440, 10, 5, 57, 'https://www.linkedin.com/jobs/search/?keywords=Arquitecto&location=Espagne&locationId=es%3A0'),
(441, 10, 5, 38, 'https://www.indeed.es/ofertas?q=arquitecto&l=espa%C3%B1a'),
(442, 10, 5, 46, 'http://es.jobrapido.com/Ofertas-de-empleo-para-Arquitecto-en-Espa%C3%B1a?p=2'),
(443, 10, 5, 132, 'http://es.jobomas.com/Trabajo-de-arquitecto'),
(444, 10, 5, 48, 'http://www.infoempleo.com/trabajo/i/arquitecto/'),
(445, 10, 5, 127, 'http://www.cscae.com/index.php/es/?option=com_content&view=category&id=131&Itemid=280'),
(446, 10, 5, 149, 'https://www.arquiparados.com/f7-ofertas-de-empleo'),
(447, 10, 5, 134, 'http://espana.jobtonic.es/jobs/arquitecto/'),
(448, 10, 5, 144, 'http://trabajamos.net/trabajo'),
(449, 10, 5, 138, 'http://www.portalparados.es/empleo/'),
(450, 10, 5, 135, 'http://www.laboris.net/BuscadorParrilla.aspx?Palabra=Arquitecto&sz=4'),
(451, 10, 5, 125, 'http://www.coam.org/es/servicios/empleo'),
(452, 10, 6, 142, 'https://www.studentjob.es/ofertas?utf8=%E2%9C%93&search%5Bjob_opening_site_members_is_topjob_eq%5D=&region_name=&region_id=&job_guide_name=&search%5Bzipcode_eq%5D=&search%5Bgeo_distance_eq%5D=100&search%5Bkeywords_scope%5D=financiero'),
(453, 10, 6, 146, 'http://www.emplea.universia.es/buscar-trabajo/?palabra=financieros&ciudad=0'),
(454, 10, 6, 57, 'https://www.linkedin.com/jobs/search/?country=es&keywords=financieros&location=Espagne&locationId=es%3A0'),
(455, 10, 6, 46, 'http://es.jobrapido.com/Ofertas-de-empleo-para-Financieros-en-Espa%C3%B1a?p=2'),
(456, 10, 6, 132, 'http://es.jobomas.com/Trabajo-de-financieros'),
(457, 10, 6, 48, 'http://www.jobs mart.es/jobs?w=Financiero&l='),
(458, 10, 6, 134, 'http://espana.jobtonic.es/jobs/financiero/'),
(459, 10, 6, 51, 'https://es.jooble.org/trabajo-financiero'),
(460, 4, 1, 185, 'http://www.designtagebuch.de/jobboerse/'),
(461, 10, 6, 80, 'https://empleo.trovit.es/index.php/cod.search_jobs/type.0/what_d.financiero/sug.0/isUserSearch.1/origin.2'),
(462, 10, 6, 135, 'http://www.laboris.net/BuscadorOfertas.aspx?Palabra=financieros&sz=4'),
(463, 10, 6, 100, 'http://www.simplyhired.es/search?q=financiero&l='),
(464, 10, 6, 132, 'http://es.jobomas.com/Trabajo-de-financiero'),
(465, 10, 6, 138, 'http://www.portalparados.es/empleo/'),
(466, 4, 1, 168, 'http://www.jobinfrankfurt.com/search?q=designer'),
(467, 10, 6, 121, 'http://aquihaytrabajo.rtve.es/buscar-trabajo-empleo/?palabra=financiero&ciudad=0'),
(468, 10, 6, 120, 'http://www.afashionmix.com/trabajo/index.php?area=9&provincia=1001'),
(469, 10, 6, 15, 'https://spain.xpatjobs.com/search?ps=1&keyword=finance&city=&areas=11'),
(470, 2, 1, 38, 'http://emplois.be.indeed.com/emplois?q=Designer&l=belgique'),
(471, 2, 1, 62, 'http://www.optioncarriere.be/emploi-designer.html'),
(472, 2, 1, 161, 'http://www.stages-emplois.be/Emploi/Belgique/Designer/'),
(473, 2, 1, 77, 'https://www.stepstone.be/5/job-search-simple.html?stf=freeText&ns=1&qs=%5B%5D&companyID=0&cityID=0&sourceOfTheSearchField=resultlistpage%3Ageneral&searchOrigin=Resultlist_top-search&ke=designer&ws=&ra=30'),
(474, 2, 1, 162, 'http://uxdesignin.be/jobs'),
(475, 2, 1, 164, 'http://www.coroflot.com/design-jobs#location=Belgium'),
(476, 2, 1, 61, 'http://neuvoo.be/jobs/Emplois-UI-designer,Anvers'),
(477, 2, 1, 57, 'https://www.linkedin.com/jobs/search/?keywords=designer&location=Belgique&locationId=be%3A0'),
(478, 2, 1, 32, 'https://www.glassdoor.com/Job/jobs.htm?suggestCount=0&suggestChosen=false&clickSource=searchBtn&typedKeyword=designer&sc.keyword=designer&locT=C&locId=2302160'),
(479, 2, 1, 156, 'http://www.moovijob.com/jobs/?keywords=designer&localizations=be'),
(481, 2, 1, 152, 'https://www.creativeskills.be/jobs/?lang=fr'),
(482, 2, 1, 160, 'https://www.reed.co.uk/jobs/designer-in-belgium'),
(483, 2, 1, 151, 'https://angel.co/belgium/designer/jobs'),
(484, 2, 1, 15, 'https://belgium.expatjobs.eu/search?ps=1&keyword=designer&language=&city=&areas=3'),
(485, 2, 1, 157, 'http://myjob.be/jobsearch?gclid=Cj0KEQjw5sHHBRDg5IK6k938j_IBEiQARZBJWu9TDQ7ZBBs2hVep5UP57flDOk2VTkYkSvX4-gbTLeQaAgrP8P8HAQ'),
(486, 2, 1, 62, 'http://www.optioncarriere.be/emploi-designer.html'),
(487, 2, 1, 30, 'http://be.fashionjobs.com/s/?metier=&auto=0&msId=&categories=1&departements=&keyword='),
(488, 2, 1, 150, 'http://www.adecco.be/fr-be/offres-emploi/resultats?k=designer&l=&pageNum=1&display=5'),
(489, 2, 1, 80, 'https://emploi.trovit.be/index.php/cod.search_adwords_jobs/ppc_landing_type.2/type.0/what_d.designer/sug.0/tracking./isUserSearch.1/origin.11'),
(490, 2, 1, 60, 'https://www.monster.be/fr/emploi/recherche/?q=designer'),
(491, 2, 1, 51, 'https://be.jooble.org/emploi-designer'),
(492, 2, 2, 152, 'https://www.creativeskills.be/jobs/?lang=fr'),
(493, 2, 2, 79, 'https://www.totaljobs.com/jobs/developer/in-belgium'),
(494, 2, 2, 165, 'https://www.startus.cc/jobs/software/belgium'),
(495, 2, 2, 166, 'http://www.expatica.com/be/jobs/IT-Information-Technology-jobs_18754.html'),
(497, 2, 2, 158, 'https://be.onlysalesjob.com/en/onlysalesjob-datanewsjobs-sales-and-it-jobs-in-belgium.html'),
(498, 2, 2, 163, 'https://www.vacature.com/nl-be/jobs/zoeken/marketing/ICT/1-2'),
(499, 2, 2, 15, 'https://belgium.expatjobs.eu/search?ps=1&keyword=developer&city=&areas=3'),
(500, 2, 2, 155, 'http://fr.jobinga.be/jobs?w=developpeur&l='),
(501, 2, 2, 157, 'http://myjob.be/jobsearch?gclid=Cj0KEQjw5sHHBRDg5IK6k938j_IBEiQARZBJWu9TDQ7ZBBs2hVep5UP57flDOk2VTkYkSvX4-gbTLeQaAgrP8P8HAQ'),
(502, 2, 2, 62, 'http://www.optioncarriere.be/recherche/emplois?s=developpeur&l=Belgique'),
(503, 2, 2, 80, 'https://emploi.trovit.be/index.php/cod.search_adwords_jobs/ppc_landing_type.2/type.0/what_d.developpeur/sug.0/tracking./isUserSearch.1/origin.11'),
(504, 2, 2, 153, 'https://www.digimedia.be/jobs.php?lng=fr&profil=Development&search='),
(505, 2, 2, 156, 'http://www.moovijob.com/jobs/?keywords=developpeur&localizations=be'),
(506, 2, 2, 60, 'https://www.monster.be/fr/emploi/recherche/?q=D__C3__A9veloppeur'),
(507, 2, 2, 38, 'https://emplois.be.indeed.com/emplois?q=developpeur&l=belgique'),
(508, 2, 2, 57, 'https://www.linkedin.com/jobs/search/?keywords=developpeur&location=Belgique&locationId=be%3A0'),
(509, 2, 2, 79, 'https://www.totaljobs.com/jobs/developer/in-belgium?radius=10&s=header'),
(510, 2, 2, 154, 'https://www.ictjob.be/fr/chercher-emplois-it'),
(511, 2, 2, 77, 'https://www.stepstone.be/5/index.cfm?event=resultList.dspResultList&searchTypeFrom=freeText&newSearch=1&latitude=0&longitude=0&widgetID=0&cityID=0&basicRadius=&selectString=&selectStringWhat=&keyword=Developpeur&wherestring=&function=1000000&seaTool=true&'),
(512, 2, 2, 61, 'http://neuvoo.be/vacatures/?k=developer&l=&f=&p=1&r=15&duc=&v=&source=&openmap='),
(513, 2, 2, 32, 'https://fr.glassdoor.be/Emploi/li%C3%A8ge-developer-emplois-SRCH_IL.0,5_IC4992779_KO6,15.htm'),
(514, 2, 2, 51, 'https://be.jooble.org/emploi-developer'),
(516, 2, 3, 167, 'http://www.jobat.be/en/search/results.aspx?filter=UGFnZW51bT0xJktleXdvcmQ9ZW5naW5lZXImUmVnaW1lPTImT25saW5lU2luY2U9MyZXaXRoVG90YWxzPVRydWUmVXNlWmlwQXJvdW5kRm9yR2VvPUZhbHNlJg=='),
(517, 2, 3, 79, 'https://www.totaljobs.com/jobs/engineer/in-belgium?radius=10&s=header'),
(518, 2, 3, 168, 'http://www.jobsinbrussels.com/jobs/Engineering'),
(519, 2, 3, 15, 'https://belgium.expatjobs.eu/search?ps=1&keyword=engineer&city=&areas=3'),
(520, 2, 3, 155, 'http://fr.jobinga.be/jobs?w=ingenieur&l='),
(521, 2, 3, 157, 'http://myjob.be/jobsearch?gclid=Cj0KEQjw5sHHBRDg5IK6k938j_IBEiQARZBJWu9TDQ7ZBBs2hVep5UP57flDOk2VTkYkSvX4-gbTLeQaAgrP8P8HAQ'),
(522, 2, 3, 62, 'http://www.optioncarriere.be/recherche/emplois?s=ing%C3%A9nieur&l=Belgique'),
(523, 2, 3, 150, 'http://www.adecco.be/fr-be/offres-emploi/resultats?k=ing%C3%A9nieur&l=belgique&xy=50.5039%2C4.4699&pageNum=1&display=5'),
(524, 2, 3, 161, 'http://www.stages-emplois.be/Emploi/Belgique/Ingenieur/'),
(525, 2, 3, 80, 'https://emploi.trovit.be/index.php/cod.search_adwords_jobs/ppc_landing_type.2/type.0/what_d.ing%C3%A9nieur/sug.0/tracking./isUserSearch.1/origin.11'),
(526, 2, 3, 156, 'http://www.moovijob.com/jobs/?keywords=ing%C3%A9nieur&localizations=be'),
(527, 2, 3, 60, 'https://www.monster.be/fr/emploi/recherche/?q=ingenieur'),
(528, 2, 3, 38, 'https://emplois.be.indeed.com/emplois?q=ingenieur&l=belgique'),
(529, 2, 3, 57, 'https://www.linkedin.com/jobs/search/?keywords=ingenieur&location=Belgique&locationId=be%3A0'),
(530, 2, 3, 79, 'https://www.totaljobs.com/jobs/engineer/in-belgium'),
(531, 2, 3, 77, 'https://www.stepstone.be/5/offres-emploi-resultat.html?stf=freeText&ns=1&qs=%5B%5D&companyID=0&cityID=0&sourceOfTheSearchField=resultlistpage%3Ageneral&searchOrigin=Resultlist_top-search&candidateCentricKeywords=false&candidateCentricKeywordsTestVariant=&'),
(532, 2, 3, 61, 'http://neuvoo.be/vacatures/?k=engineer&l=&f=&p=1&r=15&duc=&v=&source=&openmap='),
(533, 2, 3, 32, 'https://fr.glassdoor.be/Emploi/li%C3%A8ge-engineer-emplois-SRCH_IL.0,5_IC4992779_KO6,14.htm'),
(534, 2, 3, 51, 'https://be.jooble.org/emploi-engineer'),
(535, 2, 3, 158, 'https://www.onlyengineerjobs.be/fr'),
(536, 2, 3, 9, 'https://cadres.apec.fr/liste-offres-emploi-cadres/8____99131_________offre-d-emploi-belgique.html?sortsType=SCORE&sortsDirection=DESCENDING&nbParPage=20&typeAffichage=detaille&page=0&lieux=99131&distance=0&motsCles=Ing%C3%A9nieur'),
(537, 2, 3, 169, 'https://references.lesoir.be/offres-emploi/ingenieur-ingenieur-de-production/#browsing'),
(538, 2, 3, 170, 'https://www.onlyengineerjobs.be/fr/emplois-ingenieur?search=engineer&job_geo_location=Belgium&radius=50&lat=50.503887&lon=4.4699359999999615&country=Belgium&administrative_area_level_1='),
(539, 2, 4, 129, 'https://fashionunited.be/fr/fashion-jobs/sales-and-marketing'),
(540, 2, 4, 167, 'http://www.jobat.be/en/search/results.aspx?filter=UGFnZW51bT0xJktleXdvcmQ9bWFya2V0aW5nJlJlZ2ltZT0yJk9ubGluZVNpbmNlPTMmV2l0aFRvdGFscz1UcnVlJlVzZVppcEFyb3VuZEZvckdlbz1GYWxzZSY='),
(541, 2, 4, 79, 'https://www.totaljobs.com/jobs/marketing/in-belgium'),
(542, 2, 4, 165, 'https://www.startus.cc/jobs/marketing/belgium'),
(543, 2, 4, 166, 'http://www.expatica.com/be/jobs/Marketing-Advertising-jobs_18755.html'),
(544, 2, 4, 168, 'http://www.jobsinbrussels.com/jobs/Marketing%20Sales'),
(545, 2, 4, 158, 'https://be.onlysalesjob.com/en/onlysalesjob-datanewsjobs-sales-and-it-jobs-in-belgium.html'),
(546, 2, 4, 163, 'https://www.vacature.com/nl-be/jobs/zoeken/marketing/1'),
(547, 2, 4, 15, 'https://belgium.expatjobs.eu/search?ps=1&keyword=marketing&city=&areas=3'),
(548, 2, 4, 155, 'http://fr.jobinga.be/jobs?w=marketing&l=');
INSERT INTO `link` (`link_id`, `link_country_id`, `link_sector_id`, `link_website_id`, `link_label`) VALUES
(549, 2, 4, 157, 'http://myjob.be/jobsearch?gclid=Cj0KEQjw5sHHBRDg5IK6k938j_IBEiQARZBJWu9TDQ7ZBBs2hVep5UP57flDOk2VTkYkSvX4-gbTLeQaAgrP8P8HAQ'),
(550, 2, 4, 30, 'http://be.fashionjobs.com/s/?categories%5B%5D=6&metier%5B6%5D%5B%5D=94&metier%5B6%5D%5B%5D=96&metier%5B6%5D%5B%5D=95&metier%5B6%5D%5B%5D=93&metier%5B6%5D%5B%5D=191&metier%5B6%5D%5B%5D=89&metier%5B6%5D%5B%5D=88&metier%5B6%5D%5B%5D=90&metier%5B6%5D%5B%5D=23'),
(551, 2, 4, 62, 'http://www.optioncarriere.be/recherche/emplois?s=marketing&l=Belgique'),
(552, 2, 4, 161, 'http://www.stages-emplois.be/Emploi/Belgique/Marketing/'),
(553, 2, 4, 80, 'https://emploi.trovit.be/index.php/cod.search_adwords_jobs/ppc_landing_type.2/type.0/what_d.marketing/sug.0/tracking./isUserSearch.1/origin.11'),
(554, 2, 4, 153, 'https://www.digimedia.be/jobs.php?lng=fr&profil=Online-marketing&search='),
(555, 2, 4, 156, 'http://www.moovijob.com/jobs/?keywords=marketing&localizations=be'),
(556, 2, 4, 60, 'https://www.monster.be/fr/emploi/recherche/?q=marketing'),
(557, 2, 4, 38, 'https://emplois.be.indeed.com/emplois?q=marketing&l=belgique'),
(558, 2, 4, 57, 'https://www.linkedin.com/jobs/search/?keywords=marketing&location=Belgique&locationId=be%3A0'),
(559, 2, 4, 79, 'https://www.totaljobs.com/jobs/marketing/in-belgium?radius=10&s=header'),
(560, 2, 4, 77, 'https://www.stepstone.be/5/offres-emploi-resultat.html?stf=freeText&ns=1&qs=%5B%5D&companyID=0&cityID=0&sourceOfTheSearchField=resultlistpage%3Ageneral&searchOrigin=Resultlist_top-search&candidateCentricKeywords=false&candidateCentricKeywordsTestVariant=&'),
(561, 2, 4, 61, 'http://neuvoo.be/vacatures/?k=marketing&l=&f=&p=1&r=15&duc=&v=&source=&openmap='),
(562, 2, 4, 32, 'https://fr.glassdoor.be/Emploi/li%C3%A8ge-marketing-emplois-SRCH_IL.0,5_IC4992779_KO6,15.htm'),
(563, 2, 4, 51, 'https://be.jooble.org/emploi-marketing'),
(564, 2, 5, 15, 'https://belgium.expatjobs.eu/search?ps=1&keyword=Architect&city=&areas=3'),
(565, 2, 5, 155, 'http://fr.jobinga.be/jobs?w=architecte&l='),
(566, 2, 5, 157, 'http://myjob.be/jobsearch?gclid=Cj0KEQjw5sHHBRDg5IK6k938j_IBEiQARZBJWu9TDQ7ZBBs2hVep5UP57flDOk2VTkYkSvX4-gbTLeQaAgrP8P8HAQ'),
(567, 2, 5, 62, 'http://www.optioncarriere.be/recherche/emplois?s=Architecte&l=Belgique'),
(568, 2, 5, 60, 'https://www.monster.be/fr/emploi/recherche/?q=architecte'),
(569, 2, 5, 38, 'https://emplois.be.indeed.com/emplois?q=architecte&l=belgique'),
(570, 2, 5, 57, 'https://www.linkedin.com/jobs/search/?keywords=architecte&location=Belgique&locationId=be%3A0'),
(571, 2, 5, 77, 'https://www.stepstone.be/5/offres-emploi-resultat.html?stf=freeText&ns=1&qs=%5B%5D&companyID=0&cityID=0&sourceOfTheSearchField=resultlistpage%3Ageneral&searchOrigin=Resultlist_top-search&candidateCentricKeywords=false&candidateCentricKeywordsTestVariant=&'),
(572, 2, 5, 61, 'http://neuvoo.be/vacatures/?k=architect&l=&f=&p=1&r=15&duc=&v=&source=&openmap='),
(573, 2, 5, 159, 'http://fr.ordredesarchitectes.be/fr/general/emploi/fr/liste.php?TYPE=1-3'),
(574, 2, 5, 51, 'https://be.jooble.org/emploi-dessinateur-architecte'),
(575, 2, 6, 79, 'https://www.totaljobs.com/jobs/finance/in-belgium?radius=10&s=header'),
(576, 2, 6, 165, 'https://www.startus.cc/jobs/finance/belgium'),
(577, 2, 6, 166, 'http://www.expatica.com/be/jobs/Banking-Finance-jobs_18741.html'),
(578, 2, 6, 168, 'http://www.jobsinbrussels.com/jobs/Finance%20Audit%20Invest'),
(579, 2, 6, 163, 'https://www.vacature.com/nl-be/jobs/zoeken/marketing/Financieel/1-2'),
(580, 2, 6, 15, 'https://belgium.expatjobs.eu/search?ps=1&keyword=Finance&city=&areas=3'),
(581, 2, 6, 155, 'http://fr.jobinga.be/jobs?w=finance&l='),
(582, 2, 6, 157, 'http://myjob.be/jobsearch?gclid=Cj0KEQjw5sHHBRDg5IK6k938j_IBEiQARZBJWu9TDQ7ZBBs2hVep5UP57flDOk2VTkYkSvX4-gbTLeQaAgrP8P8HAQ'),
(583, 2, 6, 62, 'http://www.optioncarriere.be/recherche/emplois?s=finance&l=Belgique'),
(584, 2, 6, 161, 'http://www.stages-emplois.be/Emploi/Belgique/Finance/'),
(585, 2, 6, 80, 'https://emploi.trovit.be/index.php/cod.search_adwords_jobs/ppc_landing_type.2/type.0/what_d.finance/sug.0/tracking./isUserSearch.1/origin.11'),
(586, 2, 6, 156, 'http://www.moovijob.com/jobs/?keywords=finance&localizations=be'),
(587, 2, 6, 60, 'https://www.monster.be/fr/emploi/recherche/?q=finance'),
(588, 2, 6, 38, 'https://emplois.be.indeed.com/emplois?q=finance&l=belgique'),
(589, 2, 6, 57, 'https://www.linkedin.com/jobs/search/?keywords=finance&location=Belgique&locationId=be%3A0'),
(590, 2, 6, 79, 'https://www.totaljobs.com/jobs/finance/in-belgium?radius=10&s=header'),
(591, 2, 6, 77, 'https://www.stepstone.be/5/offres-emploi-resultat.html?stf=freeText&ns=1&qs=%5B%5D&companyID=0&cityID=0&sourceOfTheSearchField=duplo%3Ahomepage&searchOrigin=Homepage_top-search&candidateCentricKeywords=false&candidateCentricKeywordsTestVariant=&ke=finance'),
(592, 2, 6, 61, 'http://neuvoo.be/vacatures/?k=finance&l=&f=&p=1&r=15&duc=&v=&source=&openmap='),
(593, 2, 6, 32, 'https://fr.glassdoor.be/Emploi/li%C3%A8ge-finance-emplois-SRCH_IL.0,5_IC4992779_KE6,13.htm'),
(594, 2, 6, 51, 'https://be.jooble.org/emploi-finance'),
(595, 4, 1, 38, 'https://de.indeed.com/Jobs?q=Designer&l='),
(596, 4, 1, 90, 'http://www.careerjet.de/suchen/stellenangebote?s=designer&l='),
(597, 4, 1, 51, 'https://de.jooble.org/stellenangebote-designer'),
(598, 4, 1, 77, 'https://www.stepstone.de/5/ergebnisliste.html?stf=freeText&ns=1&qs=%5B%5D&companyID=0&cityID=0&sourceOfTheSearchField=duplo%3Ahomepage&searchOrigin=Homepage_top-search&candidateCentricKeywords=false&candidateCentricKeywordsTestVariant=&ke=designer&ws=&ra='),
(599, 4, 1, 57, 'https://www.linkedin.com/jobs/search/?keywords=designer&location=Allemagne&locationId=de%3A0'),
(600, 4, 1, 32, 'https://www.glassdoor.de/Job/designer-jobs-SRCH_KO0,8.htm'),
(601, 4, 1, 60, 'https://www.monster.de/jobs/suche/?q=designer&cy=de&intcid=swoop_HeroSearch&rad=20'),
(602, 4, 1, 80, 'https://de.trovit.com/jobs/index.php/cod.search_jobs/what_d.designer/sug.0/isUserSearch.1'),
(603, 4, 1, 30, 'http://de.fashionjobs.com/s/?metier=&auto=0&msId=&categories=1&regions=&keyword='),
(604, 4, 1, 61, 'http://neuvoo.de/jobs/?k=designer&l=&f=&o=&p=&r=15'),
(605, 4, 1, 46, 'http://de.jobrapido.com/Designer-Jobs'),
(606, 4, 1, 79, 'https://www.totaljobs.com/jobs/designer/in-germany?radius=10&s=header'),
(607, 4, 1, 215, 'https://dasauge.de/jobs/stellenangebote/fest/?begriff=designer'),
(608, 4, 1, 195, 'http://www.howdesign.com/design-jobs/#location=Germany'),
(609, 4, 1, 164, 'http://www.coroflot.com/design-jobs?referral=C77headgraphic#location=germany'),
(610, 4, 1, 182, 'https://www.designmadeingermany.de/jobs/'),
(611, 4, 1, 19, 'http://www.designanddesign.com/jobs.php?cat=&offer=&keyword=&country=64'),
(612, 4, 1, 204, 'http://jobs.meinestadt.de/deutschland/jkl/0-15255-15241'),
(613, 4, 1, 185, 'http://www.designtagebuch.de/jobboerse/'),
(614, 4, 1, 179, 'https://www.creative-city-berlin.de/en/jobs/?job_sector=&category=7&job_type=&qualification=&submit=Search'),
(615, 4, 1, 183, 'http://designspotterjobs.com/de#content'),
(616, 4, 1, 177, 'http://berlinstartupjobs.com/design-ux/'),
(617, 4, 1, 133, 'https://jobspotting.com/en/explore/W3sidmFsdWUiOiJkZXNpZ25lciIsImRpc3BsYXlfbmFtZSI6IkRlc2lnbmVyIiwiaXNfc2tpbGwiOnRydWV9LHsidmFsdWUiOiJnZXJtYW55IiwiZGlzcGxheV9uYW1lIjoiQWxsZW1hZ25lIiwiaXNfbG9jYXRpb24iOnRydWV9XQ=='),
(618, 4, 1, 181, 'https://www.designerdock.com/en/for-applicants/search-jobs/?tx_ddjobs_%5Bcontroller%5D=Filter'),
(619, 4, 1, 168, 'http://www.jobinfrankfurt.com/search?q=designer'),
(620, 4, 1, 168, 'http://www.jobsinmunich.com/jobs/Design%20Multimedia'),
(621, 4, 1, 184, 'https://www.dezeenjobs.com/browse/germany'),
(623, 4, 1, 194, 'http://www.germanystartupjobs.com/#s=1'),
(624, 4, 1, 171, 'https://www.adzuna.de/search?q=design&w=Deutschland'),
(625, 4, 1, 214, 'https://jobs.zalando.com/?gh_src=4n3gxh1&search=design'),
(626, 4, 1, 208, 'https://www.stellenanzeigen.de/suche/?voll=design'),
(627, 4, 1, 200, 'https://www.jobs.de/suche?utf8=%E2%9C%93&q=design&loc='),
(628, 4, 1, 209, 'http://stellenmarkt.sueddeutsche.de/jobs?q=designer'),
(629, 4, 1, 201, 'https://www.kimeta.de/Home/SearchResult?cn=ZzeH6NH0Tg-1z--Pvd6rrw'),
(630, 4, 1, 211, 'https://jobs.thelocal.com/search/#results/5a9e86ce58529157c231d034?kw=&loc=&page_num=1'),
(631, 4, 1, 204, 'https://jobs.meinestadt.de/deutschland/suche?words=designer'),
(632, 4, 2, 38, 'https://de.indeed.com/Jobs?q=developer&l='),
(633, 4, 2, 90, 'http://www.careerjet.de/suchen/stellenangebote?s=Entwickler&l=Deutschland'),
(634, 4, 2, 51, 'https://de.jooble.org/stellenangebote-developer'),
(635, 4, 2, 77, 'https://www.stepstone.de/5/ergebnisliste.html?stf=freeText&ns=1&qs=%5B%5D&companyID=0&cityID=0&sourceOfTheSearchField=resultlistpage%3Ageneral&searchOrigin=Resultlist_top-search&candidateCentricKeywords=false&candidateCentricKeywordsTestVariant=&ke=develo'),
(636, 4, 2, 57, 'https://www.linkedin.com/jobs/search/?keywords=developer&location=Allemagne&locationId=de%3A0'),
(637, 4, 2, 32, 'https://www.glassdoor.de/Job/developer-jobs-SRCH_KO0,9.htm'),
(638, 4, 2, 60, 'https://www.monster.de/jobs/suche/?q=developer&cy=de'),
(639, 4, 2, 80, 's/index.php/cod.search_jobs/type.0/what_d.developer/sug.0/isUserSearch.1'),
(640, 4, 2, 30, 'http://de.fashionjobs.com/s/?categories%5B%5D=17&metier%5B17%5D%5B%5D=249&metier%5B17%5D%5B%5D=118&metier%5B17%5D%5B%5D=248&metier%5B17%5D%5B%5D=247&metier%5B17%5D%5B%5D=177&metier%5B17%5D%5B%5D=164&soc=&keyword='),
(641, 4, 2, 61, 'http://neuvoo.de/jobs/?k=developer&l=&f=&p=1&r=15&duc=&v=&source=&openmap='),
(642, 4, 2, 46, 'http://de.jobrapido.com/?w=developper'),
(643, 4, 2, 165, 'https://www.startus.cc/jobs/software?search=&job_geo_location=Germany&radius=50&lat=51.165691&lon=10.451526000000058&country=Germany&administrative_area_level_1='),
(644, 4, 2, 79, 'https://www.totaljobs.com/jobs/developer/in-germany?radius=10&s=header'),
(645, 4, 2, 192, 'http://www.geekjobs.de/?s=Design&location=location&x=0&y=0&radius=1'),
(646, 4, 2, 75, 'http://stackoverflow.com/jobs?sort=i&l=Germany&d=20&u=Km'),
(647, 4, 2, 166, 'http://www.expatica.com/de/jobs/?cat=18754&city=0&query=developer&country=de'),
(648, 4, 2, 180, 'https://www.cwjobs.co.uk/jobs/developer/in-germany'),
(649, 4, 2, 133, 'https://de.jobspotting.com/en/jobs/germany/web-developer'),
(650, 4, 2, 168, 'http://www.jobsinmunich.com/jobs/IT%20Technology'),
(651, 4, 2, 216, 'https://www.computerjobs.com/de/en/software-developer-jobs-in-germany/'),
(652, 4, 2, 177, 'http://berlinstartupjobs.com/engineering/'),
(654, 4, 2, 193, 'http://germanitjobs.com/jobs'),
(655, 4, 2, 210, 'https://www.thefrontendlab.com/search?clear=1&filter=1&p=1&SCALE%5B2000%5D=7000&cat=0&PRICE%5B%5D='),
(656, 4, 2, 191, 'https://www.games-career.com/Joboffer/Programmer:_IT_and_Backend_and_Client_and_Web'),
(658, 4, 2, 205, 'http://railsjobs.de/rubyonrails'),
(659, 4, 2, 202, 'http://www.make-it-in-germany.com/en/for-qualified-professionals/working/job-listings'),
(660, 4, 2, 171, 'https://www.adzuna.de/search?q=developer&w=Deutschland'),
(661, 4, 2, 190, 'https://stellenmarkt.faz.net/'),
(662, 4, 2, 208, 'https://www.stellenanzeigen.de/suche/?voll=entwickler'),
(663, 4, 2, 200, 'https://www.jobs.de/suche?utf8=%E2%9C%93&q=entwickler&loc='),
(664, 4, 2, 209, 'http://stellenmarkt.sueddeutsche.de/jobs?q=IT'),
(665, 4, 2, 213, 'https://www.yourfirm.de/suche/all/?Campaign=6&name=It&plz=&Taetigkeitsbereich=&Vertragsart=&Branche=&order='),
(667, 4, 2, 197, 'https://jobs.ingenieur.de/'),
(668, 4, 2, 201, 'https://www.kimeta.de/Home/SearchResult?cn=78S9sO_50NrRQuFUkp1AOQ'),
(669, 4, 2, 199, 'http://www.ingenieurweb.de/'),
(670, 4, 2, 217, 'http://de.dice.com/'),
(671, 4, 2, 211, 'https://jobs.thelocal.com/search/#results/5a9e86f258529157c231d037?kw=&loc=&page_num=1'),
(672, 4, 2, 204, 'https://jobs.meinestadt.de/deutschland/suche?words=it'),
(673, 4, 3, 38, 'https://de.indeed.com/Jobs?q=engineer&l='),
(674, 4, 3, 90, 'http://www.careerjet.de/suchen/stellenangebote?s=ingenieur&l=Deutschland'),
(675, 4, 3, 51, 'https://de.jooble.org/stellenangebote-engineer'),
(676, 4, 3, 77, 'https://www.stepstone.de/5/ergebnisliste.html?stf=freeText&ns=1&qs=%5B%5D&companyID=0&cityID=0&sourceOfTheSearchField=resultlistpage%3Ageneral&searchOrigin=Resultlist_top-search&candidateCentricKeywords=false&candidateCentricKeywordsTestVariant=&ke=engine'),
(677, 4, 3, 57, 'https://www.linkedin.com/jobs/search/?keywords=engineer&location=Allemagne&locationId=de%3A0'),
(678, 4, 3, 32, 'https://www.glassdoor.de/Job/engineer-jobs-SRCH_KO0,8.htm'),
(679, 4, 3, 60, 'https://www.monster.de/jobs/suche/?q=engineer&cy=de'),
(680, 4, 3, 80, 'https://de.trovit.com/jobs/index.php/cod.search_jobs/type.0/what_d.engineer/sug.0/isUserSearch.1'),
(681, 4, 3, 61, 'http://neuvoo.de/jobs/?k=engineer&l=&f=&p=1&r=15&duc=&v=&source=&openmap='),
(682, 4, 3, 46, 'http://de.jobrapido.com/?w=engineer'),
(683, 4, 3, 79, 'https://www.totaljobs.com/jobs/engineer/in-germany?radius=10&s=header'),
(684, 4, 3, 187, 'http://www.euroengineerjobs.com/jobs/germany'),
(685, 4, 3, 211, 'https://www.thelocal.de/jobs/Germany/engineer/engineer'),
(686, 4, 3, 166, 'http://www.expatica.com/de/jobs/?cat=18746&city=0&query=engineer&country=de'),
(687, 4, 3, 174, 'http://www.aviationjobsearch.com/germany?keyword=engineer'),
(688, 4, 3, 168, 'http://www.jobsinmunich.com/search?q=engineer'),
(689, 4, 3, 197, 'https://jobs.ingenieurkarriere.de/'),
(690, 4, 3, 199, 'http://www.ingenieur-jobs.de/'),
(692, 4, 3, 198, 'http://www.ingenieurjobs.de/'),
(693, 4, 3, 177, 'http://berlinstartupjobs.com/marketing/'),
(694, 4, 3, 204, 'http://jobs.meinestadt.de/deutschland/azl/0-79085-92267-58742'),
(695, 4, 3, 202, 'http://www.make-it-in-germany.com/en/for-qualified-professionals/working/job-listings'),
(696, 4, 3, 208, 'https://www.stellenanzeigen.de/suche/?voll=ingenieur'),
(697, 4, 3, 171, 'https://www.adzuna.de/search?q=ingenieur&w=Deutschland'),
(698, 4, 3, 190, 'https://stellenmarkt.faz.net/'),
(699, 4, 3, 200, 'https://www.jobs.de/suche?utf8=%E2%9C%93&q=ingenieur&loc='),
(700, 4, 3, 209, 'http://stellenmarkt.sueddeutsche.de/jobs?q=ingenieur'),
(701, 4, 3, 213, 'https://www.yourfirm.de/suche/all/?Campaign=6&name=Ingenieur&plz=&Taetigkeitsbereich=&Vertragsart=&Branche=&order='),
(702, 4, 3, 197, 'https://jobs.ingenieur.de/'),
(703, 4, 3, 201, 'https://www.kimeta.de/Home/SearchResult?cn=bSOqA7vceItPaC5RUKiEIXEAVul9Lk17AT0J-9n725U'),
(704, 4, 3, 199, 'http://www.ingenieurweb.de/'),
(705, 4, 3, 211, 'https://jobs.thelocal.com/search/#results/5a9e870458529157c231d039?kw=&loc=&page_num=1'),
(706, 4, 3, 175, 'https://www.bauingenieur24.de/stellenmarkt/stellenangebot'),
(707, 4, 4, 38, 'https://de.indeed.com/Jobs?q=Marketing&l='),
(708, 4, 4, 90, 'http://www.careerjet.de/suchen/stellenangebote?s=marketing&l=Deutschland'),
(709, 4, 4, 51, 'https://de.jooble.org/stellenangebote-marketing'),
(710, 4, 4, 77, 'https://www.stepstone.de/5/ergebnisliste.html?stf=freeText&ns=1&qs=%5B%5D&companyID=0&cityID=0&sourceOfTheSearchField=resultlistpage%3Ageneral&searchOrigin=Resultlist_top-search&candidateCentricKeywords=false&candidateCentricKeywordsTestVariant=&ke=market'),
(711, 4, 4, 57, 'https://www.linkedin.com/jobs/search/?keywords=marketing&location=Allemagne&locationId=de%3A0'),
(712, 4, 4, 32, 'https://www.glassdoor.de/Job/marketing-jobs-SRCH_KO0,9.htm'),
(713, 4, 4, 60, 'https://www.monster.de/jobs/suche/?q=marketing&cy=de'),
(714, 4, 4, 80, 'https://de.trovit.com/jobs/index.php/cod.search_jobs/type.0/what_d.marketing/sug.0/isUserSearch.1'),
(715, 4, 4, 61, 'http://neuvoo.de/jobs/?k=marketing&l=&f=&p=1&r=15&duc=&v=&source=&openmap='),
(716, 4, 4, 46, 'http://de.jobrapido.com/?w=marketing'),
(717, 4, 4, 79, 'https://www.totaljobs.com/jobs/marketing/in-germany?radius=10&s=header'),
(718, 4, 4, 30, 'http://de.fashionjobs.com/s/?categories%5B%5D=6&metier%5B6%5D%5B%5D=91&metier%5B6%5D%5B%5D=96&metier%5B6%5D%5B%5D=90&metier%5B6%5D%5B%5D=93&metier%5B6%5D%5B%5D=236&metier%5B6%5D%5B%5D=88&metier%5B6%5D%5B%5D=95&metier%5B6%5D%5B%5D=94&metier%5B6%5D%5B%5D=89'),
(719, 4, 4, 171, 'https://www.adzuna.de/search?q=marketing&w='),
(721, 4, 4, 177, 'http://berlinstartupjobs.com/marketing/'),
(723, 4, 4, 214, 'https://jobs.zalando.com/?gh_src=4n3gxh1&search=marketing'),
(724, 4, 4, 5, 'https://www.accenture.com/de-de/careers/jobsearch?jk=marketing'),
(725, 4, 4, 168, 'http://www.jobsinmunich.com/search?q=Marketing+'),
(726, 4, 4, 188, 'https://expatjobseeker.de/#!search/s=marketing'),
(727, 4, 4, 207, 'https://jobs.sap.com/search/?q=marketing&locationsearch=germany'),
(728, 4, 4, 165, 'https://www.startus.cc/jobs/marketing/germany'),
(730, 4, 4, 194, 'http://www.germanystartupjobs.com/#s=1'),
(731, 4, 4, 198, 'https://www.experteer.de/jobs-finanzdienstleistung_marketi_ind6000'),
(732, 4, 4, 74, 'https://www.sportyjob.com/de/sport-jobs/?fwp_keyword_search=marketing'),
(733, 4, 4, 190, 'https://stellenmarkt.faz.net/'),
(734, 4, 4, 208, 'https://www.stellenanzeigen.de/suche/?voll=marketing'),
(735, 4, 4, 200, 'https://www.jobs.de/suche?utf8=%E2%9C%93&q=marketing&loc='),
(736, 4, 4, 209, 'http://stellenmarkt.sueddeutsche.de/jobs?q=marketing'),
(737, 4, 4, 213, 'https://www.yourfirm.de/suche/all/?Campaign=6&name=Marketing&plz=&Taetigkeitsbereich=&Vertragsart=&Branche=&order='),
(738, 4, 4, 206, 'https://www.salesjob.de/ergebnisse/'),
(739, 4, 4, 201, 'https://www.kimeta.de/Home/SearchResult?cn=XqSu_n-xVmzl2HXtrySlqdZiBM3Nb1W6mmAl9q67_Bs'),
(740, 4, 4, 211, 'https://jobs.thelocal.com/search/#results/5a9e871b58529157c231d03a?kw=&loc=&page_num=1'),
(741, 4, 4, 204, 'https://jobs.meinestadt.de/deutschland/suche?words=marketing'),
(742, 4, 5, 38, 'https://de.indeed.com/Jobs?q=Architekt&l='),
(743, 4, 5, 90, 'http://www.careerjet.de/suchen/stellenangebote?s=architekt&l=Deutschland'),
(744, 4, 5, 51, 'https://de.jooble.org/stellenangebote-architekt'),
(745, 4, 5, 77, 'https://www.stepstone.de/5/ergebnisliste.html?stf=freeText&ns=1&qs=%5B%5D&companyID=0&cityID=0&sourceOfTheSearchField=resultlistpage%3Ageneral&searchOrigin=Resultlist_top-search&candidateCentricKeywords=false&candidateCentricKeywordsTestVariant=&ke=archit'),
(746, 4, 5, 57, 'https://www.linkedin.com/jobs/search/?keywords=architekt&location=Allemagne&locationId=de%3A0'),
(747, 4, 5, 32, 'https://www.glassdoor.de/Job/architekt-jobs-SRCH_KO0,9.htm'),
(748, 4, 5, 60, 'https://www.monster.de/jobs/suche/?q=marketing&cy=de'),
(749, 4, 5, 80, 'https://de.trovit.com/jobs/index.php/cod.search_jobs/type.0/what_d.architekt/sug.0/isUserSearch.1'),
(750, 4, 5, 61, 'http://neuvoo.de/jobs/?k=architekt&l=&f=&p=1&r=15&duc=&v=&source=&openmap='),
(751, 4, 5, 46, 'http://de.jobrapido.com/?w=architekt'),
(752, 4, 5, 178, 'https://www.competitionline.com/de/jobs/anzeigen/suche'),
(753, 4, 5, 172, 'http://www.architekten-jobs.com/'),
(754, 4, 5, 173, 'http://www.aknw.de/menu-oben-jobboerse-architektenliste/jobboerse'),
(755, 4, 5, 176, 'http://www.baunetz.de/stellenmarkt/index.html?s_beruf=1'),
(756, 4, 5, 175, 'http://www.bauingenieur24.de/stellenmarkt/stellenangebot/lap/architekt-jobs?gclid=CjwKCAjwmIrJBRAREiwAuUPKMv_FQ6m3vPD6HOqqQoHpIOkp-IsC828ZwdSwhpYXDiCo-KaOrmSPExoC8JoQAvD_BwE'),
(757, 4, 5, 208, 'https://www.stellenanzeigen.de/suche/?voll=architekt'),
(758, 4, 5, 200, 'https://www.jobs.de/suche?utf8=%E2%9C%93&q=architekt&loc='),
(759, 4, 5, 209, 'http://stellenmarkt.sueddeutsche.de/jobs?q=architekt'),
(760, 4, 5, 200, 'https://www.yourfirm.de/suche/all/?Campaign=6&name=Architekt&plz=&Taetigkeitsbereich=&Vertragsart=&Branche=&order='),
(761, 4, 5, 201, 'https://www.kimeta.de/Home/SearchResult?cn=2JcFVn82Xpj2_z6AwP0uFcHBdarTJw1ZtjApY1Somz4'),
(762, 4, 5, 212, 'https://www.world-architects.com/en/jobs?country_id=9&sort=Jobs.last_activated_on&direction=desc'),
(763, 4, 5, 204, 'https://jobs.meinestadt.de/deutschland/suche?words=architekt'),
(764, 4, 6, 38, 'https://de.indeed.com/Jobs?q=finance&l='),
(765, 4, 6, 90, 'http://www.careerjet.de/suchen/stellenangebote?s=finance&l=Deutschland'),
(766, 4, 6, 51, 'https://de.jooble.org/stellenangebote-finance'),
(767, 4, 6, 77, 'https://www.stepstone.de/5/ergebnisliste.html?stf=freeText&ns=1&qs=%5B%5D&companyID=0&cityID=0&sourceOfTheSearchField=resultlistpage%3Ageneral&searchOrigin=Resultlist_top-search&candidateCentricKeywords=false&candidateCentricKeywordsTestVariant=&ke=financ'),
(768, 4, 6, 57, 'https://www.linkedin.com/jobs/search/?keywords=finance&location=Allemagne&locationId=de%3A0'),
(769, 4, 6, 32, 'https://www.glassdoor.de/Job/finance-jobs-SRCH_KE0,7.htm'),
(770, 4, 6, 60, 'https://www.monster.de/jobs/suche/?q=finance&cy=de'),
(771, 4, 6, 80, 'https://de.trovit.com/jobs/index.php/cod.search_jobs/type.0/what_d.finance/sug.0/isUserSearch.1'),
(772, 4, 6, 61, 'http://neuvoo.de/jobs/?k=finance&l=&f=&p=1&r=15&duc=&v=&source=&openmap='),
(773, 4, 6, 46, 'http://de.jobrapido.com/?w=finance'),
(774, 4, 6, 171, 'https://www.adzuna.de/search?q=finance&w=Deutschland'),
(775, 4, 6, 189, 'https://www.finanz.career/?gclid=CjwKCAjwmIrJBRAREiwAuUPKMo1gV8CCrTyO9y9mTHehKUlgyXaztY0muivK7KAvJBcA7MEjGQI9kBoC6l0QAvD_BwE'),
(776, 4, 6, 208, 'https://www.stellenanzeigen.de/stellenangebote/controller/'),
(777, 4, 6, 26, 'http://www.efinancialcareers.de/'),
(778, 4, 6, 203, 'https://www.meinejobs-finance.de/jobs-finanzen-deutschland'),
(780, 4, 6, 177, 'http://berlinstartupjobs.com/sales/'),
(781, 4, 6, 219, 'http://www.karriere.at/jobs/finanzen/deutschland'),
(782, 4, 6, 165, 'https://www.startus.cc/jobs/sales/germany'),
(783, 4, 6, 218, 'https://www.experteer.de/jobs-finanzdienstleistung_finanzen_ind6000'),
(784, 4, 6, 190, 'https://stellenmarkt.faz.net/'),
(785, 4, 6, 208, 'https://www.stellenanzeigen.de/suche/?voll=finanzen'),
(786, 4, 6, 200, 'https://www.jobs.de/suche?utf8=%E2%9C%93&q=finanzen&loc='),
(787, 4, 6, 209, 'http://stellenmarkt.sueddeutsche.de/jobs?q=finanzen'),
(788, 4, 6, 200, 'https://www.yourfirm.de/suche/all/?Campaign=6&name=Finanzen&plz=&Taetigkeitsbereich=&Vertragsart=&Branche=&order='),
(789, 4, 6, 206, 'https://www.salesjob.de/ergebnisse/'),
(790, 4, 6, 204, 'https://jobs.meinestadt.de/deutschland/suche?words=finanzen'),
(791, 13, 1, 60, 'https://www.monster.co.uk/jobs/search/?q=designer&cy=uk'),
(792, 13, 1, 38, 'https://www.indeed.co.uk/jobs?q=designer&l=uk'),
(793, 13, 1, 79, 'https://www.totaljobs.com/jobs/designer'),
(794, 13, 1, 57, 'https://www.linkedin.com/jobs/search/?keywords=designer&location=Royaume-Uni&locationId=gb%3A0'),
(795, 13, 1, 61, 'http://neuvoo.co.uk/jobs/?k=designer&l=&f=&o=&p=&r=15'),
(796, 13, 1, 62, 'http://www.optioncarriere.com/recherche/emplois?s=designer&l=united+kingdom'),
(797, 13, 1, 160, 'https://www.reed.co.uk/jobs/designer?parentsector=media-digital-creative&sector=graphic-design'),
(798, 13, 1, 275, 'https://jobs.theguardian.com/jobs/design/united-kingdom/?Keywords=designer#browsing'),
(799, 13, 1, 234, 'http://creativepool.com/search/jobs/?q=designer'),
(800, 13, 1, 237, 'https://www.designjobsboard.com/'),
(801, 13, 1, 129, 'https://fashionunited.uk/fashion-jobs/design-and-creative/search/designer'),
(802, 13, 1, 236, 'http://designjobs.uk/#!search/'),
(803, 13, 1, 228, 'http://www.careersindesign.com/design-jobs/?sector%5B%5D=&job_location=&job_type=&Submit=Search+jobs'),
(804, 13, 1, 32, 'https://www.glassdoor.co.uk/Job/designer-jobs-SRCH_KO0,8.htm'),
(805, 13, 1, 285, 'http://www.designjobswales.co.uk/'),
(806, 13, 1, 239, 'http://www.drapersjobs.com/jobs/design/'),
(807, 13, 1, 171, 'https://www.adzuna.co.uk/jobs/search?q=designer&w=UK'),
(808, 13, 1, 272, 'https://www.technojobs.co.uk/ui-designer-jobs'),
(809, 13, 1, 232, 'http://www.gorkanajobs.co.uk/jobs/designer/'),
(810, 13, 1, 251, 'http://ifyoucouldjobs.com/'),
(811, 13, 1, 184, 'https://www.dezeenjobs.com/browse/interior-design-jobs'),
(812, 13, 1, 262, 'http://www.mustardjobs.co.uk/jobsearch/results/?finp=&DivisionTag=309759&PostitionTag=0&type=0&Region=0&x=34&y=15'),
(813, 13, 1, 30, 'http://uk.fashionjobs.com/s/?metier=&auto=0&msId=&categories=1&regions=&keyword='),
(814, 13, 1, 238, 'https://jobs.designweek.co.uk/jobs/#browsing'),
(815, 13, 1, 280, 'http://www.uxswitch.com/jobs/?list%5Blocation%5D=GB&mode=jobs&advanced=false'),
(816, 13, 1, 240, 'https://dribbble.com/jobs?utf8=%E2%9C%93&location=GB'),
(817, 13, 1, 273, 'https://the-dots.com/jobs/search/graphic-design-jobs'),
(818, 13, 1, 226, 'https://www.bespokecareers.com/uk/jobs'),
(819, 13, 1, 225, 'https://www.behance.net/joblist'),
(820, 13, 1, 19, 'http://www.designanddesign.com/jobs.php?cat=&offer=&keyword=&country=181'),
(821, 13, 1, 168, 'http://www.londonjobs.co.uk/cgi-bin/advsearch?search_type=quick&location_within=3&fp_skill_include=designer&location_include=&location_within=3'),
(823, 13, 1, 133, 'https://jobspotting.com/en/explore/W3sidmFsdWUiOiJkZXNpZ25lciIsImRpc3BsYXlfbmFtZSI6ImRlc2lnbmVyIiwiaXNfZnVsbHRleHQiOnRydWV9XQ%3D%3D'),
(824, 13, 2, 75, 'https://stackoverflow.com/jobs?sort=i&q=developer&l=United+Kingdom&d=20&u=Km'),
(825, 13, 2, 180, 'https://www.cwjobs.co.uk/'),
(826, 13, 2, 160, 'https://www.reed.co.uk/jobs/it-jobs?keywords=developer'),
(827, 13, 2, 60, 'https://www.monster.co.uk/jobs/search/?q=developer&cy=uk'),
(828, 13, 2, 38, 'https://www.indeed.co.uk/jobs?q=developer&l=uk'),
(829, 13, 2, 79, 'https://www.totaljobs.com/jobs/developer?s=header'),
(830, 13, 2, 57, 'https://www.linkedin.com/jobs/search/?keywords=developer&location=Royaume-Uni&locationId=gb%3A0'),
(831, 13, 2, 61, 'http://neuvoo.co.uk/jobs/?k=developer&l=&f=&p=1&r=25&duc=&v=&source=&openmap='),
(832, 13, 2, 62, 'http://www.optioncarriere.com/recherche/emplois?s=developer&l=united+kingdom'),
(833, 13, 2, 168, 'http://www.londonjobs.co.uk/cgi-bin/advsearch?search_type=quick&location_within=3&fp_skill_include=developer&location_include=&location_within=3'),
(834, 13, 2, 254, 'http://www.jobsite.co.uk/jobs/it'),
(835, 13, 2, 217, 'http://uk.dice.com/index.php?SearchTerms=DEVELOPER&Mode=AdvertSearch&lang=en&'),
(836, 13, 2, 272, 'https://www.technojobs.co.uk/search.phtml/developer/searchfield/location/radius20/salary0'),
(837, 13, 2, 30, 'http://uk.fashionjobs.com/s/?categories%5B%5D=17&metier%5B17%5D%5B%5D=118&metier%5B17%5D%5B%5D=247&metier%5B17%5D%5B%5D=177&metier%5B17%5D%5B%5D=248&metier%5B17%5D%5B%5D=164&soc=&keyword='),
(838, 13, 2, 244, 'http://www.fish4.co.uk/jobs/software-development/'),
(839, 13, 2, 281, 'http://www.webdeveloperjobs.co.uk/advanced-search/developer///all/page/1'),
(840, 13, 2, 253, 'http://www.jobs.ac.uk/search/?keywords=developer&salary_from=&salary_to=&category=3100&jobtype=&location=&sector=&show=25&x=0&y=0'),
(841, 13, 2, 267, 'https://remoteok.io/remote-dev-jobs'),
(842, 13, 2, 282, 'http://workinstartups.com/s/developer'),
(844, 13, 2, 283, 'https://www.xcede.co.uk/jobboard/cands/jobresults.asp?c=1&bms=1&localstrKeywords=developer&localdivIndustry=&localdivArea='),
(845, 13, 2, 261, 'http://www.mobiledeveloperjobs.co.uk/'),
(846, 13, 2, 32, 'https://www.glassdoor.co.uk/Job/developer-jobs-SRCH_KO0,9.htm'),
(847, 13, 2, 255, 'https://www.jobswype.co.uk/jobs?title=Developer&location=&radius=0&sorting=&display=&age='),
(848, 13, 2, 264, 'http://www.nijobs.com/Technical-Architecture-Jobs-in-UK'),
(849, 13, 2, 252, 'http://www.jobmanji.co.uk/developer/job-vacancies?search_title=developer'),
(850, 13, 3, 256, 'http://www.justengineers.net/'),
(851, 13, 3, 245, 'http://jobs.foodmanufacture.co.uk/jobs/engineering/'),
(852, 13, 3, 254, 'http://www.jobsite.co.uk/vacancies?search_type=quick&query=engineer&location=&fromTypeahead=0&jobTitle-input=&location-input=&radius=50'),
(853, 13, 3, 276, 'https://jobs.telegraph.co.uk/searchjobs/?Keywords=engineer&radialtown=&LocationId=&RadialLocation=5&Sector=1'),
(854, 13, 3, 160, 'https://www.reed.co.uk/jobs/engineering?keywords=engineer'),
(855, 13, 3, 60, 'https://www.monster.co.uk/jobs/search/?q=engineer&cy=uk&intcid=HP_HeroSearch'),
(856, 13, 3, 38, 'https://www.indeed.co.uk/jobs?q=engineer&l=uk'),
(857, 13, 3, 79, 'https://www.totaljobs.com/jobs/engineer'),
(858, 13, 3, 57, 'https://www.linkedin.com/jobs/search/?keywords=engineer&location=Royaume-Uni%20&locationId=gb%3A0'),
(859, 13, 3, 61, 'http://neuvoo.co.uk/jobs/?k=engineer&l=&f=&o=&p=&r=15'),
(860, 13, 3, 62, 'http://www.optioncarriere.com/recherche/emplois?s=engineer&l=united+kingdom'),
(861, 13, 3, 229, 'https://www.careerstructure.com/jobs/engineer'),
(862, 13, 3, 286, 'https://www.matchtech.com/engineering-jobs'),
(863, 13, 3, 253, 'http://www.jobs.ac.uk/jobs/engineering-and-technology'),
(864, 13, 3, 275, 'https://jobs.theguardian.com/jobs/engineering/?Keywords=engineer#browsing'),
(865, 13, 3, 279, 'http://www.topengineeringjobs.com/'),
(866, 13, 3, 254, 'http://www.jobsite.co.uk/vacancies?search_type=quick&query=engineer&location=&fromTypeahead=0&jobTitle-input=&location-input=&radius=50'),
(867, 13, 3, 274, 'https://jobs.theengineer.co.uk/'),
(869, 13, 3, 242, 'http://www.engineerboard.co.uk/'),
(870, 13, 3, 279, 'http://www.engineeringjobs.co.uk/'),
(871, 13, 3, 270, 'https://www.srg.co.uk/jobs?keywords=engineer'),
(872, 13, 3, 187, 'http://www.euroengineerjobs.com/job_search/location/united_kingdom/keyword/engineer/keyword_location/uk'),
(873, 13, 3, 243, 'https://www.fircroft.com/jobs/?sortdir=desc&q=engineer&pagesize=12&sortby=Rank'),
(874, 13, 3, 32, 'https://www.glassdoor.co.uk/Job/engineer-jobs-SRCH_KO0,8.htm'),
(875, 13, 4, 245, 'http://jobs.foodmanufacture.co.uk/jobs/sales-and-marketing/'),
(876, 13, 4, 257, 'https://jobs.kpmgcareers.co.uk/search/?q=marketing'),
(877, 13, 4, 224, 'http://www.bd4jobs.com/moreterms/jobposition/100/'),
(878, 13, 4, 168, 'http://www.londonjobs.co.uk/jobs/marketing/marketingandcommunications'),
(879, 13, 4, 254, 'http://www.jobsite.co.uk/jobs/marketing'),
(880, 13, 4, 253, 'http://www.jobs.ac.uk/categories/marketing'),
(881, 13, 4, 160, 'https://www.reed.co.uk/jobs/engineering?keywords=marketing'),
(882, 13, 4, 60, 'https://www.monster.co.uk/jobs/search/?q=marketing&cy=uk'),
(883, 13, 4, 38, 'https://www.indeed.co.uk/jobs?q=marketing&l=uk'),
(884, 13, 4, 79, 'https://www.totaljobs.com/jobs/marketing?s=header'),
(885, 13, 4, 57, 'https://www.linkedin.com/jobs/search/?keywords=marketing&location=Royaume-Uni%20&locationId=gb%3A0'),
(886, 13, 4, 61, 'http://neuvoo.co.uk/jobs/?k=marketing&l=&f=&p=1&r=25&duc=&v=&source=&openmap='),
(887, 13, 4, 62, 'http://www.optioncarriere.com/recherche/emplois?s=marketing&l=united+kingdom'),
(888, 13, 4, 277, 'http://jobs.thirdsector.co.uk/jobs/marketing/'),
(889, 13, 4, 247, 'http://jobs.thegrocer.co.uk/jobs/marketing/'),
(890, 13, 4, 265, 'http://www.onlydigitaljobs.com/searchjobs/?Keywords=marketing&radialtown=&LocationId=&RadialLocation=5'),
(891, 13, 4, 269, 'http://www.simplymarketingjobs.co.uk/jobs?keyword=marketing'),
(892, 13, 4, 275, 'https://jobs.theguardian.com/jobs/marketing-and-pr/england/'),
(893, 13, 4, 258, 'http://www.leisurejobs.com/jobs/sales-and-marketing-jobs/'),
(894, 13, 4, 241, 'http://www.emedcareers.com/jobs/pharmaceutical-marketing'),
(895, 13, 4, 227, 'http://www.campaignlive.co.uk/jobs/searchjobs/?Keywords=Marketing&radialtown=&LocationId=&RadialLocation=5'),
(896, 13, 4, 260, 'http://www.michaelpage.co.uk/browse/jobs/marketing-agency/all/all'),
(897, 13, 4, 259, 'http://www.marketingjobboard.co.uk/cgi-bin/advsearch'),
(898, 13, 4, 32, 'https://www.glassdoor.co.uk/Job/marketing-jobs-SRCH_KE0,9.htm'),
(899, 13, 4, 230, 'http://www.cartermurray.com/marketingjobsearch/germany'),
(900, 13, 4, 287, 'https://www.masonfrank.com/search?query=marketing&role%5B%5D=14&location%5B%5D=1054'),
(901, 13, 5, 160, 'https://www.reed.co.uk/jobs/engineering?keywords=architect'),
(902, 13, 5, 60, 'https://www.monster.co.uk/jobs/search/?q=architect&cy=uk'),
(903, 13, 5, 38, 'https://www.indeed.co.uk/jobs?q=architect&l=uk'),
(904, 13, 5, 79, 'https://www.totaljobs.com/jobs/architect?s=header'),
(905, 13, 5, 57, 'https://www.linkedin.com/jobs/search/?keywords=architect&location=Royaume-Uni%20&locationId=gb%3A0'),
(906, 13, 5, 61, 'http://neuvoo.co.uk/jobs/?k=architect&l=&f=&p=1&r=40&duc=&v=&source=&openmap='),
(907, 13, 5, 62, 'http://www.optioncarriere.com/recherche/emplois?s=architect&l=united+kingdom'),
(908, 13, 5, 221, 'http://archinect.com/jobs/search'),
(909, 13, 5, 231, 'http://www.careersinconstruction.com/jobs/architecture/'),
(910, 13, 5, 223, 'http://www.architecturejobs.co.uk/'),
(911, 13, 5, 184, 'https://www.dezeenjobs.com/browse/architecture-jobs'),
(912, 13, 5, 268, 'https://www.ribaappointments.com/'),
(913, 13, 5, 160, 'http://www.jobs.ac.uk/jobs/architecture-building-and-planning'),
(914, 13, 5, 220, 'https://adremgroup.com/channel/architecture/'),
(915, 13, 5, 249, 'http://www.hunterdunning.co.uk/'),
(916, 13, 5, 246, 'https://www.governmentjobs.com/jobs?keyword=Architecture'),
(917, 13, 5, 262, 'http://www.mustardjobs.co.uk/jobsearch/results/?finp=&DivisionTag=309757&PostitionTag=0&type=0&Region=0&x=51&y=25'),
(918, 13, 5, 171, 'https://www.adzuna.co.uk/jobs/search?q=architect&w=UK'),
(919, 13, 5, 254, 'http://www.jobsite.co.uk/vacancies?search_type=quick&query=architect&location=&fromTypeahead=0&jobTitle-input=&location-input=&radius=3'),
(920, 13, 5, 32, 'https://www.glassdoor.co.uk/Job/architect-jobs-SRCH_KO0,9.htm'),
(921, 13, 5, 248, 'https://www.gumtree.com/architecture-jobs/london'),
(922, 13, 5, 238, 'https://jobs.designweek.co.uk/jobs/interior/architect/'),
(923, 13, 5, 222, 'http://www.architectsjournaljobs.com/searchjobs/?Keywords=uk&radialtown=&LocationId=&RadialLocation=5'),
(924, 13, 6, 257, 'https://jobs.kpmgcareers.co.uk/search/?q=finance'),
(925, 13, 6, 160, 'https://www.reed.co.uk/jobs/finance'),
(926, 13, 6, 60, 'https://www.monster.co.uk/jobs/search/?q=finance&cy=uk'),
(927, 13, 6, 38, 'https://www.indeed.co.uk/Finance-jobs'),
(928, 13, 6, 79, 'https://www.totaljobs.com/jobs/finance'),
(929, 13, 6, 57, 'https://www.linkedin.com/jobs/search/?keywords=finance&location=Royaume-Uni%20&locationId=gb%3A0'),
(930, 13, 6, 61, 'http://neuvoo.co.uk/jobs/?k=finance&l=&f=&p=1&r=65&duc=&v=&source=&openmap='),
(931, 13, 6, 62, 'http://www.optioncarriere.com/recherche/emplois?s=finance&l=united+kingdom'),
(932, 13, 6, 26, 'http://www.efinancialcareers.co.uk/'),
(933, 13, 6, 233, 'http://www.cityjobs.com/'),
(934, 13, 6, 275, 'https://jobs.theguardian.com/jobs/finance/?Keywords=finance#browsing'),
(935, 13, 6, 160, 'http://www.jobs.ac.uk/jobs/finance'),
(936, 13, 6, 288, 'http://www.bankingjobsuk.co.uk/cgi-bin/advsearch?front_page_keyword_search=1&location_within=10&fp_skill_include=finance'),
(937, 13, 6, 168, 'http://www.londonjobs.co.uk/cgi-bin/advsearch?search_type=quick&location_within=3&fp_skill_include=finance&location_include=&location_within=3'),
(938, 13, 6, 276, 'https://jobs.telegraph.co.uk/jobs/finance/'),
(939, 13, 6, 254, 'http://www.jobsite.co.uk/vacancies?search_type=quick&query=finance&location=&fromTypeahead=0&jobTitle-input=&location-input=&radius=3'),
(940, 13, 6, 71, 'https://www.roberthalf.co.uk/job-search'),
(941, 13, 6, 266, 'http://www.pfjobs.co.uk/searchjobs/?Keywords=finance&radialtown=&LocationId=&RadialLocation=5'),
(942, 13, 6, 250, 'http://www.icaewjobs.com/'),
(943, 13, 6, 263, 'https://www.nationwide-jobs.co.uk/jobs/?search=finance&mylocation=&lat=&lng=&radius=40&salaryband=&contract=&pagesize=50#searcher'),
(944, 13, 6, 278, 'http://www.timewisejobs.co.uk/jobs/finance/'),
(945, 13, 6, 271, 'http://www.talentedge.co.uk/jobs/'),
(946, 13, 6, 235, 'https://jobs2.deloitte.com/uk/en'),
(947, 13, 6, 244, 'http://www.fish4.co.uk/jobs/?Keywords=finance#browsing'),
(948, 12, 1, 38, 'https://www.indeed.ch/Stellen?q=designer&l='),
(949, 12, 1, 90, 'https://www.careerjet.ch/suchen/stellenangebote?s=designer&l='),
(950, 12, 1, 51, 'https://ch.jooble.org/jobs-designer'),
(951, 12, 1, 57, 'https://www.linkedin.com/jobs/search/?keywords=designer&location=Suisse&locationId=ch%3A0'),
(952, 12, 1, 32, 'https://de.glassdoor.ch/Job/designer-jobs-SRCH_KO0,8.htm'),
(953, 12, 1, 80, 'https://jobs.trovit.ch/index.php/cod.search_jobs/what_d.designer/sug.0/isUserSearch.1'),
(954, 12, 1, 30, 'http://ch.fashionjobs.com/s/?metier=&auto=0&msId=&categories=1&regions=&keyword='),
(955, 12, 1, 61, 'http://neuvoo.ch/jobs/?k=designer&l=&f=&o=&p=&r=15'),
(956, 12, 1, 60, 'https://www.monster.ch/de/jobs/suche/?q=designer&cy=ch'),
(957, 12, 1, 299, 'https://www.jobs.ch/de/stellenangebote/?term=designer'),
(958, 12, 1, 62, 'https://www.optioncarriere.ch/emploi-designer.html'),
(960, 12, 1, 296, 'https://www.jobagent.ch/search?terms=designer'),
(961, 12, 1, 168, 'http://www.jobsinzurich.com/search?q=designer'),
(962, 12, 1, 184, 'https://www.dezeenjobs.com/browse/switzerland'),
(963, 12, 1, 168, 'http://www.jobsingeneva.com/search?q=designer'),
(964, 12, 1, 289, 'https://www.100000jobs.ch/r%C3%A9gion-gen%C3%A8ve?terms=designer'),
(965, 12, 1, 129, 'https://fashionunited.ch/jobs-in-der-mode/design-and-creative'),
(966, 12, 1, 305, 'https://www.jobup.ch/search/joblist.asp?cmd=showresults&mode=home&addcriterias=&categories=&cantons=&keywords=designer#1/1347973'),
(967, 12, 1, 300, 'https://www.jobscout24.ch/fr/jobs/design/'),
(968, 12, 1, 313, 'http://www.stages-emplois.ch/Emploi/Suisse/Designer/'),
(969, 12, 1, 19, 'http://www.designanddesign.com/'),
(970, 12, 1, 308, 'https://www.markenjobs.ch/suchdetail/key/design'),
(971, 12, 1, 310, 'https://medienjobs.ch/?fs=design'),
(972, 12, 1, 315, 'http://www.stellenmarkt.ch/jobs/suche/design/'),
(973, 12, 1, 311, 'https://www.pme-web.com/offres-emploi-marketing-digital-suisse/'),
(974, 12, 2, 38, 'https://www.indeed.ch/Stellen?q=developpeur&l='),
(975, 12, 2, 90, 'https://www.careerjet.ch/suchen/stellenangebote?s=developpeur&l=Schweiz'),
(976, 12, 2, 51, 'https://ch.jooble.org/jobs-developer'),
(977, 12, 2, 62, 'https://www.optioncarriere.ch/recherche/emplois?s=developpeur&l=Suisse'),
(978, 12, 2, 57, 'https://www.linkedin.com/jobs/search/?keywords=developpeur&location=Suisse&locationId=ch%3A0'),
(979, 12, 2, 32, 'https://de.glassdoor.ch/Job/developer-jobs-SRCH_KO0,9.htm'),
(980, 12, 2, 60, 'https://www.monster.ch/de/jobs/suche/?q=developer&cy=ch'),
(981, 12, 2, 80, 'https://jobs.trovit.ch/index.php/cod.search_jobs/type.0/what_d.developpeur/sug.0/isUserSearch.1'),
(982, 12, 2, 61, 'http://neuvoo.ch/jobs/?k=developer&l=&f=&p=1&r=15&duc=&v=&source=&openmap='),
(983, 12, 2, 299, 'https://www.jobs.ch/de/stellenangebote/?term=developer'),
(984, 12, 2, 289, 'https://www.100000jobs.ch/r%C3%A9gion-gen%C3%A8ve?terms=Developer'),
(985, 12, 2, 180, 'https://www.cwjobs.co.uk/jobs/software-engineer/in-switzerland'),
(986, 12, 2, 168, 'http://www.jobsinzurich.com/jobs/it'),
(987, 12, 2, 26, 'http://www.efinancialcareers.ch/en/jobs-Software_Developer-Switzerland.to052802658434'),
(988, 12, 2, 75, 'https://stackoverflow.com/jobs?sort=i&l=Switzerland&d=20&u=Km'),
(989, 12, 2, 305, 'https://www.jobup.ch/search/joblist.asp?cmd=showresults&mode=advanced&categories=11&subcategories=199&subcategories=13&subcategories=194&subcategories=197&subcategories=42&subcategories=71&subcategories=195&subcategories=1&subcategories=72&subcategories=1'),
(990, 12, 2, 301, 'https://www.jobserve.com/ch/en/software-developer-jobs-in-switzerland/'),
(991, 12, 2, 292, 'https://www.computerwork.com/ch/en/software-developer-jobs-in-switzerland/'),
(992, 12, 2, 168, 'http://www.jobsingeneva.com/search?q=Senior+Java+Developer'),
(993, 12, 2, 313, 'http://www.stages-emplois.ch/Emploi/Suisse/Developer/'),
(994, 12, 2, 300, 'https://www.jobscout24.ch/fr/jobs/developer'),
(995, 12, 2, 272, 'https://www.technojobs.co.uk/search.phtml/developer/searchfield/locationswitzerland/radius20/salary0/sortby5'),
(996, 12, 2, 293, 'http://earlyhire.ch/browse-startup-jobs?function_filter=1'),
(997, 12, 2, 15, 'https://switzerland.xpatjobs.com/search?ps=1&keyword=developer&city=&areas=12'),
(998, 12, 2, 291, 'http://www.carriere-info.fr/SUISSE-Emploi'),
(999, 12, 2, 304, 'https://www.job-too.ch/recherche?q=developer&q_location='),
(1000, 12, 2, 154, 'https://ictjobs.ch/'),
(1001, 12, 2, 308, 'https://www.markenjobs.ch/suchdetail/key/ENTWICKLER'),
(1002, 12, 2, 315, 'http://www.stellenmarkt.ch/Informatik/Telekommunikation/'),
(1003, 12, 2, 311, 'https://www.pme-web.com/offres-emploi-marketing-digital-suisse/'),
(1004, 12, 3, 38, 'https://www.indeed.ch/Stellen?q=ing%C3%A9nieur&l='),
(1005, 12, 3, 90, 'https://www.careerjet.ch/suchen/stellenangebote?s=ingenieur&l='),
(1006, 12, 3, 51, 'https://ch.jooble.org/jobs-ingenieur'),
(1007, 12, 3, 62, 'https://www.optioncarriere.ch/recherche/emplois?s=engineering&l=Suisse'),
(1008, 12, 3, 57, 'https://www.linkedin.com/jobs/search/?keywords=ingenieur&location=Suisse&locationId=ch%3A0'),
(1009, 12, 3, 32, 'https://de.glassdoor.ch/Job/ingenieur-jobs-SRCH_KO0,9.htm'),
(1010, 12, 3, 60, 'https://www.monster.ch/de/jobs/suche/?q=ingenieur&cy=ch'),
(1011, 12, 3, 80, 'https://jobs.trovit.ch/index.php/cod.search_jobs/type.0/what_d.ingenieur/sug.0/isUserSearch.1'),
(1012, 12, 3, 61, 'http://neuvoo.ch/jobs/?k=ingenieur&l=&f=&p=1&r=15&duc=&v=&source=&openmap='),
(1013, 12, 3, 299, 'https://www.jobs.ch/de/stellenangebote/?term=ingenieur'),
(1014, 12, 3, 289, 'https://www.100000jobs.ch/r%C3%A9gion-gen%C3%A8ve?terms=ingenieur'),
(1015, 12, 3, 187, 'http://www.euroengineerjobs.com/job_search/location/switzerland'),
(1016, 12, 3, 174, 'http://www.aviationjobsearch.com/switzerland?keyword=engineer'),
(1017, 12, 3, 305, 'https://www.jobup.ch/search/joblist.asp?cmd=showresults&mode=advanced&subcategories=46&keywords=&companytypes=0&employment_time=&employment_level_min=&employment_level_max=#1/1348630'),
(1018, 12, 3, 198, 'https://ingenieur-job.ch/'),
(1019, 12, 3, 297, 'https://emploi-ingenieur.ch/'),
(1020, 12, 3, 300, 'https://www.jobscout24.ch/fr/jobs/ing%C3%A9nieur/'),
(1021, 12, 3, 295, 'https://ingjobs.ch/fr/'),
(1022, 12, 3, 316, 'http://www.yodea.ch/jobs-5/'),
(1023, 12, 3, 317, 'https://alpha.ch/fr/jobs/?source=platform_homepage_tab_category&category-ids%5B%5D=110'),
(1024, 12, 3, 304, 'https://www.job-too.ch/recherche?q=ingenieur&q_location='),
(1025, 12, 3, 303, 'https://jobtic.ch/fr/emplois/toutes+les+categories/tous+les+metiers/toute+la+suisse/ingenieur'),
(1026, 12, 3, 306, 'https://www.jobwatch.ch/fr/offres/recherche?joboffer_search%5Bsearch_subject%5D=ingenieur&joboffer_search%5Bdate_range%5D%5Bfrom%5D=&joboffer_search%5Bdate_range%5D%5Bto%5D=&joboffer_search%5Bregions%5D%5Bcountry%5D=618&joboffer_search%5Bregions%5D%5Bsub_'),
(1027, 12, 3, 298, 'https://www.jobeo.ch/fr/rechercher?q=ingenieur&related_term_search='),
(1028, 12, 3, 211, 'https://jobs.thelocal.com/search/#results/5ab2b1e2585291407435a38e?kw=&loc=switzerland&page_num=1'),
(1029, 12, 3, 313, 'http://www.stages-emplois.ch/Emploi/Suisse/Engineer/'),
(1030, 12, 3, 168, 'http://www.jobsingeneva.com/search?q=engineer'),
(1031, 12, 3, 302, 'https://jobsuchmaschine.ch/fr/jobs/?query=engineer&category-ids%5B%5D=110'),
(1032, 12, 3, 318, 'http://www.suedostschweizjobs.ch/jobs-cat-Ingenieure+%2F+Techniker+TS%2FHF+%2F+Architekten'),
(1033, 12, 3, 315, 'http://www.stellenmarkt.ch/Bau/Architektur/Engineering/'),
(1034, 12, 4, 38, 'https://www.indeed.ch/Stellen?q=marketing&l='),
(1035, 12, 4, 90, 'https://www.careerjet.ch/suchen/stellenangebote?s=marketing&l=Schweiz'),
(1036, 12, 4, 51, 'https://ch.jooble.org/jobs-marketing'),
(1037, 12, 4, 62, 'https://www.optioncarriere.ch/recherche/emplois?s=marketing&l=Suisse'),
(1038, 12, 4, 57, 'https://www.linkedin.com/jobs/search/?keywords=marketing&location=Suisse&locationId=ch%3A0'),
(1039, 12, 4, 32, 'https://de.glassdoor.ch/Job/marketing-jobs-SRCH_KO0,9.htm'),
(1040, 12, 4, 60, 'https://www.monster.ch/de/jobs/suche/?q=marketing&cy=ch'),
(1041, 12, 4, 80, 'https://jobs.trovit.ch/index.php/cod.search_jobs/type.0/what_d.marketing/sug.0/isUserSearch.1'),
(1042, 12, 4, 61, 'http://neuvoo.ch/jobs/?k=marketing&l=&f=&p=1&r=15&duc=&v=&source=&openmap='),
(1043, 12, 4, 299, 'https://www.jobs.ch/de/stellenangebote/?term=marketing'),
(1044, 12, 4, 289, 'https://www.100000jobs.ch/r%C3%A9gion-gen%C3%A8ve?terms=Marketing'),
(1045, 12, 4, 305, 'https://www.jobup.ch/search/joblist.asp?cmd=showresults&mode=advanced&subcategories=18&subcategories=20&subcategories=60&subcategories=14&subcategories=65&subcategories=66&subcategories=92&keywords=&companytypes=0&employment_time=&employment_level_min=&em'),
(1047, 12, 4, 300, 'https://www.jobscout24.ch/fr/jobs/marketing'),
(1048, 12, 4, 129, 'https://fashionunited.ch/jobs-in-der-mode/sales-and-marketing'),
(1049, 12, 4, 241, 'http://www.emedcareers.com/cgi-bin/advsearch?search_type=quick&location_include=&fp_skill_include=marketing&jobTitle-input=&location-input=&location_within=20'),
(1050, 12, 4, 306, 'https://www.jobwatch.ch/fr/offres/recherche?joboffer_search%5Bsearch_subject%5D=marketing&joboffer_search%5Bdate_range%5D%5Bfrom%5D=&joboffer_search%5Bdate_range%5D%5Bto%5D=&joboffer_search%5Bregions%5D%5Bcountry%5D=618&joboffer_search%5Bregions%5D%5Bsub_'),
(1051, 12, 4, 304, 'https://www.job-too.ch/recherche?q=marketing&q_location='),
(1052, 12, 4, 298, 'https://www.jobeo.ch/fr/rechercher?q=marketing&related_term_search='),
(1053, 12, 4, 310, 'https://medienjobs.ch/?fcat=410'),
(1054, 12, 4, 307, 'https://jobwinner.ch/fr/jobs/?category-ids%5B%5D=104'),
(1055, 12, 4, 303, 'https://jobtic.ch/fr/emplois/toutes+les+categories/tous+les+metiers/toute+la+suisse/marketing'),
(1056, 12, 4, 293, 'http://earlyhire.ch/browse-startup-jobs?function_filter=3'),
(1057, 12, 4, 315, 'http://www.stellenmarkt.ch/Marketing/Kommunikation/Redaktion/'),
(1058, 12, 4, 313, 'http://www.stages-emplois.ch/Emploi/Suisse/Marketing/'),
(1060, 12, 4, 168, 'http://www.jobsingeneva.com/search?q=marketing'),
(1061, 12, 4, 309, 'http://www.marketing.ch/Jobs'),
(1062, 12, 4, 314, 'http://www.stellen-basel.ch/offene-stellen.php?from=0&berufsgruppe=40&fachbereich=0&stichwort=&search=Finden...'),
(1063, 12, 4, 311, 'https://www.pme-web.com/offres-emploi-marketing-digital-suisse/'),
(1064, 12, 4, 308, 'https://www.markenjobs.ch/suchdetail/key/Marketing'),
(1065, 12, 5, 38, 'https://www.indeed.ch/Stellen?q=architecte&l='),
(1066, 12, 5, 90, 'https://www.careerjet.ch/suchen/stellenangebote?s=architecte&l=Schweiz'),
(1067, 12, 5, 51, 'https://ch.jooble.org/jobs-architecte'),
(1068, 12, 5, 62, 'https://www.optioncarriere.ch/recherche/emplois?s=architecte&l=Suisse'),
(1069, 12, 5, 57, 'https://www.linkedin.com/jobs/search/?keywords=architecte&location=Suisse&locationId=ch%3A0'),
(1070, 12, 5, 80, 'https://jobs.trovit.ch/index.php/cod.search_jobs/type.0/what_d.architecte/sug.0/isUserSearch.1'),
(1071, 12, 5, 61, 'http://neuvoo.ch/jobs/?k=architecte&l=&f=&p=1&r=15&duc=&v=&source=&openmap='),
(1072, 12, 5, 299, 'https://www.jobs.ch/de/stellenangebote/?term=architekt'),
(1073, 12, 5, 289, 'https://www.100000jobs.ch/r%C3%A9gion-gen%C3%A8ve?terms=architecte'),
(1074, 12, 5, 305, 'https://www.jobup.ch/search/joblist.asp?cmd=showresults&mode=advanced&subcategories=4&subcategories=181&subcategories=182&subcategories=10&keywords=&companytypes=0&employment_time=&employment_level_min=&employment_level_max=#1/1349369'),
(1075, 12, 5, 315, 'http://www.stellenmarkt.ch/Bau/Architektur/Engineering/'),
(1076, 12, 5, 300, 'https://www.jobscout24.ch/fr/jobs/architekt'),
(1077, 12, 5, 304, 'https://www.job-too.ch/recherche?q=architecte&q_location='),
(1078, 12, 5, 298, 'https://www.jobeo.ch/fr/rechercher?q=architecte&related_term_search='),
(1079, 12, 5, 314, 'http://www.stellen-basel.ch/offene-stellen.php?from=0&berufsgruppe=89&fachbereich=0&stichwort=architekt&search=Finden...'),
(1080, 12, 5, 313, 'http://www.stages-emplois.ch/Emploi/Suisse/Architecte/'),
(1081, 12, 5, 302, 'https://jobsuchmaschine.ch/fr/jobs/?query=architekt&category-ids%5B%5D=110'),
(1082, 12, 5, 295, 'https://ingjobs.ch/de/jobs/?category-ids%5B0%5D=422'),
(1083, 12, 5, 317, 'https://alpha.ch/de/jobs/?query=Architekt'),
(1084, 12, 5, 290, 'https://www.architektura.ethz.ch/website/praktikum-jobs/'),
(1085, 12, 5, 312, 'http://www.sia.ch/de/dienstleistungen/sia-service/personalboerse/stellenboerse/job//0/nc/1/'),
(1086, 12, 5, 319, 'http://www.aecjob.ch/component/aecjob/searchjob?Itemid=966'),
(1087, 12, 6, 38, 'https://www.indeed.ch/Stellen?q=finance&l='),
(1088, 12, 6, 90, 'https://www.careerjet.ch/suchen/stellenangebote?s=finanz&l=Schweiz'),
(1089, 12, 6, 51, 'https://ch.jooble.org/jobs-financial'),
(1090, 12, 6, 62, 'https://www.optioncarriere.ch/recherche/emplois?s=finance&l=Suisse'),
(1091, 12, 6, 57, 'https://www.linkedin.com/jobs/search/?keywords=finance&location=Suisse&locationId=ch%3A0'),
(1092, 12, 6, 32, 'https://de.glassdoor.ch/Job/finance-jobs-SRCH_KE0,7.htm'),
(1093, 12, 6, 60, 'https://www.monster.ch/de/jobs/suche/?q=finance&cy=ch'),
(1094, 12, 6, 80, 'https://jobs.trovit.ch/index.php/cod.search_jobs/type.0/what_d.finanz/sug.0/isUserSearch.1'),
(1095, 12, 6, 61, 'http://neuvoo.ch/jobs/?k=financial&l=&f=&p=1&r=15&duc=&v=&source=&openmap='),
(1096, 12, 6, 30, 'http://ch.fashionjobs.com/s/?categories%5B%5D=10&metier%5B10%5D%5B%5D=137&metier%5B10%5D%5B%5D=133&metier%5B10%5D%5B%5D=135&metier%5B10%5D%5B%5D=130&metier%5B10%5D%5B%5D=131&metier%5B10%5D%5B%5D=132&metier%5B10%5D%5B%5D=136&soc=&keyword='),
(1097, 12, 6, 299, 'https://www.jobs.ch/de/stellenangebote/?term=finance'),
(1098, 12, 6, 26, 'http://www.efinancialcareers.ch/en/jobs-Accounting__Finance.s001'),
(1099, 12, 6, 289, 'https://www.100000jobs.ch/r%C3%A9gion-gen%C3%A8ve?terms=finanz'),
(1100, 12, 6, 305, 'https://www.jobup.ch/search/joblist.asp?cmd=showresults&mode=advanced&categories=5&subcategories=155&subcategories=154&subcategories=15&subcategories=19&subcategories=80&subcategories=44&subcategories=302&keywords=&companytypes=0&employment_time=&employme'),
(1101, 12, 6, 314, 'http://www.stellen-basel.ch/offene-stellen.php?from=0&berufsgruppe=9&fachbereich=0&stichwort='),
(1102, 12, 6, 303, 'https://jobtic.ch/fr/emplois/toutes+les+categories/tous+les+metiers/toute+la+suisse/finance'),
(1103, 12, 6, 307, 'https://jobwinner.ch/fr/jobs/?category-ids%5B%5D=130&category-ids%5B%5D=104'),
(1104, 12, 6, 293, 'http://earlyhire.ch/browse-startup-jobs?function_filter=10'),
(1105, 12, 6, 320, 'https://www.careerplus.ch/fr/offres-emploi-jobs/finance'),
(1106, 12, 6, 241, 'http://www.emedcareers.com/cgi-bin/advsearch?search_type=quick&location_include=Switzerland&fp_skill_include=marketing&jobTitle-input=&location-input=&location_within=20'),
(1107, 12, 6, 308, 'https://www.markenjobs.ch/suchdetail/key/finanzen?srch=1'),
(1108, 12, 6, 315, 'http://www.stellenmarkt.ch/Finanzen/Treuhand/Immobilien/'),
(1109, 12, 6, 298, 'https://www.jobeo.ch/fr/rechercher/?q=finance'),
(1110, 12, 6, 314, 'http://www.stellen-basel.ch/offene-stellen.php?from=0&berufsgruppe=9&fachbereich=0&stichwort=&search=Finden...'),
(1111, 12, 6, 313, 'http://www.stages-emplois.ch/Emploi/Suisse/Finance/'),
(1112, 12, 6, 294, 'https://financejobs.ch/de/');

-- --------------------------------------------------------

--
-- Structure de la table `sector`
--

CREATE TABLE `sector` (
  `sector_id` int(11) NOT NULL,
  `sector_label` varchar(255) NOT NULL
) ENGINE=InnoDB DEFAULT CHARSET=utf8;

--
-- Déchargement des données de la table `sector`
--

INSERT INTO `sector` (`sector_id`, `sector_label`) VALUES
(1, 'design'),
(2, 'engineer'),
(3, 'finance'),
(4, 'marketing'),
(5, 'programs'),
(6, 'architectures');

-- --------------------------------------------------------

--
-- Structure de la table `user`
--

CREATE TABLE `user` (
  `user_id` int(11) NOT NULL,
  `user_username` varchar(255) NOT NULL,
  `user_email` varchar(255) NOT NULL,
  `user_password` varchar(255) NOT NULL
) ENGINE=InnoDB DEFAULT CHARSET=utf8;

--
-- Déchargement des données de la table `user`
--

INSERT INTO `user` (`user_id`, `user_username`, `user_email`, `user_password`) VALUES
(1, 'userTest', 'test@test.fr', 'test');

-- --------------------------------------------------------

--
-- Structure de la table `website`
--

CREATE TABLE `website` (
  `website_id` int(11) NOT NULL,
  `website_label` varchar(255) NOT NULL
) ENGINE=InnoDB DEFAULT CHARSET=utf8;

--
-- Déchargement des données de la table `website`
--

INSERT INTO `website` (`website_id`, `website_label`) VALUES
(5, 'accenture'),
(6, 'admincompta'),
(7, 'aeroemploiformation'),
(8, 'angellist'),
(9, 'apec'),
(10, 'archibat'),
(11, 'azertyjobs'),
(12, 'batiactu'),
(13, 'beepjob'),
(14, 'cadremploi'),
(15, 'expatjobs'),
(16, 'cadresonline'),
(17, 'carriereindustrie'),
(18, 'chooseyoourboss'),
(19, 'designanddesign'),
(20, 'designfax'),
(21, 'developpezcom'),
(22, 'dogfinance'),
(23, 'dotjobs'),
(24, 'ecoleboulle'),
(25, 'ecoledesconde'),
(26, 'efinancialcareers'),
(27, 'emploimontagne'),
(28, 'emploipro'),
(29, 'etapes'),
(30, 'fashionjobs'),
(31, 'fnau'),
(32, 'glassdoor'),
(33, 'globalsportsjobs'),
(34, 'graphicjobs'),
(35, 'hellowork'),
(36, 'hudson'),
(37, 'iledefrancelordredesarchitectes'),
(38, 'indeed'),
(39, 'iquesta'),
(40, 'jobandcom'),
(41, 'jobculture'),
(42, 'jobenstock'),
(43, 'jobingenieur'),
(44, 'jobintree'),
(45, 'jobmarketingvente'),
(46, 'jobrapido'),
(47, 'jobsintech'),
(48, 'jobsmart'),
(49, 'jobtech'),
(50, 'jobtic'),
(51, 'jooble'),
(52, 'keljob'),
(53, 'lagazettedulaboratoire'),
(54, 'lelieududesign'),
(55, 'lemoniteuremploi'),
(56, 'lesjeudiscom'),
(57, 'linkedin'),
(58, 'linkfinance'),
(59, 'meteojob'),
(60, 'monster'),
(61, 'neuvoo'),
(62, 'optioncarriere'),
(63, 'ordredesarchtiectes'),
(64, 'outdoorsportsvalley'),
(65, 'poleemploi'),
(66, 'profilculture'),
(67, 'qapa'),
(68, 'recrut'),
(69, 'regionsjob'),
(70, 'remixjobs'),
(71, 'roberthalf'),
(72, 'sportcarriere'),
(73, 'sportstrategies'),
(74, 'sportyjob'),
(75, 'stackoverflow'),
(76, 'startuponly'),
(77, 'stepstone'),
(78, 'techniquedelingenieur'),
(79, 'totaljobs'),
(80, 'trovit'),
(81, 'uxjobs'),
(82, 'viadeo'),
(83, 'vitijob'),
(84, 'xpatjobs'),
(85, 'subito'),
(86, 'infojobs'),
(87, 'bakeca'),
(88, 'jobrapido'),
(89, 'jobgratis'),
(90, 'careerjet'),
(91, 'kijiji'),
(92, 'wickedin'),
(93, 'jobisjob'),
(94, 'mediamatch'),
(95, 'italiajobs'),
(96, 'crebs'),
(97, 'bancalavoro'),
(98, 'jolavoro'),
(99, 'lavoricreativi'),
(100, 'simplyhired'),
(101, 'gigroup'),
(102, 'jobijoba'),
(103, 'trovolavoro'),
(104, 'euspert'),
(105, 'iprogrammatori'),
(106, 'informaticalavoro'),
(107, 'injob'),
(108, 'jobnetwork'),
(109, 'extrajob'),
(110, 'springprofessional'),
(111, 'helplavoro'),
(112, 'lavoraincantiere'),
(113, 'jobsoul'),
(114, 'ingegnerivr'),
(115, 'badenochandclark'),
(116, 'pambiancojobs'),
(117, 'repubblica'),
(118, 'openjobmetis'),
(119, 'profesionarchitetto'),
(120, 'afashionmix'),
(121, 'aquihaytrabajo'),
(122, 'buscadordetrabajo'),
(123, 'careerbuilder'),
(124, 'clubdecreativos'),
(125, 'coam'),
(126, 'computrabajo'),
(127, 'cscae'),
(128, 'domestika'),
(129, 'fashionunited'),
(130, 'ingenieros'),
(131, 'insertia'),
(132, 'jobomas'),
(133, 'jobspotting'),
(134, 'jobtonic'),
(135, 'laboris'),
(136, 'linkmyjob'),
(137, 'opcionempleo'),
(138, 'portalparados'),
(139, 'primerempleo'),
(140, 'proempleo'),
(141, 'quieroempleo'),
(142, 'studentjob'),
(143, 'tecnoempleo'),
(144, 'trabajamos'),
(145, 'trabajando'),
(146, 'universia'),
(147, 'unmejorempleo'),
(148, 'infoempleo'),
(149, 'arquiparados'),
(150, 'adecco'),
(151, 'angellist'),
(152, 'creativeskillsbe'),
(153, 'digimedia'),
(154, 'ictjob'),
(155, 'jobinga'),
(156, 'moovijob'),
(157, 'myjobbe'),
(158, 'onlysalesjob'),
(159, 'ordredesarchitectes'),
(160, 'reedcouk'),
(161, 'stagesemploisbe'),
(162, 'uxdesigninbelgium'),
(163, 'vacature'),
(164, 'coroflot'),
(165, 'startus'),
(166, 'expatica'),
(167, 'jobatbe'),
(168, 'jobsinnetwork'),
(169, 'referencelesoir'),
(170, 'onlyengineeringjobs'),
(171, 'adzuna'),
(172, 'architektenjobs'),
(173, 'architektenkammernordrheinwestfalen'),
(174, 'aviationjobsearch'),
(175, 'bauingenieur24'),
(176, 'baunetz'),
(177, 'berlinstartupjobs'),
(178, 'competitionline'),
(179, 'creativecityberlin'),
(180, 'cwjobs'),
(181, 'designerdock'),
(182, 'designmadegermany'),
(183, 'designspotter'),
(184, 'dezeenjobs'),
(185, 'dt'),
(186, 'efinancialcareers'),
(187, 'euroengineerjobs'),
(188, 'expatjobseekerde'),
(189, 'finanzcareer'),
(190, 'franffurterallgemeinestellenmarkt'),
(191, 'gamescareer'),
(192, 'geekjobs'),
(193, 'germanitjobs'),
(194, 'germanystartupjobs'),
(195, 'how'),
(196, 'ingenieur-jobs'),
(197, 'ingenieur'),
(198, 'ingenieurjobs'),
(199, 'ingenieurweb'),
(200, 'jobsde'),
(201, 'kimeta'),
(202, 'makeitingermany'),
(203, 'meinejobsfinance'),
(204, 'meinestadt'),
(205, 'rubyonrailsjobboard'),
(206, 'salesjob'),
(207, 'sap'),
(208, 'stellananzeigen'),
(209, 'suddeutschezeitung'),
(210, 'thefrontendlab'),
(211, 'thelocal-l'),
(212, 'worldarchitects'),
(213, 'yourfirm'),
(214, 'zalando'),
(215, 'dasauge'),
(216, 'computerjobs'),
(217, 'dice'),
(218, 'experteerde'),
(219, 'karriereat'),
(220, 'adrem'),
(221, 'archinect'),
(222, 'architectsjournaljobs'),
(223, 'architecturejobs'),
(224, 'bd4jobs'),
(225, 'behance'),
(226, 'bespokecareers'),
(227, 'campaignjobs'),
(228, 'careersindesign'),
(229, 'careerstructure'),
(230, 'cartermurray'),
(231, 'cic'),
(232, 'cision'),
(233, 'cityjobs'),
(234, 'creativepools'),
(235, 'deloitte'),
(236, 'designjobs'),
(237, 'designjobsboard'),
(238, 'designweek'),
(239, 'Drapersjobs'),
(240, 'dribbble'),
(241, 'emedcareers'),
(242, 'engineerboard'),
(243, 'fircroft'),
(244, 'fish4jobs'),
(245, 'foodmanjobs'),
(246, 'governmentjobs'),
(247, 'grocerjobs'),
(248, 'gumtree'),
(249, 'hunterdunning'),
(250, 'icaewjobs'),
(251, 'ifyoucould'),
(252, 'jobmanji'),
(253, 'jobsacuk'),
(254, 'jobsite'),
(255, 'jobswype'),
(256, 'justengineers'),
(257, 'kpmg'),
(258, 'leisurejobs'),
(259, 'marketingjobboard'),
(260, 'michaelpage'),
(261, 'mobiledeveloper'),
(262, 'mustard'),
(263, 'nationwide'),
(264, 'nijobs'),
(265, 'onlydigitaljobs'),
(266, 'pfjobs'),
(267, 'remoteok'),
(268, 'ribaappointments'),
(269, 'simply'),
(270, 'srg'),
(271, 'talentedge'),
(272, 'technojobs'),
(273, 'thedots'),
(274, 'theengineer'),
(275, 'theguardianjobs'),
(276, 'thetelegraph'),
(277, 'thirdsectorjob'),
(278, 'timewisejobs'),
(279, 'topengineeringjobs'),
(280, 'uxswitch'),
(281, 'webdeveloper'),
(282, 'workinstartups'),
(283, 'xcede'),
(284, 'yourfoodjob'),
(285, 'designjobswales'),
(286, 'matchtech'),
(287, 'masonfrank'),
(288, 'bankingjobs'),
(289, '100000jobs'),
(290, 'architektura'),
(291, 'carriereinfo'),
(292, 'computerwork'),
(293, 'earlyhirech'),
(294, 'financejobs'),
(295, 'ingjobs'),
(296, 'jobagent'),
(297, 'jobchannel'),
(298, 'jobeo'),
(299, 'jobsch'),
(300, 'jobscout24'),
(301, 'jobserve'),
(302, 'jobsuchmaschine'),
(303, 'jobticch'),
(304, 'jobtoo'),
(305, 'jobupch'),
(306, 'jobwatch'),
(307, 'jobwinner'),
(308, 'markenjobs'),
(309, 'marketingch'),
(310, 'medienjobs'),
(311, 'pmeweb'),
(312, 'sia'),
(313, 'stagesemploisch'),
(314, 'stellenbasel'),
(315, 'stellenmarkt'),
(316, 'yodea'),
(317, 'alpha'),
(318, 'sudostschweizjobs'),
(319, 'aecjob'),
(320, 'careerplus');

--
-- Index pour les tables déchargées
--

--
-- Index pour la table `annonce`
--
ALTER TABLE `annonce`
  ADD PRIMARY KEY (`annonce_id`),
  ADD KEY `annonce_country_id` (`annonce_country_id`),
  ADD KEY `annonce_sector_id` (`annonce_sector_id`),
  ADD KEY `annonce_website_id` (`annonce_website_id`);

--
-- Index pour la table `continent`
--
ALTER TABLE `continent`
  ADD PRIMARY KEY (`continent_id`);

--
-- Index pour la table `country`
--
ALTER TABLE `country`
  ADD PRIMARY KEY (`country_id`),
  ADD KEY `country_continent_id` (`country_continent_id`);

--
-- Index pour la table `link`
--
ALTER TABLE `link`
  ADD PRIMARY KEY (`link_id`),
  ADD KEY `link_country_id` (`link_country_id`),
  ADD KEY `link_sector_id` (`link_sector_id`),
  ADD KEY `link_website_id` (`link_website_id`);

--
-- Index pour la table `sector`
--
ALTER TABLE `sector`
  ADD PRIMARY KEY (`sector_id`);

--
-- Index pour la table `user`
--
ALTER TABLE `user`
  ADD PRIMARY KEY (`user_id`);

--
-- Index pour la table `website`
--
ALTER TABLE `website`
  ADD PRIMARY KEY (`website_id`);

--
-- AUTO_INCREMENT pour les tables déchargées
--

--
-- AUTO_INCREMENT pour la table `annonce`
--
ALTER TABLE `annonce`
  MODIFY `annonce_id` int(11) NOT NULL AUTO_INCREMENT, AUTO_INCREMENT=7;

--
-- AUTO_INCREMENT pour la table `continent`
--
ALTER TABLE `continent`
  MODIFY `continent_id` int(11) NOT NULL AUTO_INCREMENT, AUTO_INCREMENT=7;

--
-- AUTO_INCREMENT pour la table `country`
--
ALTER TABLE `country`
  MODIFY `country_id` int(11) NOT NULL AUTO_INCREMENT, AUTO_INCREMENT=15;

--
-- AUTO_INCREMENT pour la table `link`
--
ALTER TABLE `link`
  MODIFY `link_id` int(11) NOT NULL AUTO_INCREMENT, AUTO_INCREMENT=1113;

--
-- AUTO_INCREMENT pour la table `sector`
--
ALTER TABLE `sector`
  MODIFY `sector_id` int(11) NOT NULL AUTO_INCREMENT, AUTO_INCREMENT=7;

--
-- AUTO_INCREMENT pour la table `user`
--
ALTER TABLE `user`
  MODIFY `user_id` int(11) NOT NULL AUTO_INCREMENT, AUTO_INCREMENT=2;

--
-- AUTO_INCREMENT pour la table `website`
--
ALTER TABLE `website`
  MODIFY `website_id` int(11) NOT NULL AUTO_INCREMENT, AUTO_INCREMENT=321;

--
-- Contraintes pour les tables déchargées
--

--
-- Contraintes pour la table `annonce`
--
ALTER TABLE `annonce`
  ADD CONSTRAINT `annonce_ibfk_1` FOREIGN KEY (`annonce_country_id`) REFERENCES `country` (`country_id`),
  ADD CONSTRAINT `annonce_ibfk_2` FOREIGN KEY (`annonce_sector_id`) REFERENCES `sector` (`sector_id`),
  ADD CONSTRAINT `annonce_ibfk_3` FOREIGN KEY (`annonce_website_id`) REFERENCES `website` (`website_id`);

--
-- Contraintes pour la table `country`
--
ALTER TABLE `country`
  ADD CONSTRAINT `country_ibfk_1` FOREIGN KEY (`country_continent_id`) REFERENCES `continent` (`continent_id`);

--
-- Contraintes pour la table `link`
--
ALTER TABLE `link`
  ADD CONSTRAINT `link_ibfk_1` FOREIGN KEY (`link_country_id`) REFERENCES `country` (`country_id`),
  ADD CONSTRAINT `link_ibfk_2` FOREIGN KEY (`link_sector_id`) REFERENCES `sector` (`sector_id`),
  ADD CONSTRAINT `link_ibfk_3` FOREIGN KEY (`link_website_id`) REFERENCES `website` (`website_id`);

/*!40101 SET CHARACTER_SET_CLIENT=@OLD_CHARACTER_SET_CLIENT */;
/*!40101 SET CHARACTER_SET_RESULTS=@OLD_CHARACTER_SET_RESULTS */;
/*!40101 SET COLLATION_CONNECTION=@OLD_COLLATION_CONNECTION */;
