-- phpMyAdmin SQL Dump
-- version 4.7.3
-- https://www.phpmyadmin.net/
--
-- Hôte : localhost:3306
-- Généré le :  lun. 02 avr. 2018 à 21:11
-- Version du serveur :  5.6.35
-- Version de PHP :  7.1.8

SET SQL_MODE = "NO_AUTO_VALUE_ON_ZERO";
SET time_zone = "+00:00";

--
-- Base de données :  `db_hideberg_test`
--

-- --------------------------------------------------------

--
-- Structure de la table `annonce`
--

CREATE TABLE `annonce` (
  `annonce_id` int(12) UNSIGNED NOT NULL,
  `annonce_website_id` int(12) UNSIGNED NOT NULL,
  `annonce_sector_id` int(12) UNSIGNED NOT NULL,
  `annonce_country_id` int(12) UNSIGNED NOT NULL,
  `annonce_description` varchar(255) DEFAULT NULL,
  `createdAt` datetime NOT NULL,
  `updatedAt` datetime NOT NULL,
  `version` int(11) NOT NULL DEFAULT '0'
) ENGINE=InnoDB DEFAULT CHARSET=utf8;

--
-- Déchargement des données de la table `annonce`
--

INSERT INTO `annonce` (`annonce_id`, `annonce_website_id`, `annonce_sector_id`, `annonce_country_id`, `annonce_description`, `createdAt`, `updatedAt`, `version`) VALUES
(1, 5, 1, 3, 'Description du poste dans le domaine du \"Design\" en \"France\" par \"accenture\"', '0000-00-00 00:00:00', '0000-00-00 00:00:00', 0),
(2, 6, 1, 3, 'Description du poste dans le domaine du \"Design\" en \"France\" par \"admincompta\"', '0000-00-00 00:00:00', '0000-00-00 00:00:00', 0),
(3, 7, 1, 3, 'Description du poste dans le domaine du \"Design\" en \"France\" par \"aeroemploiformation\"', '0000-00-00 00:00:00', '0000-00-00 00:00:00', 0),
(4, 8, 1, 3, 'Description du poste dans le domaine du \"Design\" en \"France\" par \"angellist\"', '0000-00-00 00:00:00', '0000-00-00 00:00:00', 0),
(5, 46, 5, 3, 'Description du poste dans le domaine du \"Programs\" en \"France\" par \"jobrapido\"', '0000-00-00 00:00:00', '0000-00-00 00:00:00', 0),
(6, 38, 2, 3, 'Dans un pays en pleine transition numérique, le futur stagiaire #Prox-i saura faire preuve d’une forte capacité d’intégration/adaptation, dans un environnement de travail sous le soleil des tropiques, les pieds dans l’eau : )', '0000-00-00 00:00:00', '0000-00-00 00:00:00', 0);

-- --------------------------------------------------------

--
-- Structure de la table `continent`
--

CREATE TABLE `continent` (
  `continent_id` int(12) UNSIGNED NOT NULL,
  `continent_label` varchar(20) NOT NULL,
  `createdAt` datetime NOT NULL,
  `updatedAt` datetime NOT NULL,
  `version` int(11) NOT NULL DEFAULT '0'
) ENGINE=InnoDB DEFAULT CHARSET=utf8;

--
-- Déchargement des données de la table `continent`
--

INSERT INTO `continent` (`continent_id`, `continent_label`, `createdAt`, `updatedAt`, `version`) VALUES
(1, 'africa', '2018-04-02 14:46:04', '2018-04-02 14:46:04', 0),
(2, 'asia', '2018-04-02 14:46:04', '2018-04-02 14:46:04', 0),
(3, 'europe', '2018-04-02 14:46:04', '2018-04-02 14:46:04', 0),
(4, 'northamerica', '2018-04-02 14:46:04', '2018-04-02 14:46:04', 0),
(5, 'southamerica', '2018-04-02 14:46:04', '2018-04-02 14:46:04', 0),
(6, 'oceania', '2018-04-02 14:46:04', '2018-04-02 14:46:04', 0);

-- --------------------------------------------------------

--
-- Structure de la table `country`
--

CREATE TABLE `country` (
  `country_id` int(12) UNSIGNED NOT NULL,
  `country_label` varchar(255) NOT NULL,
  `country_link_politic` varchar(255) DEFAULT NULL,
  `country_link_cv` varchar(255) DEFAULT NULL,
  `country_link_diplomatic` varchar(255) DEFAULT NULL,
  `createdAt` datetime NOT NULL,
  `updatedAt` datetime NOT NULL,
  `version` int(11) NOT NULL DEFAULT '0',
  `country_continent_id` int(12) UNSIGNED NOT NULL
) ENGINE=InnoDB DEFAULT CHARSET=utf8;

--
-- Déchargement des données de la table `country`
--

INSERT INTO `country` (`country_id`, `country_label`, `country_link_politic`, `country_link_cv`, `country_link_diplomatic`, `createdAt`, `updatedAt`, `version`, `country_continent_id`) VALUES
(1, 'austria', NULL, NULL, NULL, '2018-04-02 14:46:04', '2018-04-02 14:46:04', 0, 3),
(2, 'belgium', NULL, NULL, NULL, '2018-04-02 14:46:04', '2018-04-02 14:46:04', 0, 3),
(3, 'france', NULL, 'http://europass.cedefop.europa.eu/sites/default/files/europass_cv_instructions_fr.pdf', NULL, '2018-04-02 14:46:04', '2018-04-02 14:46:04', 0, 3),
(4, 'germany', NULL, NULL, NULL, '2018-04-02 14:46:04', '2018-04-02 14:46:04', 0, 3),
(5, 'hungary', NULL, NULL, NULL, '2018-04-02 14:46:04', '2018-04-02 14:46:04', 0, 3),
(6, 'irland', NULL, NULL, NULL, '2018-04-02 14:46:04', '2018-04-02 14:46:04', 0, 3),
(7, 'italy', NULL, NULL, NULL, '2018-04-02 14:46:04', '2018-04-02 14:46:04', 0, 3),
(8, 'luxembourg', NULL, NULL, NULL, '2018-04-02 14:46:04', '2018-04-02 14:46:04', 0, 3),
(9, 'netherlands', NULL, NULL, NULL, '2018-04-02 14:46:04', '2018-04-02 14:46:04', 0, 3),
(10, 'spain', NULL, NULL, NULL, '2018-04-02 14:46:04', '2018-04-02 14:46:04', 0, 3),
(11, 'portugal', NULL, NULL, NULL, '2018-04-02 14:46:04', '2018-04-02 14:46:04', 0, 3),
(12, 'swissland', NULL, NULL, NULL, '2018-04-02 14:46:04', '2018-04-02 14:46:04', 0, 3),
(13, 'uk', NULL, NULL, NULL, '2018-04-02 14:46:04', '2018-04-02 14:46:04', 0, 3);

-- --------------------------------------------------------

--
-- Structure de la table `link`
--

CREATE TABLE `link` (
  `link_id` int(12) UNSIGNED NOT NULL,
  `link_url` varchar(512) NOT NULL,
  `createdAt` datetime NOT NULL,
  `updatedAt` datetime NOT NULL,
  `version` int(11) NOT NULL DEFAULT '0',
  `link_country_id` int(12) UNSIGNED NOT NULL,
  `link_sector_id` int(12) UNSIGNED NOT NULL,
  `link_website_id` int(12) UNSIGNED NOT NULL
) ENGINE=InnoDB DEFAULT CHARSET=utf8;

--
-- Déchargement des données de la table `link`
--

INSERT INTO `link` (`link_id`, `link_url`, `createdAt`, `updatedAt`, `version`, `link_country_id`, `link_sector_id`, `link_website_id`) VALUES
(1, 'https://www.monster.fr/emploi/q-emploi-design.aspx', '0000-00-00 00:00:00', '0000-00-00 00:00:00', 0, 3, 1, 60),
(2, 'https://www.profilculture.com/annonce/Emplois-Art-Design-Architecture', '0000-00-00 00:00:00', '0000-00-00 00:00:00', 0, 3, 1, 66),
(3, 'http://www.jobculture.fr/emplois-culture/emploi-design/', '0000-00-00 00:00:00', '0000-00-00 00:00:00', 0, 3, 1, 41),
(4, 'https://cadres.apec.fr/liste-offres-emploi-cadres/8_____________offre-d-emploi.html?sortsType=SCORE&sortsDirection=DESCENDING&nbParPage=20&typeAffichage=detaille&page=0&distance=0&motsCles=designer', '0000-00-00 00:00:00', '0000-00-00 00:00:00', 0, 3, 1, 9),
(5, 'http://www.lelieududesign.com/offres-d-emploi', '0000-00-00 00:00:00', '0000-00-00 00:00:00', 0, 3, 1, 54),
(6, 'http://jobs.etapes.com/', '0000-00-00 00:00:00', '0000-00-00 00:00:00', 0, 3, 1, 29),
(10, 'https://www.meteojob.com/jobsearch/offers?what=designer', '0000-00-00 00:00:00', '0000-00-00 00:00:00', 0, 3, 1, 59),
(11, 'https://www.graphic-jobs.com/graphiste', '0000-00-00 00:00:00', '0000-00-00 00:00:00', 0, 3, 1, 34),
(12, 'https://fr.jooble.org/emploi-designer-', '0000-00-00 00:00:00', '0000-00-00 00:00:00', 0, 3, 1, 51),
(13, 'https://www.design-fax.fr/category/offres-emploi/', '0000-00-00 00:00:00', '0000-00-00 00:00:00', 0, 3, 1, 20),
(14, 'http://uxjobs.fr/', '0000-00-00 00:00:00', '0000-00-00 00:00:00', 0, 3, 1, 81),
(15, 'http://www.ecoles-conde.com/entreprise/consulter-les-offres/', '0000-00-00 00:00:00', '0000-00-00 00:00:00', 0, 3, 1, 25),
(16, 'http://www.optioncarriere.com/recherche/emplois?s=Designer&l=France&lid=57', '0000-00-00 00:00:00', '0000-00-00 00:00:00', 0, 3, 1, 62),
(17, 'http://www.ecole-boulle.org/emploi', '0000-00-00 00:00:00', '0000-00-00 00:00:00', 0, 3, 1, 24),
(18, 'https://candidat.pole-emploi.fr/offres/recherche;JSESSIONID_RECH_OFFRE=N3JirrPIJ_inBGQso7g4U-SeLMue80bbpx87jWenrRiNsqNyPaCj!-1412110013?motsCles=designer&offresPartenaires=true&rayon=10&tri=0', '0000-00-00 00:00:00', '0000-00-00 00:00:00', 0, 3, 1, 65),
(19, 'https://www.linkedin.com/jobs/search/?keywords=Designer&location=France&locationId=fr%3A0', '0000-00-00 00:00:00', '0000-00-00 00:00:00', 0, 3, 1, 57),
(20, 'https://www.accenture.com/fr-fr/careers/jobsearch?jk=design', '0000-00-00 00:00:00', '0000-00-00 00:00:00', 0, 3, 1, 5),
(21, 'https://www.beepjob.com/emploi-metier/designer;4098?orderDefault=1&orderBy=pertinence', '0000-00-00 00:00:00', '0000-00-00 00:00:00', 0, 3, 1, 13),
(22, 'https://neuvoo.fr/emplois/?k=designer&l=&f=&o=&p=&r=15', '0000-00-00 00:00:00', '0000-00-00 00:00:00', 0, 3, 1, 61),
(23, 'http://www.jobintree.com/emploi/designer', '0000-00-00 00:00:00', '0000-00-00 00:00:00', 0, 3, 1, 44),
(24, 'https://www.optioncarriere.com/recherche/emplois?s=designer&l=France', '0000-00-00 00:00:00', '0000-00-00 00:00:00', 0, 3, 1, 62),
(25, 'http://www.designanddesign.com/jobs.php?cat=&offer=&keyword=&country=60', '0000-00-00 00:00:00', '0000-00-00 00:00:00', 0, 3, 1, 19),
(26, 'https://www.indeed.fr/emplois?q=designer&l=', '0000-00-00 00:00:00', '0000-00-00 00:00:00', 0, 3, 1, 38),
(27, 'https://emploi.trovit.fr/index.php/cod.search_jobs/what_d.designer/sug.0/isUserSearch.1', '0000-00-00 00:00:00', '0000-00-00 00:00:00', 0, 3, 1, 80),
(28, 'http://fr.fashionjobs.com/s/?metier=&auto=0&msId=&categories=1&regions=&keyword=', '0000-00-00 00:00:00', '0000-00-00 00:00:00', 0, 3, 1, 30),
(29, 'https://france.xpatjobs.com/search/?areas=5&job_type=0&pagenum=2&keyword=designer&ref=&language=&jobDescriptionLanguage=&city=&order=0&min_date=', '0000-00-00 00:00:00', '0000-00-00 00:00:00', 0, 3, 1, 84),
(30, 'https://www.hellowork.io/emplois/recherche.html?j=Designer+&j_autocomplete=&l=&l_autocomplete=', '0000-00-00 00:00:00', '0000-00-00 00:00:00', 0, 3, 1, 35),
(31, 'http://fr.jobrapido.com/Offres-d-emploi-pour-Designer?p=2', '0000-00-00 00:00:00', '0000-00-00 00:00:00', 0, 3, 1, 46),
(32, 'https://fr.viadeo.com/fr/jobs/search?keywords=designer&location=&page=1&address=&noAddress=false&', '0000-00-00 00:00:00', '0000-00-00 00:00:00', 0, 3, 1, 82),
(33, 'https://remixjobs.com/Emploi-designer', '0000-00-00 00:00:00', '0000-00-00 00:00:00', 0, 3, 1, 70),
(34, 'http://emploi.outdoorsportsvalley.org/offres.aspx', '0000-00-00 00:00:00', '0000-00-00 00:00:00', 0, 3, 1, 64),
(35, 'https://www.keljob.com/recherche?q=designer', '0000-00-00 00:00:00', '0000-00-00 00:00:00', 0, 3, 1, 52),
(36, 'https://www.qapa.fr/utilisateurs/offres-d-emploi/rechercher-une-offre-d-emploi?q=designer&location=&lat_center=&lng_center=&lat_ne=&lng_ne=&lat_sw=&lng_sw=&maximum_distance=30000&p=0&is_v=1', '0000-00-00 00:00:00', '0000-00-00 00:00:00', 0, 3, 1, 67),
(37, 'https://www.indeed.fr/emplois?q=d%C3%A9veloppeur&l=', '0000-00-00 00:00:00', '0000-00-00 00:00:00', 0, 3, 5, 38),
(38, 'https://www.chooseyourboss.com/offres/emploi-it', '0000-00-00 00:00:00', '0000-00-00 00:00:00', 0, 3, 5, 18),
(39, 'http://fr.jobrapido.com/?w=developpeur', '0000-00-00 00:00:00', '0000-00-00 00:00:00', 0, 3, 5, 46),
(40, 'https://emploi.trovit.fr/index.php/cod.search_adwords_jobs/ppc_landing_type.2/type.0/what_d.d%C3%A9veloppeur/sug.0/tracking.%7B%22d%22:%22c%22,%22a%22:10711733539,%22targetid%22:%22kwd-3500219942%22,%22k%22:3500219942%7D/isUserSearch.1/origin.11', '0000-00-00 00:00:00', '0000-00-00 00:00:00', 0, 3, 5, 80),
(41, 'https://www.optioncarriere.com/emploi-developpeur.html', '0000-00-00 00:00:00', '0000-00-00 00:00:00', 0, 3, 5, 62),
(42, 'https://www.lesjeudis.com/recherche?q=d%C3%A9veloppeur+&loc=', '0000-00-00 00:00:00', '0000-00-00 00:00:00', 0, 3, 5, 56),
(43, 'https://www.jobsintech.io/search/paris', '0000-00-00 00:00:00', '0000-00-00 00:00:00', 0, 3, 5, 47),
(44, 'https://www.glassdoor.fr/Emploi/france-developer-emplois-SRCH_IL.0,6_IN86_KO7,16.htm?radius=18', '0000-00-00 00:00:00', '0000-00-00 00:00:00', 0, 3, 5, 32),
(45, 'https://angel.co/r/france/developer/jobs', '0000-00-00 00:00:00', '0000-00-00 00:00:00', 0, 3, 5, 8),
(46, 'https://stackoverflow.com/jobs?sort=i&q=developer&l=france&d=20&u=K', '0000-00-00 00:00:00', '0000-00-00 00:00:00', 0, 3, 5, 75),
(47, 'http://www.jobsmart.fr/jobs?w=D%C3%A9veloppeur&l=', '0000-00-00 00:00:00', '0000-00-00 00:00:00', 0, 3, 5, 48),
(48, 'https://www.linkedin.com/jobs/search/?keywords=D%C3%A9veloppeur&locationId=fr%3A0', '0000-00-00 00:00:00', '0000-00-00 00:00:00', 0, 3, 5, 57),
(49, 'https://remixjobs.com/', '0000-00-00 00:00:00', '0000-00-00 00:00:00', 0, 3, 5, 70),
(50, 'https://startuponly.com/?q=developpeur&place_name=&lat=&lng=&rad=&offset=0&m=', '0000-00-00 00:00:00', '0000-00-00 00:00:00', 0, 3, 5, 76),
(51, 'http://www.regionsjob.com/emploi/recherche?f=Informatique_dev', '0000-00-00 00:00:00', '0000-00-00 00:00:00', 0, 3, 5, 69),
(52, 'http://www.recrut.com/les_offres/famille_metier_id:33', '0000-00-00 00:00:00', '0000-00-00 00:00:00', 0, 3, 5, 68),
(53, 'https://www.monster.fr/emploi/recherche/?q=Developpeur&cy=fr&intcid=HP_HeroSearch&rad=20', '0000-00-00 00:00:00', '0000-00-00 00:00:00', 0, 3, 5, 60),
(54, 'http://www.jobtic.fr/en/', '0000-00-00 00:00:00', '0000-00-00 00:00:00', 0, 3, 5, 50),
(55, 'https://france.xpatjobs.com/search?ps=1&keyword=developpeur&city=&areas=5', '0000-00-00 00:00:00', '0000-00-00 00:00:00', 0, 3, 5, 84),
(56, 'https://www.hellowork.io/emplois/recherche.html?j=D%C3%A9veloppeur+informatique&j_autocomplete=Developpeur&gclid=Cj0KEQjw8tbHBRC6rLS024qYjtEBEiQA7wIDeRYL5kj2O7ns0ldrZiD3PLv7ECQ47G8yXs4BNOAw028aAqFL8P8HAQ', '0000-00-00 00:00:00', '0000-00-00 00:00:00', 0, 3, 5, 35),
(57, 'https://neuvoo.fr/emplois/?k=programmeur&l=&f=&p=1&r=15&duc=&v=&source=&openmap=', '0000-00-00 00:00:00', '0000-00-00 00:00:00', 0, 3, 5, 61),
(58, 'https://www.webmarketing-com.com/emploi/jobs/find/?query=developpeur&category=', '0000-00-00 00:00:00', '0000-00-00 00:00:00', 0, 3, 5, 40),
(59, 'https://www.meteojob.com/jobsearch/offers?what=developpeur', '0000-00-00 00:00:00', '0000-00-00 00:00:00', 0, 3, 5, 59),
(60, 'https://www.keljob.com/recherche?q=developpeur', '0000-00-00 00:00:00', '0000-00-00 00:00:00', 0, 3, 5, 52),
(61, 'https://www.qapa.fr/utilisateurs/offres-d-emploi/rechercher-une-offre-d-emploi?q=developpeur&idx=qapa_production_fr_fr_offers&p=0&location=&lat_center=&lng_center=&lat_ne=&lng_ne=&lat_sw=&lng_sw=&maximum_distance=30000&is_v=1', '0000-00-00 00:00:00', '0000-00-00 00:00:00', 0, 3, 5, 67),
(62, 'https://www.indeed.fr/France-Emplois-Ingenieur', '0000-00-00 00:00:00', '0000-00-00 00:00:00', 0, 3, 2, 38),
(63, 'http://www.jobingenieur.com/', '0000-00-00 00:00:00', '0000-00-00 00:00:00', 0, 3, 2, 43),
(64, 'https://www.monster.fr/emploi/recherche/?q=Ing__C3__A9nieur-&where=France', '0000-00-00 00:00:00', '0000-00-00 00:00:00', 0, 3, 2, 60),
(65, 'https://www.cadremploi.fr/emploi/', '0000-00-00 00:00:00', '0000-00-00 00:00:00', 0, 3, 2, 14),
(66, 'https://www.optioncarriere.com/recherche/emplois?s=ing%C3%A9nieur', '0000-00-00 00:00:00', '0000-00-00 00:00:00', 0, 3, 2, 62),
(67, 'https://emploi.techniques-ingenieur.fr/offres/search.do?poste=ing%C3%A9nieur&pays=&salaire=&region=&secteur=&contrat=&search_job_submit.x=0&search_job_submit.y=0&search_job_submit=Rechercher', '0000-00-00 00:00:00', '0000-00-00 00:00:00', 0, 3, 2, 78),
(68, 'https://www.lesjeudis.com/recherche?q=ingenieur&loc=', '0000-00-00 00:00:00', '0000-00-00 00:00:00', 0, 3, 2, 56),
(69, 'https://www.regionsjob.com/offre/chef-de-projet-informatique', '0000-00-00 00:00:00', '0000-00-00 00:00:00', 0, 3, 2, 69),
(70, 'https://www.beepjob.com/ad/search?motscles=ing%C3%A9nieur&orderDefault=1&orderBy=pertinence&depuis=', '0000-00-00 00:00:00', '0000-00-00 00:00:00', 0, 3, 2, 13),
(71, 'https://www.gazettelabo.fr/PA/pa3.php?choix=offreemploi&type=ingenieur', '0000-00-00 00:00:00', '0000-00-00 00:00:00', 0, 3, 2, 53),
(72, 'https://www.glassdoor.fr/Emploi/france-engineering-emplois-SRCH_IL.0,6_IN86_KE7,18.htm?radius=18', '0000-00-00 00:00:00', '0000-00-00 00:00:00', 0, 3, 2, 32),
(73, 'https://www.totaljobs.com/jobs/engineering/in-france', '0000-00-00 00:00:00', '0000-00-00 00:00:00', 0, 3, 2, 79),
(74, 'http://www.jobsmart.fr/jobs?w=ingenieur&l=', '0000-00-00 00:00:00', '0000-00-00 00:00:00', 0, 3, 1, 48),
(75, 'https://www.linkedin.com/jobs/search/?keywords=ingenieur&location=&locationId=fr%3A0', '0000-00-00 00:00:00', '0000-00-00 00:00:00', 0, 3, 1, 57),
(76, 'https://france.xpatjobs.com/search?ps=1&keyword=ing%C3%A9nieur&city=&areas=5', '0000-00-00 00:00:00', '0000-00-00 00:00:00', 0, 3, 2, 84),
(77, 'https://jobs-eu.hudson.com/en-fr/technical-and-engineering-jobs/', '0000-00-00 00:00:00', '0000-00-00 00:00:00', 0, 3, 2, 36),
(78, 'https://www.accenture.com/fr-fr/careers/jobsearch?jk=ing%C3%A9nieur', '0000-00-00 00:00:00', '0000-00-00 00:00:00', 0, 3, 2, 5),
(79, 'http://fr.viadeo.com/fr/jobs/offresdemploi/?country=fr&keywords=ingenieur ', '0000-00-00 00:00:00', '0000-00-00 00:00:00', 0, 3, 2, 82),
(80, 'http://www.emploi-montagne.com/?s=Ing%C3%A9nieur', '0000-00-00 00:00:00', '0000-00-00 00:00:00', 0, 3, 2, 27),
(81, 'https://emploi.trovit.fr/index.php/cod.search_jobs/what_d.ing%C3%A9nieur/sug.0/isUserSearch.1', '0000-00-00 00:00:00', '0000-00-00 00:00:00', 0, 3, 2, 80),
(82, 'https://www.jobtech.fr/offre-emploi.html?offset=0&reloadedSearch=1', '0000-00-00 00:00:00', '0000-00-00 00:00:00', 0, 3, 2, 49),
(83, 'http://www.aeroemploiformation.com/', '0000-00-00 00:00:00', '0000-00-00 00:00:00', 0, 3, 2, 7),
(84, 'https://www.carriere-industrie.com/candidatOffre/search/mot_cle/ing%C3%A9nieur', '0000-00-00 00:00:00', '0000-00-00 00:00:00', 0, 3, 2, 17),
(85, 'https://neuvoo.fr/emplois/?k=ing%C3%A9nieur&l=&f=&p=1&r=15&duc=&v=&source=&openmap=', '0000-00-00 00:00:00', '0000-00-00 00:00:00', 0, 3, 2, 61),
(86, 'https://emploi.trovit.fr/index.php/cod.search_jobs/type.0/what_d.ing%C3%A9nieur/sug.0/isUserSearch.1/origin.1', '0000-00-00 00:00:00', '0000-00-00 00:00:00', 0, 3, 2, 80),
(87, 'https://www.meteojob.com/jobsearch/offers?what=ing%C3%A9nieur', '0000-00-00 00:00:00', '0000-00-00 00:00:00', 0, 3, 2, 59),
(88, 'https://www.keljob.com/recherche?q=ing%C3%A9nieur', '0000-00-00 00:00:00', '0000-00-00 00:00:00', 0, 3, 2, 52),
(89, 'https://www.hellowork.io/emplois/recherche.html?j=ing%C3%A9nieur&j_autocomplete=&l=&l_autocomplete=', '0000-00-00 00:00:00', '0000-00-00 00:00:00', 0, 3, 2, 35),
(90, 'https://www.optioncarriere.com/recherche/emplois?s=ing%C3%A9nieur&l=France', '0000-00-00 00:00:00', '0000-00-00 00:00:00', 0, 3, 2, 62),
(91, 'https://www.qapa.fr/utilisateurs/offres-d-emploi/rechercher-une-offre-d-emploi?q=ing%C3%A9nieur&idx=qapa_production_fr_fr_offers&p=0&location=&lat_center=&lng_center=&lat_ne=&lng_ne=&lat_sw=&lng_sw=&maximum_distance=30000&is_v=1', '0000-00-00 00:00:00', '0000-00-00 00:00:00', 0, 3, 2, 67),
(92, 'https://jobs-eu.hudson.com/en-fr/', '0000-00-00 00:00:00', '0000-00-00 00:00:00', 0, 3, 4, 36),
(93, 'https://www.cadremploi.fr/emploi/liste_offres?fct=30500', '0000-00-00 00:00:00', '0000-00-00 00:00:00', 0, 3, 4, 14),
(94, 'https://www.linkedin.com/jobs/search/?country=fr&keywords=marketing&location=France&locationId=fr%3A0', '0000-00-00 00:00:00', '0000-00-00 00:00:00', 0, 3, 4, 57),
(95, 'https://www.totaljobs.com/jobs/marketing/in-france', '0000-00-00 00:00:00', '0000-00-00 00:00:00', 0, 3, 4, 79),
(96, 'https://www.glassdoor.fr/Emploi/france-marketing-emplois-SRCH_IL.0,6_IN86_KO7,16.htm?radius=18', '0000-00-00 00:00:00', '0000-00-00 00:00:00', 0, 3, 4, 32),
(97, 'https://www.sportyjob.com/fr/emplois-sport/?fwp_keyword_search=marketing', '0000-00-00 00:00:00', '0000-00-00 00:00:00', 0, 3, 4, 74),
(98, 'https://azertyjobs.com/', '0000-00-00 00:00:00', '0000-00-00 00:00:00', 0, 3, 4, 11),
(99, 'https://startuponly.com/', '0000-00-00 00:00:00', '0000-00-00 00:00:00', 0, 3, 4, 76),
(100, 'https://neuvoo.fr/services/direct-jobs/direct-jobs-page-a.php?l=Paris&k=marketing', '0000-00-00 00:00:00', '0000-00-00 00:00:00', 0, 3, 4, 61),
(101, 'https://www.indeed.fr/Emplois-Marketing', '0000-00-00 00:00:00', '0000-00-00 00:00:00', 0, 3, 4, 38),
(102, 'https://www.keljob.com/recherche?q=marketing&xtor=SEC-70&gclid=CjwKEAiArvTFBRCLq5-7-MSJ0jMSJABHBvp0gG6b7sfpMFg4NpdI9C43tJZh6oaCYDbe26pMCJYX_BoCCTnw_wcB', '0000-00-00 00:00:00', '0000-00-00 00:00:00', 0, 3, 4, 52),
(103, 'https://www.monster.fr/emploi/recherche/?q=Marketing-', '0000-00-00 00:00:00', '0000-00-00 00:00:00', 0, 3, 4, 60),
(104, 'https://www.jobmarketingvente.com/toutes-les-offres-d-emploi.html', '0000-00-00 00:00:00', '0000-00-00 00:00:00', 0, 3, 4, 45),
(105, 'https://www.stepstone.fr/5/offre-emploi.html', '0000-00-00 00:00:00', '0000-00-00 00:00:00', 0, 3, 4, 77),
(106, 'https://www.iquesta.com/offer/result', '0000-00-00 00:00:00', '0000-00-00 00:00:00', 0, 3, 4, 39),
(107, 'http://fr.jobrapido.com/?w=marketing', '0000-00-00 00:00:00', '0000-00-00 00:00:00', 0, 3, 4, 46),
(108, 'https://www.accenture.com/fr-fr/careers/jobsearch?jk=marketing', '0000-00-00 00:00:00', '0000-00-00 00:00:00', 0, 3, 4, 5),
(109, 'http://www.recrut.com/les_offres/categorie:communication_marketing', '0000-00-00 00:00:00', '0000-00-00 00:00:00', 0, 3, 4, 68),
(110, 'https://www.regionsjob.com/emploi/recherche?f=Marketing_com_graphisme', '0000-00-00 00:00:00', '0000-00-00 00:00:00', 0, 3, 4, 69),
(111, 'https://www.beepjob.com/emploi-secteur/marketing;49', '0000-00-00 00:00:00', '0000-00-00 00:00:00', 0, 3, 4, 13),
(112, 'http://www.emploi-montagne.com/?s=&filter%5Bfonction%5D%5B%5D=6', '0000-00-00 00:00:00', '0000-00-00 00:00:00', 0, 3, 4, 27),
(113, 'https://www.globalsportsjobs.fr/offres/marketing-and-communication/', '0000-00-00 00:00:00', '0000-00-00 00:00:00', 0, 3, 4, 33),
(114, 'http://www.sportcarriere.com/jobs', '0000-00-00 00:00:00', '0000-00-00 00:00:00', 0, 3, 4, 72),
(115, 'http://www.sportstrategies.com/sportrh/recherche/?recherche=marketing&ok.x=0&ok.y=0', '0000-00-00 00:00:00', '0000-00-00 00:00:00', 0, 3, 4, 73),
(116, 'https://www.roberthalf.fr/jobs/marketing', '0000-00-00 00:00:00', '0000-00-00 00:00:00', 0, 3, 4, 71),
(117, 'https://www.jobenstock.fr/recherche/jobs?query=marketing', '0000-00-00 00:00:00', '0000-00-00 00:00:00', 0, 3, 4, 42),
(118, 'https://emploi.trovit.fr/index.php/cod.search_jobs/type.0/what_d.marketing/sug.0/isUserSearch.1/origin.1', '0000-00-00 00:00:00', '0000-00-00 00:00:00', 0, 3, 4, 80),
(119, 'http://www.jobsmart.fr/jobs?w=marketing&l=', '0000-00-00 00:00:00', '0000-00-00 00:00:00', 0, 3, 4, 48),
(120, 'http://emploi.outdoorsportsvalley.org/offres.aspx', '0000-00-00 00:00:00', '0000-00-00 00:00:00', 0, 3, 4, 64),
(121, 'https://www.webmarketing-com.com/emploi/?gclid=Cj0KCQjw1a3KBRCYARIsABNRnxvuyGdBPWKpLqkjgRRv-8PUI6Foi_c28yhXlSDGx6g4FWSvLsfLo4caAtGfEALw_wcB', '0000-00-00 00:00:00', '0000-00-00 00:00:00', 0, 3, 4, 40),
(122, 'https://www.meteojob.com/jobsearch/offers?what=marketing', '0000-00-00 00:00:00', '0000-00-00 00:00:00', 0, 3, 4, 59),
(123, 'https://www.hellowork.io/emplois/recherche.html?j=marketing&j_autocomplete=&l=&l_autocomplete=', '0000-00-00 00:00:00', '0000-00-00 00:00:00', 0, 3, 4, 35),
(124, 'https://www.qapa.fr/utilisateurs/offres-d-emploi/rechercher-une-offre-d-emploi?q=marketing&idx=qapa_production_fr_fr_offers&p=0&location=&lat_center=&lng_center=&lat_ne=&lng_ne=&lat_sw=&lng_sw=&maximum_distance=30000&is_v=1', '0000-00-00 00:00:00', '0000-00-00 00:00:00', 0, 3, 4, 67),
(125, 'https://emploi-btp.lemoniteur.fr/offre-emploi/offre-emploi-architecte-h-f-om-344', '0000-00-00 00:00:00', '0000-00-00 00:00:00', 0, 3, 6, 55),
(126, 'https://www.indeed.fr/Emplois-Architecte', '0000-00-00 00:00:00', '0000-00-00 00:00:00', 0, 3, 6, 38),
(127, 'https://www.monster.fr/emploi/recherche/?q=Architecture', '0000-00-00 00:00:00', '0000-00-00 00:00:00', 0, 3, 6, 60),
(128, 'https://www.cadremploi.fr/emploi/emploi-architecte.shtml', '0000-00-00 00:00:00', '0000-00-00 00:00:00', 0, 3, 6, 14),
(130, 'https://www.batiactuemploi.com/offre-emploi-BTP/metier/architecte', '0000-00-00 00:00:00', '0000-00-00 00:00:00', 0, 3, 6, 12),
(131, 'https://candidat.pole-emploi.fr/offres/recherche?appellationV3=11110&offresPartenaires=true&rayon=10&tri=0', '0000-00-00 00:00:00', '0000-00-00 00:00:00', 0, 3, 6, 65),
(132, 'http://www.fnau.org/fr/emplois/', '0000-00-00 00:00:00', '0000-00-00 00:00:00', 0, 3, 6, 31),
(133, 'https://neuvoo.fr/emplois/?k=Architecte&l=&f=&p=1&r=15&duc=&v=&source=&openmap=', '0000-00-00 00:00:00', '0000-00-00 00:00:00', 0, 3, 6, 61),
(134, 'http://www.jobintree.com/emploi/architecte', '0000-00-00 00:00:00', '0000-00-00 00:00:00', 0, 3, 6, 44),
(135, 'https://www.glassdoor.fr/Emploi/architecte-emplois-SRCH_KO0,10.htm?radius=18', '0000-00-00 00:00:00', '0000-00-00 00:00:00', 0, 3, 6, 32),
(136, 'https://www.qapa.fr/utilisateurs/offres-d-emploi/rechercher-une-offre-d-emploi?q=marketing&idx=qapa_production_fr_fr_offers&p=0&location=&lat_center=&lng_center=&lat_ne=&lng_ne=&lat_sw=&lng_sw=&maximum_distance=30000&is_v=1', '0000-00-00 00:00:00', '0000-00-00 00:00:00', 0, 3, 6, 67),
(137, 'https://www.emploi-pro.fr/offre-emploi?p=34&__posted=1&page=1&label=architecture&id_ref_localisation%5B%5D=Array&id_ref_localisation_label=&submitStartSearch=', '0000-00-00 00:00:00', '0000-00-00 00:00:00', 0, 3, 6, 28),
(138, 'https://france.xpatjobs.com/search?ps=1&keyword=architecte&city=&areas=5', '0000-00-00 00:00:00', '0000-00-00 00:00:00', 0, 3, 6, 84),
(139, 'https://archibat.com/fr/offres-demploi?keyword=&locations%5B%5D=1&experienceLevel=&search=&domain=10023', '0000-00-00 00:00:00', '0000-00-00 00:00:00', 0, 3, 6, 10),
(140, 'https://www.architectes.org/recherche-annonce', '0000-00-00 00:00:00', '0000-00-00 00:00:00', 0, 3, 6, 63),
(141, 'http://fr.jobrapido.com/?w=architecte', '0000-00-00 00:00:00', '0000-00-00 00:00:00', 0, 3, 6, 46),
(142, 'https://www.keljob.com/recherche?q=architecte', '0000-00-00 00:00:00', '0000-00-00 00:00:00', 0, 3, 6, 52),
(143, 'https://www.linkedin.com/jobs/search/?country=fr&keywords=Architecte&location=France&locationId=fr%3A0', '0000-00-00 00:00:00', '0000-00-00 00:00:00', 0, 3, 6, 57),
(144, 'https://fr.viadeo.com/fr/jobs/search?keywords=architecte&location=&page=1&address=&noAddress=false&', '0000-00-00 00:00:00', '0000-00-00 00:00:00', 0, 3, 6, 82),
(145, 'https://www.meteojob.com/jobsearch/offers?what=architecte', '0000-00-00 00:00:00', '0000-00-00 00:00:00', 0, 3, 6, 59),
(146, 'https://www.hellowork.io/emplois/recherche.html?j=marketing&j_autocomplete=&l=&l_autocomplete=', '0000-00-00 00:00:00', '0000-00-00 00:00:00', 0, 3, 6, 35),
(147, 'https://www.optioncarriere.com/recherche/emplois?s=architecte&l=France', '0000-00-00 00:00:00', '0000-00-00 00:00:00', 0, 3, 6, 62),
(148, 'https://www.sportyjob.com/fr/emplois-sport/?fwp_keyword_search=finance', '0000-00-00 00:00:00', '0000-00-00 00:00:00', 0, 3, 3, 74),
(149, 'https://france.xpatjobs.com/search?ps=1&keyword=Finance&city=&areas=5', '0000-00-00 00:00:00', '0000-00-00 00:00:00', 0, 3, 3, 84),
(150, 'https://www.vitijob.com/index.php?action=&mode=liste_offre&poste=finance&radio_date=4&pfbc-token0=2d06116fc063d30215824add0c069e5e&pfbc-token1=e5e960c0dda42851203d360cf61160d2&pfbc-token2=', '0000-00-00 00:00:00', '0000-00-00 00:00:00', 0, 3, 3, 83),
(151, 'http://emploi.outdoorsportsvalley.org/offres.aspx#annonce', '0000-00-00 00:00:00', '0000-00-00 00:00:00', 0, 3, 3, 64),
(152, 'https://www.indeed.fr/Emplois-finance', '0000-00-00 00:00:00', '0000-00-00 00:00:00', 0, 3, 3, 38),
(153, 'https://www.monster.fr/emploi/recherche/?q=finance', '0000-00-00 00:00:00', '0000-00-00 00:00:00', 0, 3, 3, 60),
(154, 'https://emploi.trovit.fr/index.php/cod.search_adwords_jobs/ppc_landing_type.2/type.0/what_d.finance/sug.0/tracking./isUserSearch.1/origin.11', '0000-00-00 00:00:00', '0000-00-00 00:00:00', 0, 3, 3, 80),
(155, 'https://www.meteojob.com/jobsearch/offers?what=finance', '0000-00-00 00:00:00', '0000-00-00 00:00:00', 0, 3, 3, 59),
(156, 'https://candidat.pole-emploi.fr/offres/recherche?motsCles=finance&offresPartenaires=true&rayon=10&tri=0', '0000-00-00 00:00:00', '0000-00-00 00:00:00', 0, 3, 3, 65),
(157, 'https://neuvoo.fr/emplois/?k=finance&l=&f=&p=1&r=15&duc=&v=&source=&openmap=', '0000-00-00 00:00:00', '0000-00-00 00:00:00', 0, 3, 3, 61),
(158, 'http://www.jobintree.com/emploi/finance', '0000-00-00 00:00:00', '0000-00-00 00:00:00', 0, 3, 3, 44),
(159, 'http://fr.jobrapido.com/?w=finance', '0000-00-00 00:00:00', '0000-00-00 00:00:00', 0, 3, 3, 46),
(160, 'https://www.keljob.com/recherche?q=finance', '0000-00-00 00:00:00', '0000-00-00 00:00:00', 0, 3, 3, 52),
(161, 'https://fr.viadeo.com/fr/jobs/search?keywords=finance&location=&page=1&address=&noAddress=false&', '0000-00-00 00:00:00', '0000-00-00 00:00:00', 0, 3, 3, 82),
(162, 'https://www.linkedin.com/jobs/search/?country=fr&keywords=Finance&location=France&locationId=fr%3A0', '0000-00-00 00:00:00', '0000-00-00 00:00:00', 0, 3, 3, 57),
(163, 'https://www.regionsjob.com/emploi/recherche?f=Compta_gestion_finance_audit', '0000-00-00 00:00:00', '0000-00-00 00:00:00', 0, 3, 3, 69),
(164, 'https://www.beepjob.com/emploi-secteur/finance;35?orderDefault=1&orderBy=pertinence', '0000-00-00 00:00:00', '0000-00-00 00:00:00', 0, 3, 3, 13),
(165, 'https://cadres.apec.fr/home/mes-offres/recherche-des-offres-demploi/liste-des-offres-demploi.html?sortsType=SCORE&sortsDirection=DESCENDING&nbParPage=20&typeAffichage=detaille&page=0&distance=0&motsCles=finance', '0000-00-00 00:00:00', '0000-00-00 00:00:00', 0, 3, 3, 9),
(166, 'http://www.jobsmart.fr/jobs?w=finance&l=', '0000-00-00 00:00:00', '0000-00-00 00:00:00', 0, 3, 3, 48),
(167, 'https://www.webmarketing-com.com/emploi/jobs/find/?query=finance&category=', '0000-00-00 00:00:00', '0000-00-00 00:00:00', 0, 3, 3, 40),
(168, 'http://www.sportstrategies.com/sportrh/recherche/?recherche=finance&ok.x=0&ok.y=0', '0000-00-00 00:00:00', '0000-00-00 00:00:00', 0, 3, 3, 73),
(169, 'https://www.cadremploi.fr/emploi/liste_offres', '0000-00-00 00:00:00', '0000-00-00 00:00:00', 0, 3, 3, 14),
(170, 'https://www.glassdoor.fr/Emploi/france-finance-emplois-SRCH_IL.0,6_IN86_KE7,14.htm', '0000-00-00 00:00:00', '0000-00-00 00:00:00', 0, 3, 3, 32),
(171, 'https://www.qapa.fr/utilisateurs/offres-d-emploi/rechercher-une-offre-d-emploi?q=finance&idx=qapa_production_fr_fr_offers&p=0&location=&lat_center=&lng_center=&lat_ne=&lng_ne=&lat_sw=&lng_sw=&maximum_distance=30000&is_v=1', '0000-00-00 00:00:00', '0000-00-00 00:00:00', 0, 3, 3, 67),
(172, 'https://www.hellowork.io/emplois/recherche.html?j=finance&j_autocomplete=&l=&l_autocomplete=', '0000-00-00 00:00:00', '0000-00-00 00:00:00', 0, 3, 3, 35),
(173, 'https://www.dogfinance.com/fr/offres/emploi/', '0000-00-00 00:00:00', '0000-00-00 00:00:00', 0, 3, 3, 22),
(174, 'https://www.admincompta.fr/offre-emploi.html?offset=0&reloadedSearch=1', '0000-00-00 00:00:00', '0000-00-00 00:00:00', 0, 3, 3, 6),
(175, 'https://www.efinancialcareers.fr/', '0000-00-00 00:00:00', '0000-00-00 00:00:00', 0, 3, 3, 26),
(176, 'http://www.linkfinance.fr/emploi/recherche', '0000-00-00 00:00:00', '0000-00-00 00:00:00', 0, 3, 3, 58),
(177, 'http://www.cadresonline.com/emploi/fonction-finance+comptabilite+audit-70000000', '0000-00-00 00:00:00', '0000-00-00 00:00:00', 0, 3, 3, 16),
(178, 'http://fr.fashionjobs.com/s/?metier=&auto=0&msId=&categories=10&regions=&keyword=', '0000-00-00 00:00:00', '0000-00-00 00:00:00', 0, 3, 3, 30),
(179, 'https://www.optioncarriere.com/recherche/emplois?s=finance&l=France', '0000-00-00 00:00:00', '0000-00-00 00:00:00', 0, 3, 3, 62),
(180, 'https://cadres.apec.fr/liste-offres-emploi-cadres/8_____________offre-d-emploi.html?sortsType=SCORE&sortsDirection=DESCENDING&nbParPage=20&typeAffichage=detaille&page=0&distance=0&motsCles=Architecte', '0000-00-00 00:00:00', '0000-00-00 00:00:00', 0, 3, 6, 9),
(181, 'https://cadres.apec.fr/home/mes-offres/recherche-des-offres-demploi/liste-des-offres-demploi.html?motsCles=marketing&sortsType=SCORE&sortsDirection=DESCENDING', '0000-00-00 00:00:00', '0000-00-00 00:00:00', 0, 3, 4, 9),
(182, 'https://fr.viadeo.com/fr/jobs/search?keywords=developpeur', '0000-00-00 00:00:00', '0000-00-00 00:00:00', 0, 3, 5, 82),
(183, 'https://candidat.pole-emploi.fr/offres/recherche?motsCles=developpeur', '0000-00-00 00:00:00', '0000-00-00 00:00:00', 0, 3, 5, 65),
(184, 'http://software.jobs/jobs/?q=developer&location=France', '0000-00-00 00:00:00', '0000-00-00 00:00:00', 0, 3, 5, 23),
(185, 'https://emploi.developpez.com/', '0000-00-00 00:00:00', '0000-00-00 00:00:00', 0, 3, 5, 21),
(186, 'https://it.indeed.com/offerte-lavoro?q=Designer&l=in+italia', '0000-00-00 00:00:00', '0000-00-00 00:00:00', 0, 7, 1, 38),
(187, 'http://www.subito.it/annunci-italia/vendita/offerte-lavoro/?q=designer', '0000-00-00 00:00:00', '0000-00-00 00:00:00', 0, 7, 1, 85),
(188, 'https://it.jooble.org/lavoro-designer', '0000-00-00 00:00:00', '0000-00-00 00:00:00', 0, 7, 1, 51),
(189, 'https://www.infojobs.it/jobsearch/search-results/list.xhtml', '0000-00-00 00:00:00', '0000-00-00 00:00:00', 0, 7, 1, 86),
(190, 'https://www.monster.it/lavoro/cerca/?q=designer', '0000-00-00 00:00:00', '0000-00-00 00:00:00', 0, 7, 1, 60),
(191, 'https://www.linkedin.com/jobs/search/?keywords=designer&location=Italie&locationId=it%3A0', '0000-00-00 00:00:00', '0000-00-00 00:00:00', 0, 7, 1, 57),
(192, 'http://www.bakeca.it/annunci/offerte-di-lavoro/?keyword=designer', '0000-00-00 00:00:00', '0000-00-00 00:00:00', 0, 7, 1, 87),
(193, 'http://it.jobrapido.com/?w=designer&l=italia&r=auto', '0000-00-00 00:00:00', '0000-00-00 00:00:00', 0, 7, 1, 88),
(194, 'https://www.jobgratis.com/offerte-lavoro/grafica_e_design/design-s-0-0-307-1.html', '0000-00-00 00:00:00', '0000-00-00 00:00:00', 0, 7, 1, 89),
(195, 'http://www.careerjet.it/cerca/lavoro?s=designer&l=Italia', '0000-00-00 00:00:00', '0000-00-00 00:00:00', 0, 7, 1, 90),
(196, 'http://it.fashionjobs.com/s/?metier=&auto=0&msId=&categories=1&regions=&keyword=', '0000-00-00 00:00:00', '0000-00-00 00:00:00', 0, 7, 1, 30),
(197, 'http://www.kijiji.it/offerte-di-lavoro/offerta/designer/?entryPoint=sb', '0000-00-00 00:00:00', '0000-00-00 00:00:00', 0, 7, 1, 91),
(198, 'http://lavoro.wickedin.it/annunci/search.php?qu=Designer&w=&promo=1&all=1', '0000-00-00 00:00:00', '0000-00-00 00:00:00', 0, 7, 1, 92),
(199, 'http://www.jobisjob.it/search?directUserSearch=true&whatInSearchBox=designer&whereInSearchBox=', '0000-00-00 00:00:00', '0000-00-00 00:00:00', 0, 7, 1, 93),
(200, 'http://www.media-match.com/it/jobsboard.php#jtg=318&q=designer', '0000-00-00 00:00:00', '0000-00-00 00:00:00', 0, 7, 1, 94),
(201, 'http://www.italiajobs.it/offerte-lavoro/?q=Designer&l=', '0000-00-00 00:00:00', '0000-00-00 00:00:00', 0, 7, 1, 95),
(202, 'https://crebs.it/?query=designer', '0000-00-00 00:00:00', '0000-00-00 00:00:00', 0, 7, 1, 96),
(203, 'http://www.bancalavoro.it/index.php?keyword=designer&city=', '0000-00-00 00:00:00', '0000-00-00 00:00:00', 0, 7, 1, 97),
(204, 'https://www.jolavoro.it/offerte_lavoro.php?cosa=designer&provincia=&categoria=', '0000-00-00 00:00:00', '0000-00-00 00:00:00', 0, 7, 1, 98),
(205, 'http://www.lavoricreativi.com/cerca/quick_results.php', '0000-00-00 00:00:00', '0000-00-00 00:00:00', 0, 7, 1, 99),
(206, 'http://www.simplyhired.it/search?q=designer+&l=', '0000-00-00 00:00:00', '0000-00-00 00:00:00', 0, 7, 1, 100),
(207, 'http://www.gigroup.it/offerte-lavoro/?offerta=designer&dove=', '0000-00-00 00:00:00', '0000-00-00 00:00:00', 0, 7, 1, 101),
(208, 'https://www.jobijoba.it/query/?what=Designer&where=&where_type=', '0000-00-00 00:00:00', '0000-00-00 00:00:00', 0, 7, 1, 102),
(209, 'http://www.designanddesign.com/jobs.php?cat=&offer=&keyword=&country=83', '0000-00-00 00:00:00', '0000-00-00 00:00:00', 0, 7, 1, 19),
(210, 'https://it.indeed.com/offerte-lavoro?q=sviluppatore&l=in+italia', '0000-00-00 00:00:00', '0000-00-00 00:00:00', 0, 7, 5, 38),
(211, 'http://www.subito.it/annunci-italia/vendita/offerte-lavoro/?q=sviluppatore', '0000-00-00 00:00:00', '0000-00-00 00:00:00', 0, 7, 5, 85),
(212, 'https://it.jooble.org/lavoro-sviluppatore', '0000-00-00 00:00:00', '0000-00-00 00:00:00', 0, 7, 5, 51),
(213, 'https://www.infojobs.it/jobsearch/search-results/list.xhtml', '0000-00-00 00:00:00', '0000-00-00 00:00:00', 0, 7, 5, 86),
(214, 'https://www.monster.it/lavoro/cerca/?q=sviluppatore', '0000-00-00 00:00:00', '0000-00-00 00:00:00', 0, 7, 5, 60),
(215, 'https://www.linkedin.com/jobs/search/?keywords=sviluppatore&location=Italie&locationId=it%3A0', '0000-00-00 00:00:00', '0000-00-00 00:00:00', 0, 7, 5, 57),
(216, 'http://www.bakeca.it/annunci/offerte-di-lavoro/?keyword=sviluppatore', '0000-00-00 00:00:00', '0000-00-00 00:00:00', 0, 7, 5, 87),
(217, 'http://it.jobrapido.com/?w=sviluppatore&l=italia&r=auto', '0000-00-00 00:00:00', '0000-00-00 00:00:00', 0, 7, 5, 88),
(218, 'https://www.jobgratis.com/offerte-lavoro/settore_it/sviluppatore-s-0-0-315-1.html', '0000-00-00 00:00:00', '0000-00-00 00:00:00', 0, 7, 5, 89),
(219, 'http://www.careerjet.it/cerca/lavoro?s=sviluppatore&l=Italia', '0000-00-00 00:00:00', '0000-00-00 00:00:00', 0, 7, 5, 90),
(220, 'http://it.fashionjobs.com/s/?categories%5B%5D=17&metier%5B17%5D%5B%5D=249&metier%5B17%5D%5B%5D=118&metier%5B17%5D%5B%5D=248&metier%5B17%5D%5B%5D=247&metier%5B17%5D%5B%5D=177&metier%5B17%5D%5B%5D=164&soc=&keyword=', '0000-00-00 00:00:00', '0000-00-00 00:00:00', 0, 7, 5, 30),
(221, 'http://www.kijiji.it/offerte-di-lavoro/offerta/sviluppatore/?entryPoint=sb', '0000-00-00 00:00:00', '0000-00-00 00:00:00', 0, 7, 5, 91),
(222, 'http://www.lavorareincantiere.com/ricerca/?p=sviluppatore&l=Italia%2FEstero', '0000-00-00 00:00:00', '0000-00-00 00:00:00', 0, 7, 5, 112),
(223, 'http://lavoro.wickedin.it/annunci/search.php?qu=sviluppatore&w=&promo=1&all=1', '0000-00-00 00:00:00', '0000-00-00 00:00:00', 0, 7, 5, 92),
(224, 'http://www.jobisjob.it/search?directUserSearch=true&whatInSearchBox=sviluppatore&whereInSearchBox=', '0000-00-00 00:00:00', '0000-00-00 00:00:00', 0, 7, 5, 93),
(225, 'https://lavoro.corriere.it/jobs/default.aspx?Body=sviluppatore', '0000-00-00 00:00:00', '0000-00-00 00:00:00', 0, 7, 5, 103),
(226, 'https://crebs.it/?query=developer', '0000-00-00 00:00:00', '0000-00-00 00:00:00', 0, 7, 5, 96),
(227, 'http://www.bancalavoro.it/index.php?keyword=sviluppatore&city=', '0000-00-00 00:00:00', '0000-00-00 00:00:00', 0, 7, 5, 97),
(228, 'https://it.euspert.com/bin/search.php?keywords=sviluppatore&place=', '0000-00-00 00:00:00', '0000-00-00 00:00:00', 0, 7, 5, 104),
(229, 'https://www.jolavoro.it/offerte_lavoro.php?cosa=sviluppatore&provincia=&categoria=', '0000-00-00 00:00:00', '0000-00-00 00:00:00', 0, 7, 5, 98),
(230, 'http://www.lavoricreativi.com/cerca/quick_results.php', '0000-00-00 00:00:00', '0000-00-00 00:00:00', 0, 7, 5, 99),
(231, 'http://www.simplyhired.it/search?q=sviluppatore&l=', '0000-00-00 00:00:00', '0000-00-00 00:00:00', 0, 7, 5, 100),
(232, 'http://www.gigroup.it/offerte-lavoro/?offerta=sviluppatore&dove=', '0000-00-00 00:00:00', '0000-00-00 00:00:00', 0, 7, 5, 101),
(233, 'http://www.iprogrammatori.it/lavoro/s/sviluppatore', '0000-00-00 00:00:00', '0000-00-00 00:00:00', 0, 7, 5, 105),
(234, 'http://www.informaticalavoro.it/ricerca.asp?q=sviluppatore&pr=&sa=Cerca', '0000-00-00 00:00:00', '0000-00-00 00:00:00', 0, 7, 5, 106),
(235, 'http://www.injob.com/it/it/offerte-di-lavoro/area/it?job_count=12', '0000-00-00 00:00:00', '0000-00-00 00:00:00', 0, 7, 5, 107),
(236, 'https://www.jobijoba.it/query/?what=Sviluppatore+&where=&where_type=', '0000-00-00 00:00:00', '0000-00-00 00:00:00', 0, 7, 5, 102),
(237, 'https://www.jobnetwork.it/cerco-lavoro/informatica/', '0000-00-00 00:00:00', '0000-00-00 00:00:00', 0, 7, 5, 107),
(238, 'https://www.extrajob.it/annunci-lavoro/pagina-1/tutte-le-citta/tutte-le-categorie/tutte-le-aziende/sviluppatore', '0000-00-00 00:00:00', '0000-00-00 00:00:00', 0, 7, 5, 109),
(239, 'https://italy.xpatjobs.com/search?ps=1&keyword=sviluppatore&city=&areas=13', '0000-00-00 00:00:00', '0000-00-00 00:00:00', 0, 7, 5, 15),
(240, 'https://www.springitaly.com/it-it/trova-lavoro/job-results/?k=&l=&display=5', '0000-00-00 00:00:00', '0000-00-00 00:00:00', 0, 7, 5, 110),
(241, 'https://www.helplavoro.it/ricerca/sviluppatore/ovunque.html', '0000-00-00 00:00:00', '0000-00-00 00:00:00', 0, 7, 5, 111),
(242, 'https://it.indeed.com/offerte-lavoro?q=ingegnere&l=in+italia', '0000-00-00 00:00:00', '0000-00-00 00:00:00', 0, 7, 2, 38),
(243, 'http://www.subito.it/annunci-italia/vendita/offerte-lavoro/?q=Ingegnere', '0000-00-00 00:00:00', '0000-00-00 00:00:00', 0, 7, 2, 85),
(244, 'https://it.jooble.org/lavoro-ingegnere', '0000-00-00 00:00:00', '0000-00-00 00:00:00', 0, 7, 2, 51),
(245, 'https://www.infojobs.it/jobsearch/search-results/list.xhtml', '0000-00-00 00:00:00', '0000-00-00 00:00:00', 0, 7, 2, 86),
(246, 'https://www.monster.it/lavoro/cerca/?q=Ingegnere', '0000-00-00 00:00:00', '0000-00-00 00:00:00', 0, 7, 2, 60),
(247, 'https://www.linkedin.com/jobs/search/?keywords=ingegnere&location=Italie&locationId=it%3A0', '0000-00-00 00:00:00', '0000-00-00 00:00:00', 0, 7, 2, 57),
(248, 'http://www.bakeca.it/annunci/offerte-di-lavoro/?keyword=ingegnere', '0000-00-00 00:00:00', '0000-00-00 00:00:00', 0, 7, 2, 87),
(249, 'http://it.jobrapido.com/?w=ingegnere&l=italia&r=auto', '0000-00-00 00:00:00', '0000-00-00 00:00:00', 0, 7, 2, 88),
(250, 'https://www.jobgratis.com/offerte-lavoro/ingegneria/ingegnere-s-0-0-309-1.html', '0000-00-00 00:00:00', '0000-00-00 00:00:00', 0, 7, 2, 89),
(251, 'http://www.careerjet.it/cerca/lavoro?s=ingegnere&l=Italia', '0000-00-00 00:00:00', '0000-00-00 00:00:00', 0, 7, 2, 90),
(252, 'http://www.kijiji.it/offerte-di-lavoro/offerta/ingegnere/?entryPoint=sb', '0000-00-00 00:00:00', '0000-00-00 00:00:00', 0, 7, 2, 91),
(253, 'http://www.lavorareincantiere.com/annunci/ingegnere/', '0000-00-00 00:00:00', '0000-00-00 00:00:00', 0, 7, 2, 112),
(254, 'rch.php?qu=ingegnere&w=&promo=1&all=1', '0000-00-00 00:00:00', '0000-00-00 00:00:00', 0, 7, 2, 92),
(255, 'http://www.jobisjob.it/search?directUserSearch=true&whatInSearchBox=ingegnere&whereInSearchBox=', '0000-00-00 00:00:00', '0000-00-00 00:00:00', 0, 7, 2, 93),
(256, 'https://lavoro.corriere.it/jobs/default.aspx?Body=ingegnere', '0000-00-00 00:00:00', '0000-00-00 00:00:00', 0, 7, 2, 103),
(257, 'http://www.bancalavoro.it/index.php?keyword=ingegnere&city=', '0000-00-00 00:00:00', '0000-00-00 00:00:00', 0, 7, 2, 97),
(258, 'https://it.euspert.com/bin/search.php?keywords=ingegnere&place=', '0000-00-00 00:00:00', '0000-00-00 00:00:00', 0, 7, 2, 104),
(259, 'https://www.jolavoro.it/offerte_lavoro.php?cosa=ingegnere&provincia=&categoria=', '0000-00-00 00:00:00', '0000-00-00 00:00:00', 0, 7, 2, 98),
(260, 'http://www.simplyhired.it/search?q=ingegnere&l=', '0000-00-00 00:00:00', '0000-00-00 00:00:00', 0, 7, 2, 100),
(261, 'http://www.gigroup.it/offerte-lavoro/?offerta=ingegnere&dove=', '0000-00-00 00:00:00', '0000-00-00 00:00:00', 0, 7, 2, 101),
(262, 'http://www.injob.com/it/it/offerte-di-lavoro/area/engineering?job_count=12', '0000-00-00 00:00:00', '0000-00-00 00:00:00', 0, 7, 2, 107),
(263, 'https://www.jobijoba.it/query/?what=ingegnere&where=&where_type=&period=30_days', '0000-00-00 00:00:00', '0000-00-00 00:00:00', 0, 7, 2, 102),
(264, 'http://www.extrajob.it/offertelavoro/risultato.html', '0000-00-00 00:00:00', '0000-00-00 00:00:00', 0, 7, 2, 109),
(265, 'https://italy.xpatjobs.com/search?ps=1&keyword=INGEGNERE&city=&areas=13', '0000-00-00 00:00:00', '0000-00-00 00:00:00', 0, 7, 2, 15),
(266, 'https://www.jobsoul.it/SoulWeb/ricercaOpportunitaLavorativa.action?ricercaLibera=&sedeLavoro=&areaProfessionale=22000000', '0000-00-00 00:00:00', '0000-00-00 00:00:00', 0, 7, 2, 113),
(267, 'http://www.ingegneri.vr.it/job_opportunities', '0000-00-00 00:00:00', '0000-00-00 00:00:00', 0, 7, 2, 114),
(268, 'https://www.badenochandclark.it/candidati/opportunita-di-lavoro?k=ingegnere&l=&display=5', '0000-00-00 00:00:00', '0000-00-00 00:00:00', 0, 7, 2, 115),
(269, 'https://www.springitaly.com/it-it/trova-lavoro/job-results/?k=&l=&display=5', '0000-00-00 00:00:00', '0000-00-00 00:00:00', 0, 7, 2, 110),
(270, 'https://www.helplavoro.it/ricerca/INGEGNERE/ovunque.html', '0000-00-00 00:00:00', '0000-00-00 00:00:00', 0, 7, 2, 111),
(271, 'https://it.indeed.com/offerte-lavoro?q=marketing&l=in+italia', '0000-00-00 00:00:00', '0000-00-00 00:00:00', 0, 7, 4, 38),
(272, 'https://it.jooble.org/lavoro-marketing', '0000-00-00 00:00:00', '0000-00-00 00:00:00', 0, 7, 4, 51),
(273, 'https://www.infojobs.it/jobsearch/search-results/list.xhtml', '0000-00-00 00:00:00', '0000-00-00 00:00:00', 0, 7, 4, 86),
(274, 'https://www.monster.it/lavoro/cerca/?q=marketing', '0000-00-00 00:00:00', '0000-00-00 00:00:00', 0, 7, 4, 60),
(275, 'https://www.linkedin.com/jobs/search/?keywords=marketing&location=Italie&locationId=it%3A0', '0000-00-00 00:00:00', '0000-00-00 00:00:00', 0, 7, 4, 57),
(276, 'http://www.bakeca.it/annunci/offerte-di-lavoro/?keyword=marketing', '0000-00-00 00:00:00', '0000-00-00 00:00:00', 0, 7, 4, 87),
(277, 'http://it.jobrapido.com/?w=marketing&l=italia&r=auto', '0000-00-00 00:00:00', '0000-00-00 00:00:00', 0, 7, 4, 88),
(278, 'https://www.jobgratis.com/offerte-lavoro/marketing_e_comunicazione/marketing-s-0-0-312-1.html', '0000-00-00 00:00:00', '0000-00-00 00:00:00', 0, 7, 4, 89),
(279, 'http://www.careerjet.it/cerca/lavoro?s=marketing&l=Italia', '0000-00-00 00:00:00', '0000-00-00 00:00:00', 0, 7, 4, 90),
(280, 'http://it.fashionjobs.com/s/?metier%5B6%5D%5B%5D=95&metier%5B6%5D%5B%5D=94&metier%5B6%5D%5B%5D=88&metier%5B6%5D%5B%5D=93&metier%5B6%5D%5B%5D=249&metier%5B6%5D%5B%5D=236&metier%5B6%5D%5B%5D=258&soc=&keyword=', '0000-00-00 00:00:00', '0000-00-00 00:00:00', 0, 7, 4, 30),
(281, 'http://www.pambiancojobs.com/offerte-di-lavoro/annunci-area-marketing-comunicazione', '0000-00-00 00:00:00', '0000-00-00 00:00:00', 0, 7, 4, 116),
(282, 'http://www.kijiji.it/offerte-di-lavoro/offerta/marketing/?entryPoint=sb', '0000-00-00 00:00:00', '0000-00-00 00:00:00', 0, 7, 4, 91),
(283, 'http://www.lavorareincantiere.com/ricerca/?p=marketing&l=Italia%2FEstero', '0000-00-00 00:00:00', '0000-00-00 00:00:00', 0, 7, 4, 112),
(284, 'http://lavoro.wickedin.it/annunci/search.php?qu=marketing&w=&promo=1&all=1', '0000-00-00 00:00:00', '0000-00-00 00:00:00', 0, 7, 4, 92),
(285, 'http://www.jobisjob.it/search?directUserSearch=true&whatInSearchBox=marketing&whereInSearchBox=', '0000-00-00 00:00:00', '0000-00-00 00:00:00', 0, 7, 4, 93),
(286, 'http://www.media-match.com/it/jobsboard.php#jtg=321', '0000-00-00 00:00:00', '0000-00-00 00:00:00', 0, 7, 4, 94),
(287, 'https://lavoro.corriere.it/jobs/default.aspx?Body=marketing', '0000-00-00 00:00:00', '0000-00-00 00:00:00', 0, 7, 4, 103),
(288, 'https://it.euspert.com/bin/search.php?keywords=ingegnere&place=', '0000-00-00 00:00:00', '0000-00-00 00:00:00', 0, 7, 4, 104),
(289, 'https://www.jolavoro.it/offerte_lavoro.php?cosa=marketing&provincia=&categoria=', '0000-00-00 00:00:00', '0000-00-00 00:00:00', 0, 7, 4, 98),
(290, 'http://www.simplyhired.it/search?q=marketing&l=', '0000-00-00 00:00:00', '0000-00-00 00:00:00', 0, 7, 4, 100),
(291, 'http://www.gigroup.it/offerte-lavoro/?offerta=marketing&dove=', '0000-00-00 00:00:00', '0000-00-00 00:00:00', 0, 7, 4, 101),
(292, 'http://www.repubblica.it/economia/miojob/offerte/lavoro/cerca?terms=finanza&commit=', '0000-00-00 00:00:00', '0000-00-00 00:00:00', 0, 7, 4, 117),
(293, 'http://www.injob.com/it/it/offerte-di-lavoro/area/sales-marketing?job_count=12', '0000-00-00 00:00:00', '0000-00-00 00:00:00', 0, 7, 4, 107),
(294, 'https://www.jobijoba.it/query/?what=marketing&where=&where_type=&period=30_days', '0000-00-00 00:00:00', '0000-00-00 00:00:00', 0, 7, 4, 102),
(295, 'http://www.extrajob.it/offertelavoro/risultato.html', '0000-00-00 00:00:00', '0000-00-00 00:00:00', 0, 7, 4, 109),
(296, 'http://candidati.openjob.it/index.php?mansione=marketing&citta=&km=10+Km&mod=adv&fcz=1&exec=advshow&cerca=1&divisione=&tipologia=&settore=&area=&return_gg=0', '0000-00-00 00:00:00', '0000-00-00 00:00:00', 0, 7, 4, 118),
(297, 'https://italy.xpatjobs.com/search?ps=1&keyword=marketing&city=&areas=13', '0000-00-00 00:00:00', '0000-00-00 00:00:00', 0, 7, 4, 15),
(298, 'https://www.springitaly.com/it-it/trova-lavoro/job-results/?k=&l=&display=5', '0000-00-00 00:00:00', '0000-00-00 00:00:00', 0, 7, 4, 110),
(299, 'https://www.helplavoro.it/ricerca/marketing/ovunque.html', '0000-00-00 00:00:00', '0000-00-00 00:00:00', 0, 7, 4, 111),
(300, 'https://it.indeed.com/offerte-lavoro?q=architetto&l=in+italia', '0000-00-00 00:00:00', '0000-00-00 00:00:00', 0, 7, 6, 38),
(301, 'http://www.subito.it/annunci-italia/vendita/offerte-lavoro/?q=architetto', '0000-00-00 00:00:00', '0000-00-00 00:00:00', 0, 7, 6, 85),
(302, 'https://it.jooble.org/lavoro-architetto', '0000-00-00 00:00:00', '0000-00-00 00:00:00', 0, 7, 6, 51),
(303, 'https://www.infojobs.it/jobsearch/search-results/list.xhtml', '0000-00-00 00:00:00', '0000-00-00 00:00:00', 0, 7, 6, 86),
(304, 'https://www.monster.it/lavoro/cerca/?q=architetto', '0000-00-00 00:00:00', '0000-00-00 00:00:00', 0, 7, 6, 60),
(305, 'https://www.linkedin.com/jobs/search/?keywords=architetto&location=Italie&locationId=it%3A0', '0000-00-00 00:00:00', '0000-00-00 00:00:00', 0, 7, 6, 57),
(306, 'http://www.bakeca.it/annunci/offerte-di-lavoro/?keyword=architetto', '0000-00-00 00:00:00', '0000-00-00 00:00:00', 0, 7, 6, 87),
(307, 'http://it.jobrapido.com/?w=architetto&l=italia&r=auto', '0000-00-00 00:00:00', '0000-00-00 00:00:00', 0, 7, 6, 88),
(308, 'https://www.jobgratis.com/offerte-lavoro/edilizia_architettura/architetto-s-0-0-305-1.html', '0000-00-00 00:00:00', '0000-00-00 00:00:00', 0, 7, 6, 89),
(309, 'http://www.careerjet.it/cerca/lavoro?s=architetto&l=Italia', '0000-00-00 00:00:00', '0000-00-00 00:00:00', 0, 7, 6, 90),
(310, 'https://www.professionearchitetto.it/lavoro/offerte/', '0000-00-00 00:00:00', '0000-00-00 00:00:00', 0, 7, 6, 119),
(311, 'http://www.kijiji.it/offerte-di-lavoro/offerta/architetto/?entryPoint=sb', '0000-00-00 00:00:00', '0000-00-00 00:00:00', 0, 7, 6, 91),
(312, 'http://www.lavorareincantiere.com/annunci/architetto/', '0000-00-00 00:00:00', '0000-00-00 00:00:00', 0, 7, 6, 112),
(313, 'http://lavoro.wickedin.it/annunci/search.php?qu=architetto&w=&promo=1&all=1', '0000-00-00 00:00:00', '0000-00-00 00:00:00', 0, 7, 6, 92),
(314, 'http://www.jobisjob.it/search?directUserSearch=true&whatInSearchBox=architetto&whereInSearchBox=', '0000-00-00 00:00:00', '0000-00-00 00:00:00', 0, 7, 6, 93),
(315, 'https://www.jolavoro.it/offerte_lavoro.php?cosa=architetto&provincia=&categoria=', '0000-00-00 00:00:00', '0000-00-00 00:00:00', 0, 7, 6, 98),
(316, 'http://www.simplyhired.it/search?q=architetto&l=', '0000-00-00 00:00:00', '0000-00-00 00:00:00', 0, 7, 6, 100),
(317, 'https://www.jobijoba.it/query/?what=Architetto&where=&where_type=&period=30_days', '0000-00-00 00:00:00', '0000-00-00 00:00:00', 0, 7, 6, 102),
(318, 'https://it.indeed.com/offerte-lavoro?q=finanza&l=in+italia', '0000-00-00 00:00:00', '0000-00-00 00:00:00', 0, 7, 3, 38),
(319, 'https://it.jooble.org/lavoro-finanza', '0000-00-00 00:00:00', '0000-00-00 00:00:00', 0, 7, 3, 51),
(320, 'https://www.infojobs.it/jobsearch/search-results/list.xhtml', '0000-00-00 00:00:00', '0000-00-00 00:00:00', 0, 7, 3, 86),
(321, 'https://www.monster.it/lavoro/cerca/?q=finanza', '0000-00-00 00:00:00', '0000-00-00 00:00:00', 0, 7, 3, 60),
(322, 'https://www.linkedin.com/jobs/search/?keywords=finanza&location=Italie&locationId=it%3A0', '0000-00-00 00:00:00', '0000-00-00 00:00:00', 0, 7, 3, 57),
(323, 'http://www.bakeca.it/annunci/offerte-di-lavoro/?keyword=finanza', '0000-00-00 00:00:00', '0000-00-00 00:00:00', 0, 7, 3, 87),
(324, 'http://it.jobrapido.com/?w=finanza&l=italia&r=auto', '0000-00-00 00:00:00', '0000-00-00 00:00:00', 0, 7, 3, 88),
(325, 'https://www.jobgratis.com/offerte-lavoro/pagina/finanza-s-0-0-0-1.html', '0000-00-00 00:00:00', '0000-00-00 00:00:00', 0, 7, 3, 89),
(326, 'http://www.careerjet.it/cerca/lavoro?s=finanza&l=Italia', '0000-00-00 00:00:00', '0000-00-00 00:00:00', 0, 7, 3, 90),
(327, 'http://it.fashionjobs.com/s/?metier%5B10%5D%5B%5D=137&metier%5B10%5D%5B%5D=133&metier%5B10%5D%5B%5D=135&metier%5B10%5D%5B%5D=130&metier%5B10%5D%5B%5D=131&metier%5B10%5D%5B%5D=136&soc=&keyword=', '0000-00-00 00:00:00', '0000-00-00 00:00:00', 0, 7, 3, 30),
(328, 'http://www.pambiancojobs.com/elenco_annunci.php?funzioneID%5B%5D=5165&sitemap=1', '0000-00-00 00:00:00', '0000-00-00 00:00:00', 0, 7, 3, 116),
(329, 'http://www.kijiji.it/offerte-di-lavoro/offerta/Finanza/?entryPoint=sb', '0000-00-00 00:00:00', '0000-00-00 00:00:00', 0, 7, 3, 91),
(330, 'http://www.lavorareincantiere.com/ricerca/?p=Finanza&l=Italia', '0000-00-00 00:00:00', '0000-00-00 00:00:00', 0, 7, 3, 112),
(331, 'http://lavoro.wickedin.it/annunci/search.php?qu=finanza&w=&promo=1&all=1', '0000-00-00 00:00:00', '0000-00-00 00:00:00', 0, 7, 3, 92),
(332, 'http://www.jobisjob.it/search?directUserSearch=true&whatInSearchBox=Finanza&whereInSearchBox=', '0000-00-00 00:00:00', '0000-00-00 00:00:00', 0, 7, 3, 93),
(333, 'https://it.euspert.com/bin/search.php?keywords=finanza&place=', '0000-00-00 00:00:00', '0000-00-00 00:00:00', 0, 7, 3, 104),
(334, 'https://www.jolavoro.it/offerte_lavoro.php?cosa=finanza&provincia=&categoria=', '0000-00-00 00:00:00', '0000-00-00 00:00:00', 0, 7, 3, 98),
(335, 'http://www.simplyhired.it/search?q=finanza&l=', '0000-00-00 00:00:00', '0000-00-00 00:00:00', 0, 7, 3, 100),
(336, 'http://www.gigroup.it/offerte-lavoro/?offerta=finanza&dove=', '0000-00-00 00:00:00', '0000-00-00 00:00:00', 0, 7, 3, 101),
(337, 'http://www.repubblica.it/economia/miojob/offerte/lavoro/cerca?terms=finanza', '0000-00-00 00:00:00', '0000-00-00 00:00:00', 0, 7, 3, 117),
(338, 'http://www.injob.com/it/it/offerte-di-lavoro/area/administration-finance-legal?job_count=12', '0000-00-00 00:00:00', '0000-00-00 00:00:00', 0, 7, 3, 107),
(339, 'https://www.jobijoba.it/query/?what=Finanza&where=&where_type=&period=30_days', '0000-00-00 00:00:00', '0000-00-00 00:00:00', 0, 7, 3, 102),
(340, 'https://italy.xpatjobs.com/search?ps=1&keyword=finanza&city=&areas=13', '0000-00-00 00:00:00', '0000-00-00 00:00:00', 0, 7, 3, 15),
(341, 'https://www.indeed.es/ofertas?q=dise%C3%B1ador&l=espa%C3%B1a', '0000-00-00 00:00:00', '0000-00-00 00:00:00', 0, 10, 1, 38),
(342, 'https://www.infojobs.net/ofertas-trabajo/diseno-artes-graficas/diseno', '0000-00-00 00:00:00', '0000-00-00 00:00:00', 0, 10, 1, 86),
(343, 'http://www.clubdecreativos.com/bolsa-de-trabajo', '0000-00-00 00:00:00', '0000-00-00 00:00:00', 0, 10, 1, 124),
(344, 'http://es.fashionjobs.com/s/?categories%5B%5D=1&metier%5B1%5D%5B%5D=4&metier%5B1%5D%5B%5D=9&metier%5B1%5D%5B%5D=16&metier%5B1%5D%5B%5D=24&metier%5B1%5D%5B%5D=179&metier%5B1%5D%5B%5D=1&metier%5B1%5D%5B%5D=2&metier%5B1%5D%5B%5D=224&metier%5B1%5D%5B%5D=12&me', '0000-00-00 00:00:00', '0000-00-00 00:00:00', 0, 10, 1, 30),
(345, 'http://www.opcionempleo.com/buscar/empleos?s=dise%C3%B1ador&l=Espa%C3%B1a', '0000-00-00 00:00:00', '0000-00-00 00:00:00', 0, 10, 1, 137),
(346, 'https://empleo.trovit.es/index.php/cod.search_jobs/type.0/what_d.dise%C3%B1ador%20/where_d.Espa%C3%B1a/sug.0/isUserSearch.1/origin.2', '0000-00-00 00:00:00', '0000-00-00 00:00:00', 0, 10, 1, 80),
(347, 'http://espana.jobtonic.es/jobs/disenador/', '0000-00-00 00:00:00', '0000-00-00 00:00:00', 0, 10, 1, 134),
(348, 'http://www.jobsmart.es/jobs?w=dise%C3%B1ador&l=', '0000-00-00 00:00:00', '0000-00-00 00:00:00', 0, 10, 1, 48),
(349, 'https://www.linkedin.com/jobs/search/?country=es&keywords=dise%C3%B1ador&location=Espagne&locationId=es%3A0', '0000-00-00 00:00:00', '0000-00-00 00:00:00', 0, 10, 1, 57),
(350, 'https://jobspotting.com/es/explore/W3sidmFsdWUiOiJjYXRlZ29yeTpkZXNpZ24iLCJkaXNwbGF5X25hbWUiOiJEaXNlw7FvIiwiaXNfc2tpbGwiOnRydWV9LHsidmFsdWUiOiJzcGFpbiIsImRpc3BsYXlfbmFtZSI6IkVzcGHDsWEiLCJpc19sb2NhdGlvbiI6dHJ1ZX1d', '0000-00-00 00:00:00', '0000-00-00 00:00:00', 0, 10, 1, 133),
(351, 'http://www.simplyhired.es/search?q=dise%C3%B1ador&l=', '0000-00-00 00:00:00', '0000-00-00 00:00:00', 0, 10, 1, 100),
(352, 'https://www.jobijoba.es/query/?what=dise%C3%B1ador&where=&where_type=', '0000-00-00 00:00:00', '0000-00-00 00:00:00', 0, 10, 1, 102),
(353, 'http://trabajamos.net/trabajo', '0000-00-00 00:00:00', '0000-00-00 00:00:00', 0, 10, 1, 144),
(354, 'http://www.computrabajo.es/bt-ofrlistado.htm?Bqd=&Bqd=&Bqd=&Bqd=&BqdPalabras=DIse%F1ador&x=57&y=6', '0000-00-00 00:00:00', '0000-00-00 00:00:00', 0, 10, 1, 126),
(355, 'http://www.trabajando.es/ofertas-trabajo-empleo/disenador/OQqn06cfTrmRw9RrvAfrNSHCrFaZA-w4nB1kTPyc3jeAjIWW5hcFgjzVZ6ONk5dZMI7SbM9nTk9xVTyTSyxAMw', '0000-00-00 00:00:00', '0000-00-00 00:00:00', 0, 10, 1, 145),
(356, 'https://www.primerempleo.com/?q=dise%C3%B1ador', '0000-00-00 00:00:00', '0000-00-00 00:00:00', 0, 10, 1, 139);
INSERT INTO `link` (`link_id`, `link_url`, `createdAt`, `updatedAt`, `version`, `link_country_id`, `link_sector_id`, `link_website_id`) VALUES
(357, 'https://www.domestika.org/es/jobs/area/1-diseno', '0000-00-00 00:00:00', '0000-00-00 00:00:00', 0, 10, 1, 128),
(358, 'https://fashionunited.es/ofertas-trabajo-moda/diseno-y-creativo', '0000-00-00 00:00:00', '0000-00-00 00:00:00', 0, 10, 1, 129),
(359, 'http://www.infoempleo.com/trabajo/area-de-empresa_internet/?q=dise%C3%B1ador', '0000-00-00 00:00:00', '0000-00-00 00:00:00', 0, 10, 1, 148),
(360, 'https://www.studentjob.es/ofertas?utf8=%E2%9C%93&search%5Bjob_opening_site_members_is_topjob_eq%5D=&region_name=&region_id=&job_guide_name=&search%5Bzipcode_eq%5D=&search%5Bgeo_distance_eq%5D=100&search%5Bkeywords_scope%5D=dise%C3%B1ador', '0000-00-00 00:00:00', '0000-00-00 00:00:00', 0, 10, 1, 142),
(361, 'https://www.unmejorempleo.es/busqueda_resultados.php', '0000-00-00 00:00:00', '0000-00-00 00:00:00', 0, 10, 1, 147),
(362, 'https://buscadordetrabajo.es/query/dise%C3%B1ador', '0000-00-00 00:00:00', '0000-00-00 00:00:00', 0, 10, 1, 122),
(363, 'http://es.jobrapido.com/?w=dise%C3%B1ador&l=espa%C3%B1a&r=auto', '0000-00-00 00:00:00', '0000-00-00 00:00:00', 0, 10, 1, 46),
(364, 'http://es.jobomas.com/Trabajo-de-disenador', '0000-00-00 00:00:00', '0000-00-00 00:00:00', 0, 10, 1, 132),
(365, 'http://www.insertia.net/empleo/buscartodos.php?sel_c=dise%C3%B1ador&sel_b=', '0000-00-00 00:00:00', '0000-00-00 00:00:00', 0, 10, 1, 131),
(366, 'https://es.jooble.org/trabajo-dise%C3%B1ador', '0000-00-00 00:00:00', '0000-00-00 00:00:00', 0, 10, 1, 51),
(367, 'https://spain.xpatjobs.com/search?ps=1&keyword=dise%C3%B1ador&city=&areas=11', '0000-00-00 00:00:00', '0000-00-00 00:00:00', 0, 10, 1, 15),
(368, 'https://www.domestika.org/es/jobs/area/57-desarrollo-web', '0000-00-00 00:00:00', '0000-00-00 00:00:00', 0, 10, 5, 128),
(369, 'https://www.monster.es/trabajo/buscar/?q=programador', '0000-00-00 00:00:00', '0000-00-00 00:00:00', 0, 10, 5, 60),
(370, 'https://www.studentjob.es/ofertas?utf8=%E2%9C%93&search%5Bjob_opening_site_members_is_topjob_eq%5D=&region_name=&region_id=&job_guide_name=&search%5Bzipcode_eq%5D=&search%5Bgeo_distance_eq%5D=100&search%5Bkeywords_scope%5D=programador', '0000-00-00 00:00:00', '0000-00-00 00:00:00', 0, 10, 5, 142),
(371, 'https://www.unmejorempleo.es/busqueda_resultados.php', '0000-00-00 00:00:00', '0000-00-00 00:00:00', 0, 10, 5, 147),
(372, 'http://www.emplea.universia.es/buscar-trabajo/?palabra=programador&ciudad=0', '0000-00-00 00:00:00', '0000-00-00 00:00:00', 0, 10, 5, 146),
(373, 'https://www.linkedin.com/jobs/search/?country=es&keywords=Programador&location=Espagne&locationId=es%3A0', '0000-00-00 00:00:00', '0000-00-00 00:00:00', 0, 10, 5, 57),
(374, 'https://buscadordetrabajo.es/query/programador', '0000-00-00 00:00:00', '0000-00-00 00:00:00', 0, 10, 5, 122),
(375, 'https://www.indeed.es/ofertas?q=programador&l=espa%C3%B1a', '0000-00-00 00:00:00', '0000-00-00 00:00:00', 0, 10, 5, 38),
(376, 'http://es.jobrapido.com/?w=programador&l=espa%C3%B1a&r=auto', '0000-00-00 00:00:00', '0000-00-00 00:00:00', 0, 10, 5, 46),
(377, 'http://es.jobomas.com/Trabajo-de-programador', '0000-00-00 00:00:00', '0000-00-00 00:00:00', 0, 10, 5, 132),
(378, 'http://www.jobsmart.es/jobs?w=Programador&l=', '0000-00-00 00:00:00', '0000-00-00 00:00:00', 0, 10, 5, 48),
(379, 'http://www.infoempleo.com/trabajo/?q=programador', '0000-00-00 00:00:00', '0000-00-00 00:00:00', 0, 10, 5, 148),
(380, 'http://www.insertia.net/empleo/buscartodos.php?sel_c=programador&sel_b=', '0000-00-00 00:00:00', '0000-00-00 00:00:00', 0, 10, 5, 131),
(381, 'http://espana.jobtonic.es/jobs/programador/', '0000-00-00 00:00:00', '0000-00-00 00:00:00', 0, 10, 5, 134),
(382, 'https://es.jooble.org/trabajo-programador', '0000-00-00 00:00:00', '0000-00-00 00:00:00', 0, 10, 5, 51),
(384, 'http://www.opcionempleo.com/buscar/empleos?s=programador&l=Espa%C3%B1a', '0000-00-00 00:00:00', '0000-00-00 00:00:00', 0, 10, 5, 137),
(385, 'https://empleo.trovit.es/index.php/cod.search_jobs/type.0/what_d.programador/sug.0/isUserSearch.1/origin.2', '0000-00-00 00:00:00', '0000-00-00 00:00:00', 0, 10, 5, 80),
(386, 'http://trabajamos.net/trabajo', '0000-00-00 00:00:00', '0000-00-00 00:00:00', 0, 10, 5, 144),
(387, 'http://www.computrabajo.es/bt-ofrlistado.htm?Bqd=&Bqd=&Bqd=&Bqd=&BqdPalabras=programador&x=0&y=0', '0000-00-00 00:00:00', '0000-00-00 00:00:00', 0, 10, 5, 126),
(388, 'http://es.jobomas.com/Trabajo-de-programador', '0000-00-00 00:00:00', '0000-00-00 00:00:00', 0, 10, 5, 132),
(389, 'http://www.portalparados.es/empleo/', '0000-00-00 00:00:00', '0000-00-00 00:00:00', 0, 10, 5, 138),
(390, 'http://www.quieroempleo.com/web/offers/SearchOffers.aspx?key=marketing', '0000-00-00 00:00:00', '0000-00-00 00:00:00', 0, 10, 5, 141),
(391, 'https://www.tecnoempleo.com', '0000-00-00 00:00:00', '0000-00-00 00:00:00', 0, 10, 5, 143),
(392, 'https://spain.xpatjobs.com/search?ps=1&keyword=desarrollador&city=&areas=11', '0000-00-00 00:00:00', '0000-00-00 00:00:00', 0, 10, 5, 15),
(393, 'https://www.studentjob.es/ofertas?utf8=%E2%9C%93&region_name=&job_guide_name=&search%5Bzipcode_eq%5D=&search%5Bkeywords_scope%5D=&search%5Bfunctions%5D%5Bid%5D%5B%5D=7', '0000-00-00 00:00:00', '0000-00-00 00:00:00', 0, 10, 2, 142),
(394, 'https://www.unmejorempleo.es/busqueda_resultados.php', '0000-00-00 00:00:00', '0000-00-00 00:00:00', 0, 10, 2, 147),
(395, 'https://www.linkedin.com/jobs/search/?keywords=ingeniero&location=Espagne&locationId=es%3A0', '0000-00-00 00:00:00', '0000-00-00 00:00:00', 0, 10, 2, 57),
(396, 'https://buscadordetrabajo.es/query/Ingeniero', '0000-00-00 00:00:00', '0000-00-00 00:00:00', 0, 10, 2, 122),
(397, 'https://www.indeed.es/ofertas?q=Ingeniero&l=espa%C3%B1a', '0000-00-00 00:00:00', '0000-00-00 00:00:00', 0, 10, 2, 38),
(398, 'http://es.jobrapido.com/?w=ingeniero&l=espa%C3%B1a&r=auto', '0000-00-00 00:00:00', '0000-00-00 00:00:00', 0, 10, 2, 46),
(399, 'http://es.jobomas.com/Trabajo-de-ingeniero', '0000-00-00 00:00:00', '0000-00-00 00:00:00', 0, 10, 2, 132),
(400, 'http://www.jobsmart.es/jobs?w=Ingeniero&l=', '0000-00-00 00:00:00', '0000-00-00 00:00:00', 0, 10, 2, 48),
(401, 'http://www.infoempleo.com/trabajo/?q=Ingeniero', '0000-00-00 00:00:00', '0000-00-00 00:00:00', 0, 10, 2, 148),
(402, 'http://www.insertia.net/empleo/buscartodos.php?sel_c=Ingeniero&sel_b=', '0000-00-00 00:00:00', '0000-00-00 00:00:00', 0, 10, 2, 131),
(403, 'http://espana.jobtonic.es/jobs/ingeniero/', '0000-00-00 00:00:00', '0000-00-00 00:00:00', 0, 10, 2, 134),
(404, 'https://es.jooble.org/trabajo-ingeniero', '0000-00-00 00:00:00', '0000-00-00 00:00:00', 0, 10, 2, 51),
(406, 'http://www.proempleoingenieros.es/bolsa_trabajo.aspx#.WMl5F3Q1-Rs', '0000-00-00 00:00:00', '0000-00-00 00:00:00', 0, 10, 2, 140),
(407, 'http://www.ingenieros.es/bolsa_de_trabajo/buscar', '0000-00-00 00:00:00', '0000-00-00 00:00:00', 0, 10, 2, 130),
(408, 'http://www.laboris.net/ofertas-de-trabajo-de-ingenierio.htm', '0000-00-00 00:00:00', '0000-00-00 00:00:00', 0, 10, 2, 135),
(410, 'http://www.computrabajo.es/bt-ofrlistado.htm?Bqd=&Bqd=&Bqd=&Bqd=&BqdPalabras=programador&x=0&y=0', '0000-00-00 00:00:00', '0000-00-00 00:00:00', 0, 10, 2, 126),
(411, 'http://es.jobomas.com/Trabajo-de-ingeniero', '0000-00-00 00:00:00', '0000-00-00 00:00:00', 0, 10, 2, 132),
(412, 'http://www.portalparados.es/empleo/', '0000-00-00 00:00:00', '0000-00-00 00:00:00', 0, 10, 2, 138),
(413, 'http://www.laboris.net/BuscadorParrilla.aspx?Palabra=Ingeniero&sz=1', '0000-00-00 00:00:00', '0000-00-00 00:00:00', 0, 10, 2, 135),
(414, 'http://aquihaytrabajo.rtve.es/buscar-trabajo-empleo/?palabra=ingeniero&ciudad=0', '0000-00-00 00:00:00', '0000-00-00 00:00:00', 0, 10, 2, 121),
(415, 'https://spain.xpatjobs.com/search?ps=1&keyword=ingeniero&city=&areas=11', '0000-00-00 00:00:00', '0000-00-00 00:00:00', 0, 10, 2, 15),
(416, 'https://www.linkmyjob.com/', '0000-00-00 00:00:00', '0000-00-00 00:00:00', 0, 10, 4, 136),
(417, 'https://www.domestika.org/es/jobs/area/44-marketing', '0000-00-00 00:00:00', '0000-00-00 00:00:00', 0, 10, 4, 128),
(418, 'https://fashionunited.es/ofertas-trabajo-moda/ventas-y-marketing', '0000-00-00 00:00:00', '0000-00-00 00:00:00', 0, 10, 4, 129),
(419, 'https://www.monster.es/trabajo/buscar/?q=marketing', '0000-00-00 00:00:00', '0000-00-00 00:00:00', 0, 10, 4, 60),
(420, 'https://www.studentjob.es/ofertas?utf8=%E2%9C%93&search%5Bjob_opening_site_members_is_topjob_eq%5D=&region_name=&region_id=&job_guide_name=&search%5Bzipcode_eq%5D=&search%5Bgeo_distance_eq%5D=100&search%5Bkeywords_scope%5D=marketing', '0000-00-00 00:00:00', '0000-00-00 00:00:00', 0, 10, 4, 142),
(421, 'http://www.emplea.universia.es/buscar-trabajo/?palabra=marketing&ciudad=0', '0000-00-00 00:00:00', '0000-00-00 00:00:00', 0, 10, 4, 146),
(422, 'https://www.linkedin.com/jobs/search/?country=es&keywords=marketing&location=Espagne&locationId=es%3A0', '0000-00-00 00:00:00', '0000-00-00 00:00:00', 0, 10, 4, 57),
(423, 'https://buscadordetrabajo.es/query/marketing', '0000-00-00 00:00:00', '0000-00-00 00:00:00', 0, 10, 4, 122),
(424, 'https://www.indeed.es/ofertas?q=Marketing&l=espa%C3%B1a', '0000-00-00 00:00:00', '0000-00-00 00:00:00', 0, 10, 4, 38),
(425, 'http://es.jobrapido.com/?w=marketing&l=espa%C3%B1a&r=auto', '0000-00-00 00:00:00', '0000-00-00 00:00:00', 0, 10, 4, 46),
(426, 'http://es.jobomas.com/Trabajo-de-marketing', '0000-00-00 00:00:00', '0000-00-00 00:00:00', 0, 10, 4, 132),
(427, 'http://www.jobsmart.es/jobs?w=marketing&l=', '0000-00-00 00:00:00', '0000-00-00 00:00:00', 0, 10, 4, 48),
(428, 'http://www.infoempleo.com/trabajo/?q=marketing', '0000-00-00 00:00:00', '0000-00-00 00:00:00', 0, 10, 4, 148),
(429, 'https://es.jooble.org/trabajo-marketing', '0000-00-00 00:00:00', '0000-00-00 00:00:00', 0, 10, 4, 51),
(431, 'https://jobspotting.com/es/explore/W3sidmFsdWUiOiJzcGFpbiIsImRpc3BsYXlfbmFtZSI6IkVzcGHDsWEiLCJpc19sb2NhdGlvbiI6dHJ1ZX0seyJ2YWx1ZSI6InNlY3Rvci1zZXJ2aWNlLW1hcmtldGluZyIsImRpc3BsYXlfbmFtZSI6Ik1hcmtldGluZyIsImlzX3NlY3RvciI6dHJ1ZX1d', '0000-00-00 00:00:00', '0000-00-00 00:00:00', 0, 10, 4, 133),
(432, 'http://trabajamos.net/trabajo', '0000-00-00 00:00:00', '0000-00-00 00:00:00', 0, 10, 4, 144),
(433, 'http://www.computrabajo.es/bt-ofrlistado.htm?Bqd=&Bqd=&Bqd=&Bqd=&BqdPalabras=marketing&x=0&y=0', '0000-00-00 00:00:00', '0000-00-00 00:00:00', 0, 10, 4, 126),
(434, 'http://www.simplyhired.es/search?q=marketing&l=', '0000-00-00 00:00:00', '0000-00-00 00:00:00', 0, 10, 4, 100),
(435, 'http://www.portalparados.es/empleo/', '0000-00-00 00:00:00', '0000-00-00 00:00:00', 0, 10, 4, 138),
(436, 'http://www.laboris.net/BuscadorParrilla.aspx?Palabra=marketing&sz=4', '0000-00-00 00:00:00', '0000-00-00 00:00:00', 0, 10, 4, 135),
(437, 'http://es.fashionjobs.com/s/?metier=&auto=0&msId=&categories=6&regions=&keyword=', '0000-00-00 00:00:00', '0000-00-00 00:00:00', 0, 10, 4, 30),
(438, 'http://www.afashionmix.com/trabajo/index.php?area=11&provincia=1001', '0000-00-00 00:00:00', '0000-00-00 00:00:00', 0, 10, 4, 120),
(439, 'https://spain.xpatjobs.com/search?ps=1&keyword=Marketing&city=&areas=11', '0000-00-00 00:00:00', '0000-00-00 00:00:00', 0, 10, 4, 15),
(440, 'https://www.linkedin.com/jobs/search/?keywords=Arquitecto&location=Espagne&locationId=es%3A0', '0000-00-00 00:00:00', '0000-00-00 00:00:00', 0, 10, 6, 57),
(441, 'https://www.indeed.es/ofertas?q=arquitecto&l=espa%C3%B1a', '0000-00-00 00:00:00', '0000-00-00 00:00:00', 0, 10, 6, 38),
(442, 'http://es.jobrapido.com/Ofertas-de-empleo-para-Arquitecto-en-Espa%C3%B1a?p=2', '0000-00-00 00:00:00', '0000-00-00 00:00:00', 0, 10, 6, 46),
(443, 'http://es.jobomas.com/Trabajo-de-arquitecto', '0000-00-00 00:00:00', '0000-00-00 00:00:00', 0, 10, 6, 132),
(444, 'http://www.infoempleo.com/trabajo/i/arquitecto/', '0000-00-00 00:00:00', '0000-00-00 00:00:00', 0, 10, 6, 48),
(445, 'http://www.cscae.com/index.php/es/?option=com_content&view=category&id=131&Itemid=280', '0000-00-00 00:00:00', '0000-00-00 00:00:00', 0, 10, 6, 127),
(446, 'https://www.arquiparados.com/f7-ofertas-de-empleo', '0000-00-00 00:00:00', '0000-00-00 00:00:00', 0, 10, 6, 149),
(447, 'http://espana.jobtonic.es/jobs/arquitecto/', '0000-00-00 00:00:00', '0000-00-00 00:00:00', 0, 10, 6, 134),
(448, 'http://trabajamos.net/trabajo', '0000-00-00 00:00:00', '0000-00-00 00:00:00', 0, 10, 6, 144),
(449, 'http://www.portalparados.es/empleo/', '0000-00-00 00:00:00', '0000-00-00 00:00:00', 0, 10, 6, 138),
(450, 'http://www.laboris.net/BuscadorParrilla.aspx?Palabra=Arquitecto&sz=4', '0000-00-00 00:00:00', '0000-00-00 00:00:00', 0, 10, 6, 135),
(451, 'http://www.coam.org/es/servicios/empleo', '0000-00-00 00:00:00', '0000-00-00 00:00:00', 0, 10, 6, 125),
(452, 'https://www.studentjob.es/ofertas?utf8=%E2%9C%93&search%5Bjob_opening_site_members_is_topjob_eq%5D=&region_name=&region_id=&job_guide_name=&search%5Bzipcode_eq%5D=&search%5Bgeo_distance_eq%5D=100&search%5Bkeywords_scope%5D=financiero', '0000-00-00 00:00:00', '0000-00-00 00:00:00', 0, 10, 3, 142),
(453, 'http://www.emplea.universia.es/buscar-trabajo/?palabra=financieros&ciudad=0', '0000-00-00 00:00:00', '0000-00-00 00:00:00', 0, 10, 3, 146),
(454, 'https://www.linkedin.com/jobs/search/?country=es&keywords=financieros&location=Espagne&locationId=es%3A0', '0000-00-00 00:00:00', '0000-00-00 00:00:00', 0, 10, 3, 57),
(455, 'http://es.jobrapido.com/Ofertas-de-empleo-para-Financieros-en-Espa%C3%B1a?p=2', '0000-00-00 00:00:00', '0000-00-00 00:00:00', 0, 10, 3, 46),
(456, 'http://es.jobomas.com/Trabajo-de-financieros', '0000-00-00 00:00:00', '0000-00-00 00:00:00', 0, 10, 3, 132),
(457, 'http://www.jobs mart.es/jobs?w=Financiero&l=', '0000-00-00 00:00:00', '0000-00-00 00:00:00', 0, 10, 3, 48),
(458, 'http://espana.jobtonic.es/jobs/financiero/', '0000-00-00 00:00:00', '0000-00-00 00:00:00', 0, 10, 3, 134),
(459, 'https://es.jooble.org/trabajo-financiero', '0000-00-00 00:00:00', '0000-00-00 00:00:00', 0, 10, 3, 51),
(460, 'http://www.designtagebuch.de/jobboerse/', '0000-00-00 00:00:00', '0000-00-00 00:00:00', 0, 4, 1, 185),
(461, 'https://empleo.trovit.es/index.php/cod.search_jobs/type.0/what_d.financiero/sug.0/isUserSearch.1/origin.2', '0000-00-00 00:00:00', '0000-00-00 00:00:00', 0, 10, 3, 80),
(462, 'http://www.laboris.net/BuscadorOfertas.aspx?Palabra=financieros&sz=4', '0000-00-00 00:00:00', '0000-00-00 00:00:00', 0, 10, 3, 135),
(463, 'http://www.simplyhired.es/search?q=financiero&l=', '0000-00-00 00:00:00', '0000-00-00 00:00:00', 0, 10, 3, 100),
(464, 'http://es.jobomas.com/Trabajo-de-financiero', '0000-00-00 00:00:00', '0000-00-00 00:00:00', 0, 10, 3, 132),
(465, 'http://www.portalparados.es/empleo/', '0000-00-00 00:00:00', '0000-00-00 00:00:00', 0, 10, 3, 138),
(466, 'http://www.jobinfrankfurt.com/search?q=designer', '0000-00-00 00:00:00', '0000-00-00 00:00:00', 0, 4, 1, 168),
(467, 'http://aquihaytrabajo.rtve.es/buscar-trabajo-empleo/?palabra=financiero&ciudad=0', '0000-00-00 00:00:00', '0000-00-00 00:00:00', 0, 10, 3, 121),
(468, 'http://www.afashionmix.com/trabajo/index.php?area=9&provincia=1001', '0000-00-00 00:00:00', '0000-00-00 00:00:00', 0, 10, 3, 120),
(469, 'https://spain.xpatjobs.com/search?ps=1&keyword=finance&city=&areas=11', '0000-00-00 00:00:00', '0000-00-00 00:00:00', 0, 10, 3, 15),
(470, 'http://emplois.be.indeed.com/emplois?q=Designer&l=belgique', '0000-00-00 00:00:00', '0000-00-00 00:00:00', 0, 2, 1, 38),
(471, 'http://www.optioncarriere.be/emploi-designer.html', '0000-00-00 00:00:00', '0000-00-00 00:00:00', 0, 2, 1, 62),
(472, 'http://www.stages-emplois.be/Emploi/Belgique/Designer/', '0000-00-00 00:00:00', '0000-00-00 00:00:00', 0, 2, 1, 161),
(473, 'https://www.stepstone.be/5/job-search-simple.html?stf=freeText&ns=1&qs=%5B%5D&companyID=0&cityID=0&sourceOfTheSearchField=resultlistpage%3Ageneral&searchOrigin=Resultlist_top-search&ke=designer&ws=&ra=30', '0000-00-00 00:00:00', '0000-00-00 00:00:00', 0, 2, 1, 77),
(474, 'http://uxdesignin.be/jobs', '0000-00-00 00:00:00', '0000-00-00 00:00:00', 0, 2, 1, 162),
(475, 'http://www.coroflot.com/design-jobs#location=Belgium', '0000-00-00 00:00:00', '0000-00-00 00:00:00', 0, 2, 1, 164),
(476, 'http://neuvoo.be/jobs/Emplois-UI-designer,Anvers', '0000-00-00 00:00:00', '0000-00-00 00:00:00', 0, 2, 1, 61),
(477, 'https://www.linkedin.com/jobs/search/?keywords=designer&location=Belgique&locationId=be%3A0', '0000-00-00 00:00:00', '0000-00-00 00:00:00', 0, 2, 1, 57),
(478, 'https://www.glassdoor.com/Job/jobs.htm?suggestCount=0&suggestChosen=false&clickSource=searchBtn&typedKeyword=designer&sc.keyword=designer&locT=C&locId=2302160', '0000-00-00 00:00:00', '0000-00-00 00:00:00', 0, 2, 1, 32),
(479, 'http://www.moovijob.com/jobs/?keywords=designer&localizations=be', '0000-00-00 00:00:00', '0000-00-00 00:00:00', 0, 2, 1, 156),
(481, 'https://www.creativeskills.be/jobs/?lang=fr', '0000-00-00 00:00:00', '0000-00-00 00:00:00', 0, 2, 1, 152),
(482, 'https://www.reed.co.uk/jobs/designer-in-belgium', '0000-00-00 00:00:00', '0000-00-00 00:00:00', 0, 2, 1, 160),
(483, 'https://angel.co/belgium/designer/jobs', '0000-00-00 00:00:00', '0000-00-00 00:00:00', 0, 2, 1, 151),
(484, 'https://belgium.expatjobs.eu/search?ps=1&keyword=designer&language=&city=&areas=3', '0000-00-00 00:00:00', '0000-00-00 00:00:00', 0, 2, 1, 15),
(485, 'http://myjob.be/jobsearch?gclid=Cj0KEQjw5sHHBRDg5IK6k938j_IBEiQARZBJWu9TDQ7ZBBs2hVep5UP57flDOk2VTkYkSvX4-gbTLeQaAgrP8P8HAQ', '0000-00-00 00:00:00', '0000-00-00 00:00:00', 0, 2, 1, 157),
(486, 'http://www.optioncarriere.be/emploi-designer.html', '0000-00-00 00:00:00', '0000-00-00 00:00:00', 0, 2, 1, 62),
(487, 'http://be.fashionjobs.com/s/?metier=&auto=0&msId=&categories=1&departements=&keyword=', '0000-00-00 00:00:00', '0000-00-00 00:00:00', 0, 2, 1, 30),
(488, 'http://www.adecco.be/fr-be/offres-emploi/resultats?k=designer&l=&pageNum=1&display=5', '0000-00-00 00:00:00', '0000-00-00 00:00:00', 0, 2, 1, 150),
(489, 'https://emploi.trovit.be/index.php/cod.search_adwords_jobs/ppc_landing_type.2/type.0/what_d.designer/sug.0/tracking./isUserSearch.1/origin.11', '0000-00-00 00:00:00', '0000-00-00 00:00:00', 0, 2, 1, 80),
(490, 'https://www.monster.be/fr/emploi/recherche/?q=designer', '0000-00-00 00:00:00', '0000-00-00 00:00:00', 0, 2, 1, 60),
(491, 'https://be.jooble.org/emploi-designer', '0000-00-00 00:00:00', '0000-00-00 00:00:00', 0, 2, 1, 51),
(492, 'https://www.creativeskills.be/jobs/?lang=fr', '0000-00-00 00:00:00', '0000-00-00 00:00:00', 0, 2, 5, 152),
(493, 'https://www.totaljobs.com/jobs/developer/in-belgium', '0000-00-00 00:00:00', '0000-00-00 00:00:00', 0, 2, 5, 79),
(494, 'https://www.startus.cc/jobs/software/belgium', '0000-00-00 00:00:00', '0000-00-00 00:00:00', 0, 2, 5, 165),
(495, 'http://www.expatica.com/be/jobs/IT-Information-Technology-jobs_18754.html', '0000-00-00 00:00:00', '0000-00-00 00:00:00', 0, 2, 5, 166),
(497, 'https://be.onlysalesjob.com/en/onlysalesjob-datanewsjobs-sales-and-it-jobs-in-belgium.html', '0000-00-00 00:00:00', '0000-00-00 00:00:00', 0, 2, 5, 158),
(498, 'https://www.vacature.com/nl-be/jobs/zoeken/marketing/ICT/1-2', '0000-00-00 00:00:00', '0000-00-00 00:00:00', 0, 2, 5, 163),
(499, 'https://belgium.expatjobs.eu/search?ps=1&keyword=developer&city=&areas=3', '0000-00-00 00:00:00', '0000-00-00 00:00:00', 0, 2, 5, 15),
(500, 'http://fr.jobinga.be/jobs?w=developpeur&l=', '0000-00-00 00:00:00', '0000-00-00 00:00:00', 0, 2, 5, 155),
(501, 'http://myjob.be/jobsearch?gclid=Cj0KEQjw5sHHBRDg5IK6k938j_IBEiQARZBJWu9TDQ7ZBBs2hVep5UP57flDOk2VTkYkSvX4-gbTLeQaAgrP8P8HAQ', '0000-00-00 00:00:00', '0000-00-00 00:00:00', 0, 2, 5, 157),
(502, 'http://www.optioncarriere.be/recherche/emplois?s=developpeur&l=Belgique', '0000-00-00 00:00:00', '0000-00-00 00:00:00', 0, 2, 5, 62),
(503, 'https://emploi.trovit.be/index.php/cod.search_adwords_jobs/ppc_landing_type.2/type.0/what_d.developpeur/sug.0/tracking./isUserSearch.1/origin.11', '0000-00-00 00:00:00', '0000-00-00 00:00:00', 0, 2, 5, 80),
(504, 'https://www.digimedia.be/jobs.php?lng=fr&profil=Development&search=', '0000-00-00 00:00:00', '0000-00-00 00:00:00', 0, 2, 5, 153),
(505, 'http://www.moovijob.com/jobs/?keywords=developpeur&localizations=be', '0000-00-00 00:00:00', '0000-00-00 00:00:00', 0, 2, 5, 156),
(506, 'https://www.monster.be/fr/emploi/recherche/?q=D__C3__A9veloppeur', '0000-00-00 00:00:00', '0000-00-00 00:00:00', 0, 2, 5, 60),
(507, 'https://emplois.be.indeed.com/emplois?q=developpeur&l=belgique', '0000-00-00 00:00:00', '0000-00-00 00:00:00', 0, 2, 5, 38),
(508, 'https://www.linkedin.com/jobs/search/?keywords=developpeur&location=Belgique&locationId=be%3A0', '0000-00-00 00:00:00', '0000-00-00 00:00:00', 0, 2, 5, 57),
(509, 'https://www.totaljobs.com/jobs/developer/in-belgium?radius=10&s=header', '0000-00-00 00:00:00', '0000-00-00 00:00:00', 0, 2, 5, 79),
(510, 'https://www.ictjob.be/fr/chercher-emplois-it', '0000-00-00 00:00:00', '0000-00-00 00:00:00', 0, 2, 5, 154),
(511, 'https://www.stepstone.be/5/index.cfm?event=resultList.dspResultList&searchTypeFrom=freeText&newSearch=1&latitude=0&longitude=0&widgetID=0&cityID=0&basicRadius=&selectString=&selectStringWhat=&keyword=Developpeur&wherestring=&function=1000000&seaTool=true&', '0000-00-00 00:00:00', '0000-00-00 00:00:00', 0, 2, 5, 77),
(512, 'http://neuvoo.be/vacatures/?k=developer&l=&f=&p=1&r=15&duc=&v=&source=&openmap=', '0000-00-00 00:00:00', '0000-00-00 00:00:00', 0, 2, 5, 61),
(513, 'https://fr.glassdoor.be/Emploi/li%C3%A8ge-developer-emplois-SRCH_IL.0,5_IC4992779_KO6,15.htm', '0000-00-00 00:00:00', '0000-00-00 00:00:00', 0, 2, 5, 32),
(514, 'https://be.jooble.org/emploi-developer', '0000-00-00 00:00:00', '0000-00-00 00:00:00', 0, 2, 5, 51),
(516, 'http://www.jobat.be/en/search/results.aspx?filter=UGFnZW51bT0xJktleXdvcmQ9ZW5naW5lZXImUmVnaW1lPTImT25saW5lU2luY2U9MyZXaXRoVG90YWxzPVRydWUmVXNlWmlwQXJvdW5kRm9yR2VvPUZhbHNlJg==', '0000-00-00 00:00:00', '0000-00-00 00:00:00', 0, 2, 2, 167),
(517, 'https://www.totaljobs.com/jobs/engineer/in-belgium?radius=10&s=header', '0000-00-00 00:00:00', '0000-00-00 00:00:00', 0, 2, 2, 79),
(518, 'http://www.jobsinbrussels.com/jobs/Engineering', '0000-00-00 00:00:00', '0000-00-00 00:00:00', 0, 2, 2, 168),
(519, 'https://belgium.expatjobs.eu/search?ps=1&keyword=engineer&city=&areas=3', '0000-00-00 00:00:00', '0000-00-00 00:00:00', 0, 2, 2, 15),
(520, 'http://fr.jobinga.be/jobs?w=ingenieur&l=', '0000-00-00 00:00:00', '0000-00-00 00:00:00', 0, 2, 2, 155),
(521, 'http://myjob.be/jobsearch?gclid=Cj0KEQjw5sHHBRDg5IK6k938j_IBEiQARZBJWu9TDQ7ZBBs2hVep5UP57flDOk2VTkYkSvX4-gbTLeQaAgrP8P8HAQ', '0000-00-00 00:00:00', '0000-00-00 00:00:00', 0, 2, 2, 157),
(522, 'http://www.optioncarriere.be/recherche/emplois?s=ing%C3%A9nieur&l=Belgique', '0000-00-00 00:00:00', '0000-00-00 00:00:00', 0, 2, 2, 62),
(523, 'http://www.adecco.be/fr-be/offres-emploi/resultats?k=ing%C3%A9nieur&l=belgique&xy=50.5039%2C4.4699&pageNum=1&display=5', '0000-00-00 00:00:00', '0000-00-00 00:00:00', 0, 2, 2, 150),
(524, 'http://www.stages-emplois.be/Emploi/Belgique/Ingenieur/', '0000-00-00 00:00:00', '0000-00-00 00:00:00', 0, 2, 2, 161),
(525, 'https://emploi.trovit.be/index.php/cod.search_adwords_jobs/ppc_landing_type.2/type.0/what_d.ing%C3%A9nieur/sug.0/tracking./isUserSearch.1/origin.11', '0000-00-00 00:00:00', '0000-00-00 00:00:00', 0, 2, 2, 80),
(526, 'http://www.moovijob.com/jobs/?keywords=ing%C3%A9nieur&localizations=be', '0000-00-00 00:00:00', '0000-00-00 00:00:00', 0, 2, 2, 156),
(527, 'https://www.monster.be/fr/emploi/recherche/?q=ingenieur', '0000-00-00 00:00:00', '0000-00-00 00:00:00', 0, 2, 2, 60),
(528, 'https://emplois.be.indeed.com/emplois?q=ingenieur&l=belgique', '0000-00-00 00:00:00', '0000-00-00 00:00:00', 0, 2, 2, 38),
(529, 'https://www.linkedin.com/jobs/search/?keywords=ingenieur&location=Belgique&locationId=be%3A0', '0000-00-00 00:00:00', '0000-00-00 00:00:00', 0, 2, 2, 57),
(530, 'https://www.totaljobs.com/jobs/engineer/in-belgium', '0000-00-00 00:00:00', '0000-00-00 00:00:00', 0, 2, 2, 79),
(531, 'https://www.stepstone.be/5/offres-emploi-resultat.html?stf=freeText&ns=1&qs=%5B%5D&companyID=0&cityID=0&sourceOfTheSearchField=resultlistpage%3Ageneral&searchOrigin=Resultlist_top-search&candidateCentricKeywords=false&candidateCentricKeywordsTestVariant=&', '0000-00-00 00:00:00', '0000-00-00 00:00:00', 0, 2, 2, 77),
(532, 'http://neuvoo.be/vacatures/?k=engineer&l=&f=&p=1&r=15&duc=&v=&source=&openmap=', '0000-00-00 00:00:00', '0000-00-00 00:00:00', 0, 2, 2, 61),
(533, 'https://fr.glassdoor.be/Emploi/li%C3%A8ge-engineer-emplois-SRCH_IL.0,5_IC4992779_KO6,14.htm', '0000-00-00 00:00:00', '0000-00-00 00:00:00', 0, 2, 2, 32),
(534, 'https://be.jooble.org/emploi-engineer', '0000-00-00 00:00:00', '0000-00-00 00:00:00', 0, 2, 2, 51),
(535, 'https://www.onlyengineerjobs.be/fr', '0000-00-00 00:00:00', '0000-00-00 00:00:00', 0, 2, 2, 158),
(536, 'https://cadres.apec.fr/liste-offres-emploi-cadres/8____99131_________offre-d-emploi-belgique.html?sortsType=SCORE&sortsDirection=DESCENDING&nbParPage=20&typeAffichage=detaille&page=0&lieux=99131&distance=0&motsCles=Ing%C3%A9nieur', '0000-00-00 00:00:00', '0000-00-00 00:00:00', 0, 2, 2, 9),
(537, 'https://references.lesoir.be/offres-emploi/ingenieur-ingenieur-de-production/#browsing', '0000-00-00 00:00:00', '0000-00-00 00:00:00', 0, 2, 2, 169),
(538, 'https://www.onlyengineerjobs.be/fr/emplois-ingenieur?search=engineer&job_geo_location=Belgium&radius=50&lat=50.503887&lon=4.4699359999999615&country=Belgium&administrative_area_level_1=', '0000-00-00 00:00:00', '0000-00-00 00:00:00', 0, 2, 2, 170),
(539, 'https://fashionunited.be/fr/fashion-jobs/sales-and-marketing', '0000-00-00 00:00:00', '0000-00-00 00:00:00', 0, 2, 4, 129),
(540, 'http://www.jobat.be/en/search/results.aspx?filter=UGFnZW51bT0xJktleXdvcmQ9bWFya2V0aW5nJlJlZ2ltZT0yJk9ubGluZVNpbmNlPTMmV2l0aFRvdGFscz1UcnVlJlVzZVppcEFyb3VuZEZvckdlbz1GYWxzZSY=', '0000-00-00 00:00:00', '0000-00-00 00:00:00', 0, 2, 4, 167),
(541, 'https://www.totaljobs.com/jobs/marketing/in-belgium', '0000-00-00 00:00:00', '0000-00-00 00:00:00', 0, 2, 4, 79),
(542, 'https://www.startus.cc/jobs/marketing/belgium', '0000-00-00 00:00:00', '0000-00-00 00:00:00', 0, 2, 4, 165),
(543, 'http://www.expatica.com/be/jobs/Marketing-Advertising-jobs_18755.html', '0000-00-00 00:00:00', '0000-00-00 00:00:00', 0, 2, 4, 166),
(544, 'http://www.jobsinbrussels.com/jobs/Marketing%20Sales', '0000-00-00 00:00:00', '0000-00-00 00:00:00', 0, 2, 4, 168),
(545, 'https://be.onlysalesjob.com/en/onlysalesjob-datanewsjobs-sales-and-it-jobs-in-belgium.html', '0000-00-00 00:00:00', '0000-00-00 00:00:00', 0, 2, 4, 158),
(546, 'https://www.vacature.com/nl-be/jobs/zoeken/marketing/1', '0000-00-00 00:00:00', '0000-00-00 00:00:00', 0, 2, 4, 163),
(547, 'https://belgium.expatjobs.eu/search?ps=1&keyword=marketing&city=&areas=3', '0000-00-00 00:00:00', '0000-00-00 00:00:00', 0, 2, 4, 15),
(548, 'http://fr.jobinga.be/jobs?w=marketing&l=', '0000-00-00 00:00:00', '0000-00-00 00:00:00', 0, 2, 4, 155),
(549, 'http://myjob.be/jobsearch?gclid=Cj0KEQjw5sHHBRDg5IK6k938j_IBEiQARZBJWu9TDQ7ZBBs2hVep5UP57flDOk2VTkYkSvX4-gbTLeQaAgrP8P8HAQ', '0000-00-00 00:00:00', '0000-00-00 00:00:00', 0, 2, 4, 157),
(550, 'http://be.fashionjobs.com/s/?categories%5B%5D=6&metier%5B6%5D%5B%5D=94&metier%5B6%5D%5B%5D=96&metier%5B6%5D%5B%5D=95&metier%5B6%5D%5B%5D=93&metier%5B6%5D%5B%5D=191&metier%5B6%5D%5B%5D=89&metier%5B6%5D%5B%5D=88&metier%5B6%5D%5B%5D=90&metier%5B6%5D%5B%5D=23', '0000-00-00 00:00:00', '0000-00-00 00:00:00', 0, 2, 4, 30),
(551, 'http://www.optioncarriere.be/recherche/emplois?s=marketing&l=Belgique', '0000-00-00 00:00:00', '0000-00-00 00:00:00', 0, 2, 4, 62),
(552, 'http://www.stages-emplois.be/Emploi/Belgique/Marketing/', '0000-00-00 00:00:00', '0000-00-00 00:00:00', 0, 2, 4, 161),
(553, 'https://emploi.trovit.be/index.php/cod.search_adwords_jobs/ppc_landing_type.2/type.0/what_d.marketing/sug.0/tracking./isUserSearch.1/origin.11', '0000-00-00 00:00:00', '0000-00-00 00:00:00', 0, 2, 4, 80),
(554, 'https://www.digimedia.be/jobs.php?lng=fr&profil=Online-marketing&search=', '0000-00-00 00:00:00', '0000-00-00 00:00:00', 0, 2, 4, 153),
(555, 'http://www.moovijob.com/jobs/?keywords=marketing&localizations=be', '0000-00-00 00:00:00', '0000-00-00 00:00:00', 0, 2, 4, 156),
(556, 'https://www.monster.be/fr/emploi/recherche/?q=marketing', '0000-00-00 00:00:00', '0000-00-00 00:00:00', 0, 2, 4, 60),
(557, 'https://emplois.be.indeed.com/emplois?q=marketing&l=belgique', '0000-00-00 00:00:00', '0000-00-00 00:00:00', 0, 2, 4, 38),
(558, 'https://www.linkedin.com/jobs/search/?keywords=marketing&location=Belgique&locationId=be%3A0', '0000-00-00 00:00:00', '0000-00-00 00:00:00', 0, 2, 4, 57),
(559, 'https://www.totaljobs.com/jobs/marketing/in-belgium?radius=10&s=header', '0000-00-00 00:00:00', '0000-00-00 00:00:00', 0, 2, 4, 79),
(560, 'https://www.stepstone.be/5/offres-emploi-resultat.html?stf=freeText&ns=1&qs=%5B%5D&companyID=0&cityID=0&sourceOfTheSearchField=resultlistpage%3Ageneral&searchOrigin=Resultlist_top-search&candidateCentricKeywords=false&candidateCentricKeywordsTestVariant=&', '0000-00-00 00:00:00', '0000-00-00 00:00:00', 0, 2, 4, 77),
(561, 'http://neuvoo.be/vacatures/?k=marketing&l=&f=&p=1&r=15&duc=&v=&source=&openmap=', '0000-00-00 00:00:00', '0000-00-00 00:00:00', 0, 2, 4, 61),
(562, 'https://fr.glassdoor.be/Emploi/li%C3%A8ge-marketing-emplois-SRCH_IL.0,5_IC4992779_KO6,15.htm', '0000-00-00 00:00:00', '0000-00-00 00:00:00', 0, 2, 4, 32),
(563, 'https://be.jooble.org/emploi-marketing', '0000-00-00 00:00:00', '0000-00-00 00:00:00', 0, 2, 4, 51),
(564, 'https://belgium.expatjobs.eu/search?ps=1&keyword=Architect&city=&areas=3', '0000-00-00 00:00:00', '0000-00-00 00:00:00', 0, 2, 6, 15),
(565, 'http://fr.jobinga.be/jobs?w=architecte&l=', '0000-00-00 00:00:00', '0000-00-00 00:00:00', 0, 2, 6, 155),
(566, 'http://myjob.be/jobsearch?gclid=Cj0KEQjw5sHHBRDg5IK6k938j_IBEiQARZBJWu9TDQ7ZBBs2hVep5UP57flDOk2VTkYkSvX4-gbTLeQaAgrP8P8HAQ', '0000-00-00 00:00:00', '0000-00-00 00:00:00', 0, 2, 6, 157),
(567, 'http://www.optioncarriere.be/recherche/emplois?s=Architecte&l=Belgique', '0000-00-00 00:00:00', '0000-00-00 00:00:00', 0, 2, 6, 62),
(568, 'https://www.monster.be/fr/emploi/recherche/?q=architecte', '0000-00-00 00:00:00', '0000-00-00 00:00:00', 0, 2, 6, 60),
(569, 'https://emplois.be.indeed.com/emplois?q=architecte&l=belgique', '0000-00-00 00:00:00', '0000-00-00 00:00:00', 0, 2, 6, 38),
(570, 'https://www.linkedin.com/jobs/search/?keywords=architecte&location=Belgique&locationId=be%3A0', '0000-00-00 00:00:00', '0000-00-00 00:00:00', 0, 2, 6, 57),
(571, 'https://www.stepstone.be/5/offres-emploi-resultat.html?stf=freeText&ns=1&qs=%5B%5D&companyID=0&cityID=0&sourceOfTheSearchField=resultlistpage%3Ageneral&searchOrigin=Resultlist_top-search&candidateCentricKeywords=false&candidateCentricKeywordsTestVariant=&', '0000-00-00 00:00:00', '0000-00-00 00:00:00', 0, 2, 6, 77),
(572, 'http://neuvoo.be/vacatures/?k=architect&l=&f=&p=1&r=15&duc=&v=&source=&openmap=', '0000-00-00 00:00:00', '0000-00-00 00:00:00', 0, 2, 6, 61),
(573, 'http://fr.ordredesarchitectes.be/fr/general/emploi/fr/liste.php?TYPE=1-3', '0000-00-00 00:00:00', '0000-00-00 00:00:00', 0, 2, 6, 159),
(574, 'https://be.jooble.org/emploi-dessinateur-architecte', '0000-00-00 00:00:00', '0000-00-00 00:00:00', 0, 2, 6, 51),
(575, 'https://www.totaljobs.com/jobs/finance/in-belgium?radius=10&s=header', '0000-00-00 00:00:00', '0000-00-00 00:00:00', 0, 2, 3, 79),
(576, 'https://www.startus.cc/jobs/finance/belgium', '0000-00-00 00:00:00', '0000-00-00 00:00:00', 0, 2, 3, 165),
(577, 'http://www.expatica.com/be/jobs/Banking-Finance-jobs_18741.html', '0000-00-00 00:00:00', '0000-00-00 00:00:00', 0, 2, 3, 166),
(578, 'http://www.jobsinbrussels.com/jobs/Finance%20Audit%20Invest', '0000-00-00 00:00:00', '0000-00-00 00:00:00', 0, 2, 3, 168),
(579, 'https://www.vacature.com/nl-be/jobs/zoeken/marketing/Financieel/1-2', '0000-00-00 00:00:00', '0000-00-00 00:00:00', 0, 2, 3, 163),
(580, 'https://belgium.expatjobs.eu/search?ps=1&keyword=Finance&city=&areas=3', '0000-00-00 00:00:00', '0000-00-00 00:00:00', 0, 2, 3, 15),
(581, 'http://fr.jobinga.be/jobs?w=finance&l=', '0000-00-00 00:00:00', '0000-00-00 00:00:00', 0, 2, 3, 155),
(582, 'http://myjob.be/jobsearch?gclid=Cj0KEQjw5sHHBRDg5IK6k938j_IBEiQARZBJWu9TDQ7ZBBs2hVep5UP57flDOk2VTkYkSvX4-gbTLeQaAgrP8P8HAQ', '0000-00-00 00:00:00', '0000-00-00 00:00:00', 0, 2, 3, 157),
(583, 'http://www.optioncarriere.be/recherche/emplois?s=finance&l=Belgique', '0000-00-00 00:00:00', '0000-00-00 00:00:00', 0, 2, 3, 62),
(584, 'http://www.stages-emplois.be/Emploi/Belgique/Finance/', '0000-00-00 00:00:00', '0000-00-00 00:00:00', 0, 2, 3, 161),
(585, 'https://emploi.trovit.be/index.php/cod.search_adwords_jobs/ppc_landing_type.2/type.0/what_d.finance/sug.0/tracking./isUserSearch.1/origin.11', '0000-00-00 00:00:00', '0000-00-00 00:00:00', 0, 2, 3, 80),
(586, 'http://www.moovijob.com/jobs/?keywords=finance&localizations=be', '0000-00-00 00:00:00', '0000-00-00 00:00:00', 0, 2, 3, 156),
(587, 'https://www.monster.be/fr/emploi/recherche/?q=finance', '0000-00-00 00:00:00', '0000-00-00 00:00:00', 0, 2, 3, 60),
(588, 'https://emplois.be.indeed.com/emplois?q=finance&l=belgique', '0000-00-00 00:00:00', '0000-00-00 00:00:00', 0, 2, 3, 38),
(589, 'https://www.linkedin.com/jobs/search/?keywords=finance&location=Belgique&locationId=be%3A0', '0000-00-00 00:00:00', '0000-00-00 00:00:00', 0, 2, 3, 57),
(590, 'https://www.totaljobs.com/jobs/finance/in-belgium?radius=10&s=header', '0000-00-00 00:00:00', '0000-00-00 00:00:00', 0, 2, 3, 79),
(591, 'https://www.stepstone.be/5/offres-emploi-resultat.html?stf=freeText&ns=1&qs=%5B%5D&companyID=0&cityID=0&sourceOfTheSearchField=duplo%3Ahomepage&searchOrigin=Homepage_top-search&candidateCentricKeywords=false&candidateCentricKeywordsTestVariant=&ke=finance', '0000-00-00 00:00:00', '0000-00-00 00:00:00', 0, 2, 3, 77),
(592, 'http://neuvoo.be/vacatures/?k=finance&l=&f=&p=1&r=15&duc=&v=&source=&openmap=', '0000-00-00 00:00:00', '0000-00-00 00:00:00', 0, 2, 3, 61),
(593, 'https://fr.glassdoor.be/Emploi/li%C3%A8ge-finance-emplois-SRCH_IL.0,5_IC4992779_KE6,13.htm', '0000-00-00 00:00:00', '0000-00-00 00:00:00', 0, 2, 3, 32),
(594, 'https://be.jooble.org/emploi-finance', '0000-00-00 00:00:00', '0000-00-00 00:00:00', 0, 2, 3, 51),
(595, 'https://de.indeed.com/Jobs?q=Designer&l=', '0000-00-00 00:00:00', '0000-00-00 00:00:00', 0, 4, 1, 38),
(596, 'http://www.careerjet.de/suchen/stellenangebote?s=designer&l=', '0000-00-00 00:00:00', '0000-00-00 00:00:00', 0, 4, 1, 90),
(597, 'https://de.jooble.org/stellenangebote-designer', '0000-00-00 00:00:00', '0000-00-00 00:00:00', 0, 4, 1, 51),
(598, 'https://www.stepstone.de/5/ergebnisliste.html?stf=freeText&ns=1&qs=%5B%5D&companyID=0&cityID=0&sourceOfTheSearchField=duplo%3Ahomepage&searchOrigin=Homepage_top-search&candidateCentricKeywords=false&candidateCentricKeywordsTestVariant=&ke=designer&ws=&ra=', '0000-00-00 00:00:00', '0000-00-00 00:00:00', 0, 4, 1, 77),
(599, 'https://www.linkedin.com/jobs/search/?keywords=designer&location=Allemagne&locationId=de%3A0', '0000-00-00 00:00:00', '0000-00-00 00:00:00', 0, 4, 1, 57),
(600, 'https://www.glassdoor.de/Job/designer-jobs-SRCH_KO0,8.htm', '0000-00-00 00:00:00', '0000-00-00 00:00:00', 0, 4, 1, 32),
(601, 'https://www.monster.de/jobs/suche/?q=designer&cy=de&intcid=swoop_HeroSearch&rad=20', '0000-00-00 00:00:00', '0000-00-00 00:00:00', 0, 4, 1, 60),
(602, 'https://de.trovit.com/jobs/index.php/cod.search_jobs/what_d.designer/sug.0/isUserSearch.1', '0000-00-00 00:00:00', '0000-00-00 00:00:00', 0, 4, 1, 80),
(603, 'http://de.fashionjobs.com/s/?metier=&auto=0&msId=&categories=1&regions=&keyword=', '0000-00-00 00:00:00', '0000-00-00 00:00:00', 0, 4, 1, 30),
(604, 'http://neuvoo.de/jobs/?k=designer&l=&f=&o=&p=&r=15', '0000-00-00 00:00:00', '0000-00-00 00:00:00', 0, 4, 1, 61),
(605, 'http://de.jobrapido.com/Designer-Jobs', '0000-00-00 00:00:00', '0000-00-00 00:00:00', 0, 4, 1, 46),
(606, 'https://www.totaljobs.com/jobs/designer/in-germany?radius=10&s=header', '0000-00-00 00:00:00', '0000-00-00 00:00:00', 0, 4, 1, 79),
(607, 'https://dasauge.de/jobs/stellenangebote/fest/?begriff=designer', '0000-00-00 00:00:00', '0000-00-00 00:00:00', 0, 4, 1, 215),
(608, 'http://www.howdesign.com/design-jobs/#location=Germany', '0000-00-00 00:00:00', '0000-00-00 00:00:00', 0, 4, 1, 195),
(609, 'http://www.coroflot.com/design-jobs?referral=C77headgraphic#location=germany', '0000-00-00 00:00:00', '0000-00-00 00:00:00', 0, 4, 1, 164),
(610, 'https://www.designmadeingermany.de/jobs/', '0000-00-00 00:00:00', '0000-00-00 00:00:00', 0, 4, 1, 182),
(611, 'http://www.designanddesign.com/jobs.php?cat=&offer=&keyword=&country=64', '0000-00-00 00:00:00', '0000-00-00 00:00:00', 0, 4, 1, 19),
(612, 'http://jobs.meinestadt.de/deutschland/jkl/0-15255-15241', '0000-00-00 00:00:00', '0000-00-00 00:00:00', 0, 4, 1, 204),
(613, 'http://www.designtagebuch.de/jobboerse/', '0000-00-00 00:00:00', '0000-00-00 00:00:00', 0, 4, 1, 185),
(614, 'https://www.creative-city-berlin.de/en/jobs/?job_sector=&category=7&job_type=&qualification=&submit=Search', '0000-00-00 00:00:00', '0000-00-00 00:00:00', 0, 4, 1, 179),
(615, 'http://designspotterjobs.com/de#content', '0000-00-00 00:00:00', '0000-00-00 00:00:00', 0, 4, 1, 183),
(616, 'http://berlinstartupjobs.com/design-ux/', '0000-00-00 00:00:00', '0000-00-00 00:00:00', 0, 4, 1, 177),
(617, 'https://jobspotting.com/en/explore/W3sidmFsdWUiOiJkZXNpZ25lciIsImRpc3BsYXlfbmFtZSI6IkRlc2lnbmVyIiwiaXNfc2tpbGwiOnRydWV9LHsidmFsdWUiOiJnZXJtYW55IiwiZGlzcGxheV9uYW1lIjoiQWxsZW1hZ25lIiwiaXNfbG9jYXRpb24iOnRydWV9XQ==', '0000-00-00 00:00:00', '0000-00-00 00:00:00', 0, 4, 1, 133),
(618, 'https://www.designerdock.com/en/for-applicants/search-jobs/?tx_ddjobs_%5Bcontroller%5D=Filter', '0000-00-00 00:00:00', '0000-00-00 00:00:00', 0, 4, 1, 181),
(619, 'http://www.jobinfrankfurt.com/search?q=designer', '0000-00-00 00:00:00', '0000-00-00 00:00:00', 0, 4, 1, 168),
(620, 'http://www.jobsinmunich.com/jobs/Design%20Multimedia', '0000-00-00 00:00:00', '0000-00-00 00:00:00', 0, 4, 1, 168),
(621, 'https://www.dezeenjobs.com/browse/germany', '0000-00-00 00:00:00', '0000-00-00 00:00:00', 0, 4, 1, 184),
(623, 'http://www.germanystartupjobs.com/#s=1', '0000-00-00 00:00:00', '0000-00-00 00:00:00', 0, 4, 1, 194),
(624, 'https://www.adzuna.de/search?q=design&w=Deutschland', '0000-00-00 00:00:00', '0000-00-00 00:00:00', 0, 4, 1, 171),
(625, 'https://jobs.zalando.com/?gh_src=4n3gxh1&search=design', '0000-00-00 00:00:00', '0000-00-00 00:00:00', 0, 4, 1, 214),
(626, 'https://www.stellenanzeigen.de/suche/?voll=design', '0000-00-00 00:00:00', '0000-00-00 00:00:00', 0, 4, 1, 208),
(627, 'https://www.jobs.de/suche?utf8=%E2%9C%93&q=design&loc=', '0000-00-00 00:00:00', '0000-00-00 00:00:00', 0, 4, 1, 200),
(628, 'http://stellenmarkt.sueddeutsche.de/jobs?q=designer', '0000-00-00 00:00:00', '0000-00-00 00:00:00', 0, 4, 1, 209),
(629, 'https://www.kimeta.de/Home/SearchResult?cn=ZzeH6NH0Tg-1z--Pvd6rrw', '0000-00-00 00:00:00', '0000-00-00 00:00:00', 0, 4, 1, 201),
(630, 'https://jobs.thelocal.com/search/#results/5a9e86ce58529157c231d034?kw=&loc=&page_num=1', '0000-00-00 00:00:00', '0000-00-00 00:00:00', 0, 4, 1, 211),
(631, 'https://jobs.meinestadt.de/deutschland/suche?words=designer', '0000-00-00 00:00:00', '0000-00-00 00:00:00', 0, 4, 1, 204),
(632, 'https://de.indeed.com/Jobs?q=developer&l=', '0000-00-00 00:00:00', '0000-00-00 00:00:00', 0, 4, 5, 38),
(633, 'http://www.careerjet.de/suchen/stellenangebote?s=Entwickler&l=Deutschland', '0000-00-00 00:00:00', '0000-00-00 00:00:00', 0, 4, 5, 90),
(634, 'https://de.jooble.org/stellenangebote-developer', '0000-00-00 00:00:00', '0000-00-00 00:00:00', 0, 4, 5, 51),
(635, 'https://www.stepstone.de/5/ergebnisliste.html?stf=freeText&ns=1&qs=%5B%5D&companyID=0&cityID=0&sourceOfTheSearchField=resultlistpage%3Ageneral&searchOrigin=Resultlist_top-search&candidateCentricKeywords=false&candidateCentricKeywordsTestVariant=&ke=develo', '0000-00-00 00:00:00', '0000-00-00 00:00:00', 0, 4, 5, 77),
(636, 'https://www.linkedin.com/jobs/search/?keywords=developer&location=Allemagne&locationId=de%3A0', '0000-00-00 00:00:00', '0000-00-00 00:00:00', 0, 4, 5, 57),
(637, 'https://www.glassdoor.de/Job/developer-jobs-SRCH_KO0,9.htm', '0000-00-00 00:00:00', '0000-00-00 00:00:00', 0, 4, 5, 32),
(638, 'https://www.monster.de/jobs/suche/?q=developer&cy=de', '0000-00-00 00:00:00', '0000-00-00 00:00:00', 0, 4, 5, 60),
(639, 's/index.php/cod.search_jobs/type.0/what_d.developer/sug.0/isUserSearch.1', '0000-00-00 00:00:00', '0000-00-00 00:00:00', 0, 4, 5, 80),
(640, 'http://de.fashionjobs.com/s/?categories%5B%5D=17&metier%5B17%5D%5B%5D=249&metier%5B17%5D%5B%5D=118&metier%5B17%5D%5B%5D=248&metier%5B17%5D%5B%5D=247&metier%5B17%5D%5B%5D=177&metier%5B17%5D%5B%5D=164&soc=&keyword=', '0000-00-00 00:00:00', '0000-00-00 00:00:00', 0, 4, 5, 30),
(641, 'http://neuvoo.de/jobs/?k=developer&l=&f=&p=1&r=15&duc=&v=&source=&openmap=', '0000-00-00 00:00:00', '0000-00-00 00:00:00', 0, 4, 5, 61),
(642, 'http://de.jobrapido.com/?w=developper', '0000-00-00 00:00:00', '0000-00-00 00:00:00', 0, 4, 5, 46),
(643, 'https://www.startus.cc/jobs/software?search=&job_geo_location=Germany&radius=50&lat=51.165691&lon=10.451526000000058&country=Germany&administrative_area_level_1=', '0000-00-00 00:00:00', '0000-00-00 00:00:00', 0, 4, 5, 165),
(644, 'https://www.totaljobs.com/jobs/developer/in-germany?radius=10&s=header', '0000-00-00 00:00:00', '0000-00-00 00:00:00', 0, 4, 5, 79),
(645, 'http://www.geekjobs.de/?s=Design&location=location&x=0&y=0&radius=1', '0000-00-00 00:00:00', '0000-00-00 00:00:00', 0, 4, 5, 192),
(646, 'http://stackoverflow.com/jobs?sort=i&l=Germany&d=20&u=Km', '0000-00-00 00:00:00', '0000-00-00 00:00:00', 0, 4, 5, 75),
(647, 'http://www.expatica.com/de/jobs/?cat=18754&city=0&query=developer&country=de', '0000-00-00 00:00:00', '0000-00-00 00:00:00', 0, 4, 5, 166),
(648, 'https://www.cwjobs.co.uk/jobs/developer/in-germany', '0000-00-00 00:00:00', '0000-00-00 00:00:00', 0, 4, 5, 180),
(649, 'https://de.jobspotting.com/en/jobs/germany/web-developer', '0000-00-00 00:00:00', '0000-00-00 00:00:00', 0, 4, 5, 133),
(650, 'http://www.jobsinmunich.com/jobs/IT%20Technology', '0000-00-00 00:00:00', '0000-00-00 00:00:00', 0, 4, 5, 168),
(651, 'https://www.computerjobs.com/de/en/software-developer-jobs-in-germany/', '0000-00-00 00:00:00', '0000-00-00 00:00:00', 0, 4, 5, 216),
(652, 'http://berlinstartupjobs.com/engineering/', '0000-00-00 00:00:00', '0000-00-00 00:00:00', 0, 4, 5, 177),
(654, 'http://germanitjobs.com/jobs', '0000-00-00 00:00:00', '0000-00-00 00:00:00', 0, 4, 5, 193),
(655, 'https://www.thefrontendlab.com/search?clear=1&filter=1&p=1&SCALE%5B2000%5D=7000&cat=0&PRICE%5B%5D=', '0000-00-00 00:00:00', '0000-00-00 00:00:00', 0, 4, 5, 210),
(656, 'https://www.games-career.com/Joboffer/Programmer:_IT_and_Backend_and_Client_and_Web', '0000-00-00 00:00:00', '0000-00-00 00:00:00', 0, 4, 5, 191),
(658, 'http://railsjobs.de/rubyonrails', '0000-00-00 00:00:00', '0000-00-00 00:00:00', 0, 4, 5, 205),
(659, 'http://www.make-it-in-germany.com/en/for-qualified-professionals/working/job-listings', '0000-00-00 00:00:00', '0000-00-00 00:00:00', 0, 4, 5, 202),
(660, 'https://www.adzuna.de/search?q=developer&w=Deutschland', '0000-00-00 00:00:00', '0000-00-00 00:00:00', 0, 4, 5, 171),
(661, 'https://stellenmarkt.faz.net/', '0000-00-00 00:00:00', '0000-00-00 00:00:00', 0, 4, 5, 190),
(662, 'https://www.stellenanzeigen.de/suche/?voll=entwickler', '0000-00-00 00:00:00', '0000-00-00 00:00:00', 0, 4, 5, 208),
(663, 'https://www.jobs.de/suche?utf8=%E2%9C%93&q=entwickler&loc=', '0000-00-00 00:00:00', '0000-00-00 00:00:00', 0, 4, 5, 200),
(664, 'http://stellenmarkt.sueddeutsche.de/jobs?q=IT', '0000-00-00 00:00:00', '0000-00-00 00:00:00', 0, 4, 5, 209),
(665, 'https://www.yourfirm.de/suche/all/?Campaign=6&name=It&plz=&Taetigkeitsbereich=&Vertragsart=&Branche=&order=', '0000-00-00 00:00:00', '0000-00-00 00:00:00', 0, 4, 5, 213),
(667, 'https://jobs.ingenieur.de/', '0000-00-00 00:00:00', '0000-00-00 00:00:00', 0, 4, 5, 197),
(668, 'https://www.kimeta.de/Home/SearchResult?cn=78S9sO_50NrRQuFUkp1AOQ', '0000-00-00 00:00:00', '0000-00-00 00:00:00', 0, 4, 5, 201),
(669, 'http://www.ingenieurweb.de/', '0000-00-00 00:00:00', '0000-00-00 00:00:00', 0, 4, 5, 199),
(670, 'http://de.dice.com/', '0000-00-00 00:00:00', '0000-00-00 00:00:00', 0, 4, 5, 217),
(671, 'https://jobs.thelocal.com/search/#results/5a9e86f258529157c231d037?kw=&loc=&page_num=1', '0000-00-00 00:00:00', '0000-00-00 00:00:00', 0, 4, 5, 211),
(672, 'https://jobs.meinestadt.de/deutschland/suche?words=it', '0000-00-00 00:00:00', '0000-00-00 00:00:00', 0, 4, 5, 204),
(673, 'https://de.indeed.com/Jobs?q=engineer&l=', '0000-00-00 00:00:00', '0000-00-00 00:00:00', 0, 4, 2, 38),
(674, 'http://www.careerjet.de/suchen/stellenangebote?s=ingenieur&l=Deutschland', '0000-00-00 00:00:00', '0000-00-00 00:00:00', 0, 4, 2, 90),
(675, 'https://de.jooble.org/stellenangebote-engineer', '0000-00-00 00:00:00', '0000-00-00 00:00:00', 0, 4, 2, 51),
(676, 'https://www.stepstone.de/5/ergebnisliste.html?stf=freeText&ns=1&qs=%5B%5D&companyID=0&cityID=0&sourceOfTheSearchField=resultlistpage%3Ageneral&searchOrigin=Resultlist_top-search&candidateCentricKeywords=false&candidateCentricKeywordsTestVariant=&ke=engine', '0000-00-00 00:00:00', '0000-00-00 00:00:00', 0, 4, 2, 77),
(677, 'https://www.linkedin.com/jobs/search/?keywords=engineer&location=Allemagne&locationId=de%3A0', '0000-00-00 00:00:00', '0000-00-00 00:00:00', 0, 4, 2, 57),
(678, 'https://www.glassdoor.de/Job/engineer-jobs-SRCH_KO0,8.htm', '0000-00-00 00:00:00', '0000-00-00 00:00:00', 0, 4, 2, 32),
(679, 'https://www.monster.de/jobs/suche/?q=engineer&cy=de', '0000-00-00 00:00:00', '0000-00-00 00:00:00', 0, 4, 2, 60),
(680, 'https://de.trovit.com/jobs/index.php/cod.search_jobs/type.0/what_d.engineer/sug.0/isUserSearch.1', '0000-00-00 00:00:00', '0000-00-00 00:00:00', 0, 4, 2, 80),
(681, 'http://neuvoo.de/jobs/?k=engineer&l=&f=&p=1&r=15&duc=&v=&source=&openmap=', '0000-00-00 00:00:00', '0000-00-00 00:00:00', 0, 4, 2, 61),
(682, 'http://de.jobrapido.com/?w=engineer', '0000-00-00 00:00:00', '0000-00-00 00:00:00', 0, 4, 2, 46),
(683, 'https://www.totaljobs.com/jobs/engineer/in-germany?radius=10&s=header', '0000-00-00 00:00:00', '0000-00-00 00:00:00', 0, 4, 2, 79),
(684, 'http://www.euroengineerjobs.com/jobs/germany', '0000-00-00 00:00:00', '0000-00-00 00:00:00', 0, 4, 2, 187),
(685, 'https://www.thelocal.de/jobs/Germany/engineer/engineer', '0000-00-00 00:00:00', '0000-00-00 00:00:00', 0, 4, 2, 211),
(686, 'http://www.expatica.com/de/jobs/?cat=18746&city=0&query=engineer&country=de', '0000-00-00 00:00:00', '0000-00-00 00:00:00', 0, 4, 2, 166),
(687, 'http://www.aviationjobsearch.com/germany?keyword=engineer', '0000-00-00 00:00:00', '0000-00-00 00:00:00', 0, 4, 2, 174),
(688, 'http://www.jobsinmunich.com/search?q=engineer', '0000-00-00 00:00:00', '0000-00-00 00:00:00', 0, 4, 2, 168),
(689, 'https://jobs.ingenieurkarriere.de/', '0000-00-00 00:00:00', '0000-00-00 00:00:00', 0, 4, 2, 197),
(690, 'http://www.ingenieur-jobs.de/', '0000-00-00 00:00:00', '0000-00-00 00:00:00', 0, 4, 2, 199),
(692, 'http://www.ingenieurjobs.de/', '0000-00-00 00:00:00', '0000-00-00 00:00:00', 0, 4, 2, 198),
(693, 'http://berlinstartupjobs.com/marketing/', '0000-00-00 00:00:00', '0000-00-00 00:00:00', 0, 4, 2, 177),
(694, 'http://jobs.meinestadt.de/deutschland/azl/0-79085-92267-58742', '0000-00-00 00:00:00', '0000-00-00 00:00:00', 0, 4, 2, 204),
(695, 'http://www.make-it-in-germany.com/en/for-qualified-professionals/working/job-listings', '0000-00-00 00:00:00', '0000-00-00 00:00:00', 0, 4, 2, 202),
(696, 'https://www.stellenanzeigen.de/suche/?voll=ingenieur', '0000-00-00 00:00:00', '0000-00-00 00:00:00', 0, 4, 2, 208),
(697, 'https://www.adzuna.de/search?q=ingenieur&w=Deutschland', '0000-00-00 00:00:00', '0000-00-00 00:00:00', 0, 4, 2, 171),
(698, 'https://stellenmarkt.faz.net/', '0000-00-00 00:00:00', '0000-00-00 00:00:00', 0, 4, 2, 190),
(699, 'https://www.jobs.de/suche?utf8=%E2%9C%93&q=ingenieur&loc=', '0000-00-00 00:00:00', '0000-00-00 00:00:00', 0, 4, 2, 200),
(700, 'http://stellenmarkt.sueddeutsche.de/jobs?q=ingenieur', '0000-00-00 00:00:00', '0000-00-00 00:00:00', 0, 4, 2, 209),
(701, 'https://www.yourfirm.de/suche/all/?Campaign=6&name=Ingenieur&plz=&Taetigkeitsbereich=&Vertragsart=&Branche=&order=', '0000-00-00 00:00:00', '0000-00-00 00:00:00', 0, 4, 2, 213),
(702, 'https://jobs.ingenieur.de/', '0000-00-00 00:00:00', '0000-00-00 00:00:00', 0, 4, 2, 197),
(703, 'https://www.kimeta.de/Home/SearchResult?cn=bSOqA7vceItPaC5RUKiEIXEAVul9Lk17AT0J-9n725U', '0000-00-00 00:00:00', '0000-00-00 00:00:00', 0, 4, 2, 201),
(704, 'http://www.ingenieurweb.de/', '0000-00-00 00:00:00', '0000-00-00 00:00:00', 0, 4, 2, 199),
(705, 'https://jobs.thelocal.com/search/#results/5a9e870458529157c231d039?kw=&loc=&page_num=1', '0000-00-00 00:00:00', '0000-00-00 00:00:00', 0, 4, 2, 211),
(706, 'https://www.bauingenieur24.de/stellenmarkt/stellenangebot', '0000-00-00 00:00:00', '0000-00-00 00:00:00', 0, 4, 2, 175),
(707, 'https://de.indeed.com/Jobs?q=Marketing&l=', '0000-00-00 00:00:00', '0000-00-00 00:00:00', 0, 4, 4, 38),
(708, 'http://www.careerjet.de/suchen/stellenangebote?s=marketing&l=Deutschland', '0000-00-00 00:00:00', '0000-00-00 00:00:00', 0, 4, 4, 90),
(709, 'https://de.jooble.org/stellenangebote-marketing', '0000-00-00 00:00:00', '0000-00-00 00:00:00', 0, 4, 4, 51),
(710, 'https://www.stepstone.de/5/ergebnisliste.html?stf=freeText&ns=1&qs=%5B%5D&companyID=0&cityID=0&sourceOfTheSearchField=resultlistpage%3Ageneral&searchOrigin=Resultlist_top-search&candidateCentricKeywords=false&candidateCentricKeywordsTestVariant=&ke=market', '0000-00-00 00:00:00', '0000-00-00 00:00:00', 0, 4, 4, 77),
(711, 'https://www.linkedin.com/jobs/search/?keywords=marketing&location=Allemagne&locationId=de%3A0', '0000-00-00 00:00:00', '0000-00-00 00:00:00', 0, 4, 4, 57),
(712, 'https://www.glassdoor.de/Job/marketing-jobs-SRCH_KO0,9.htm', '0000-00-00 00:00:00', '0000-00-00 00:00:00', 0, 4, 4, 32),
(713, 'https://www.monster.de/jobs/suche/?q=marketing&cy=de', '0000-00-00 00:00:00', '0000-00-00 00:00:00', 0, 4, 4, 60),
(714, 'https://de.trovit.com/jobs/index.php/cod.search_jobs/type.0/what_d.marketing/sug.0/isUserSearch.1', '0000-00-00 00:00:00', '0000-00-00 00:00:00', 0, 4, 4, 80),
(715, 'http://neuvoo.de/jobs/?k=marketing&l=&f=&p=1&r=15&duc=&v=&source=&openmap=', '0000-00-00 00:00:00', '0000-00-00 00:00:00', 0, 4, 4, 61),
(716, 'http://de.jobrapido.com/?w=marketing', '0000-00-00 00:00:00', '0000-00-00 00:00:00', 0, 4, 4, 46),
(717, 'https://www.totaljobs.com/jobs/marketing/in-germany?radius=10&s=header', '0000-00-00 00:00:00', '0000-00-00 00:00:00', 0, 4, 4, 79);
INSERT INTO `link` (`link_id`, `link_url`, `createdAt`, `updatedAt`, `version`, `link_country_id`, `link_sector_id`, `link_website_id`) VALUES
(718, 'http://de.fashionjobs.com/s/?categories%5B%5D=6&metier%5B6%5D%5B%5D=91&metier%5B6%5D%5B%5D=96&metier%5B6%5D%5B%5D=90&metier%5B6%5D%5B%5D=93&metier%5B6%5D%5B%5D=236&metier%5B6%5D%5B%5D=88&metier%5B6%5D%5B%5D=95&metier%5B6%5D%5B%5D=94&metier%5B6%5D%5B%5D=89', '0000-00-00 00:00:00', '0000-00-00 00:00:00', 0, 4, 4, 30),
(719, 'https://www.adzuna.de/search?q=marketing&w=', '0000-00-00 00:00:00', '0000-00-00 00:00:00', 0, 4, 4, 171),
(721, 'http://berlinstartupjobs.com/marketing/', '0000-00-00 00:00:00', '0000-00-00 00:00:00', 0, 4, 4, 177),
(723, 'https://jobs.zalando.com/?gh_src=4n3gxh1&search=marketing', '0000-00-00 00:00:00', '0000-00-00 00:00:00', 0, 4, 4, 214),
(724, 'https://www.accenture.com/de-de/careers/jobsearch?jk=marketing', '0000-00-00 00:00:00', '0000-00-00 00:00:00', 0, 4, 4, 5),
(725, 'http://www.jobsinmunich.com/search?q=Marketing+', '0000-00-00 00:00:00', '0000-00-00 00:00:00', 0, 4, 4, 168),
(726, 'https://expatjobseeker.de/#!search/s=marketing', '0000-00-00 00:00:00', '0000-00-00 00:00:00', 0, 4, 4, 188),
(727, 'https://jobs.sap.com/search/?q=marketing&locationsearch=germany', '0000-00-00 00:00:00', '0000-00-00 00:00:00', 0, 4, 4, 207),
(728, 'https://www.startus.cc/jobs/marketing/germany', '0000-00-00 00:00:00', '0000-00-00 00:00:00', 0, 4, 4, 165),
(730, 'http://www.germanystartupjobs.com/#s=1', '0000-00-00 00:00:00', '0000-00-00 00:00:00', 0, 4, 4, 194),
(731, 'https://www.experteer.de/jobs-finanzdienstleistung_marketi_ind6000', '0000-00-00 00:00:00', '0000-00-00 00:00:00', 0, 4, 4, 198),
(732, 'https://www.sportyjob.com/de/sport-jobs/?fwp_keyword_search=marketing', '0000-00-00 00:00:00', '0000-00-00 00:00:00', 0, 4, 4, 74),
(733, 'https://stellenmarkt.faz.net/', '0000-00-00 00:00:00', '0000-00-00 00:00:00', 0, 4, 4, 190),
(734, 'https://www.stellenanzeigen.de/suche/?voll=marketing', '0000-00-00 00:00:00', '0000-00-00 00:00:00', 0, 4, 4, 208),
(735, 'https://www.jobs.de/suche?utf8=%E2%9C%93&q=marketing&loc=', '0000-00-00 00:00:00', '0000-00-00 00:00:00', 0, 4, 4, 200),
(736, 'http://stellenmarkt.sueddeutsche.de/jobs?q=marketing', '0000-00-00 00:00:00', '0000-00-00 00:00:00', 0, 4, 4, 209),
(737, 'https://www.yourfirm.de/suche/all/?Campaign=6&name=Marketing&plz=&Taetigkeitsbereich=&Vertragsart=&Branche=&order=', '0000-00-00 00:00:00', '0000-00-00 00:00:00', 0, 4, 4, 213),
(738, 'https://www.salesjob.de/ergebnisse/', '0000-00-00 00:00:00', '0000-00-00 00:00:00', 0, 4, 4, 206),
(739, 'https://www.kimeta.de/Home/SearchResult?cn=XqSu_n-xVmzl2HXtrySlqdZiBM3Nb1W6mmAl9q67_Bs', '0000-00-00 00:00:00', '0000-00-00 00:00:00', 0, 4, 4, 201),
(740, 'https://jobs.thelocal.com/search/#results/5a9e871b58529157c231d03a?kw=&loc=&page_num=1', '0000-00-00 00:00:00', '0000-00-00 00:00:00', 0, 4, 4, 211),
(741, 'https://jobs.meinestadt.de/deutschland/suche?words=marketing', '0000-00-00 00:00:00', '0000-00-00 00:00:00', 0, 4, 4, 204),
(742, 'https://de.indeed.com/Jobs?q=Architekt&l=', '0000-00-00 00:00:00', '0000-00-00 00:00:00', 0, 4, 6, 38),
(743, 'http://www.careerjet.de/suchen/stellenangebote?s=architekt&l=Deutschland', '0000-00-00 00:00:00', '0000-00-00 00:00:00', 0, 4, 6, 90),
(744, 'https://de.jooble.org/stellenangebote-architekt', '0000-00-00 00:00:00', '0000-00-00 00:00:00', 0, 4, 6, 51),
(745, 'https://www.stepstone.de/5/ergebnisliste.html?stf=freeText&ns=1&qs=%5B%5D&companyID=0&cityID=0&sourceOfTheSearchField=resultlistpage%3Ageneral&searchOrigin=Resultlist_top-search&candidateCentricKeywords=false&candidateCentricKeywordsTestVariant=&ke=archit', '0000-00-00 00:00:00', '0000-00-00 00:00:00', 0, 4, 6, 77),
(746, 'https://www.linkedin.com/jobs/search/?keywords=architekt&location=Allemagne&locationId=de%3A0', '0000-00-00 00:00:00', '0000-00-00 00:00:00', 0, 4, 6, 57),
(747, 'https://www.glassdoor.de/Job/architekt-jobs-SRCH_KO0,9.htm', '0000-00-00 00:00:00', '0000-00-00 00:00:00', 0, 4, 6, 32),
(748, 'https://www.monster.de/jobs/suche/?q=marketing&cy=de', '0000-00-00 00:00:00', '0000-00-00 00:00:00', 0, 4, 6, 60),
(749, 'https://de.trovit.com/jobs/index.php/cod.search_jobs/type.0/what_d.architekt/sug.0/isUserSearch.1', '0000-00-00 00:00:00', '0000-00-00 00:00:00', 0, 4, 6, 80),
(750, 'http://neuvoo.de/jobs/?k=architekt&l=&f=&p=1&r=15&duc=&v=&source=&openmap=', '0000-00-00 00:00:00', '0000-00-00 00:00:00', 0, 4, 6, 61),
(751, 'http://de.jobrapido.com/?w=architekt', '0000-00-00 00:00:00', '0000-00-00 00:00:00', 0, 4, 6, 46),
(752, 'https://www.competitionline.com/de/jobs/anzeigen/suche', '0000-00-00 00:00:00', '0000-00-00 00:00:00', 0, 4, 6, 178),
(753, 'http://www.architekten-jobs.com/', '0000-00-00 00:00:00', '0000-00-00 00:00:00', 0, 4, 6, 172),
(754, 'http://www.aknw.de/menu-oben-jobboerse-architektenliste/jobboerse', '0000-00-00 00:00:00', '0000-00-00 00:00:00', 0, 4, 6, 173),
(755, 'http://www.baunetz.de/stellenmarkt/index.html?s_beruf=1', '0000-00-00 00:00:00', '0000-00-00 00:00:00', 0, 4, 6, 176),
(756, 'http://www.bauingenieur24.de/stellenmarkt/stellenangebot/lap/architekt-jobs?gclid=CjwKCAjwmIrJBRAREiwAuUPKMv_FQ6m3vPD6HOqqQoHpIOkp-IsC828ZwdSwhpYXDiCo-KaOrmSPExoC8JoQAvD_BwE', '0000-00-00 00:00:00', '0000-00-00 00:00:00', 0, 4, 6, 175),
(757, 'https://www.stellenanzeigen.de/suche/?voll=architekt', '0000-00-00 00:00:00', '0000-00-00 00:00:00', 0, 4, 6, 208),
(758, 'https://www.jobs.de/suche?utf8=%E2%9C%93&q=architekt&loc=', '0000-00-00 00:00:00', '0000-00-00 00:00:00', 0, 4, 6, 200),
(759, 'http://stellenmarkt.sueddeutsche.de/jobs?q=architekt', '0000-00-00 00:00:00', '0000-00-00 00:00:00', 0, 4, 6, 209),
(760, 'https://www.yourfirm.de/suche/all/?Campaign=6&name=Architekt&plz=&Taetigkeitsbereich=&Vertragsart=&Branche=&order=', '0000-00-00 00:00:00', '0000-00-00 00:00:00', 0, 4, 6, 200),
(761, 'https://www.kimeta.de/Home/SearchResult?cn=2JcFVn82Xpj2_z6AwP0uFcHBdarTJw1ZtjApY1Somz4', '0000-00-00 00:00:00', '0000-00-00 00:00:00', 0, 4, 6, 201),
(762, 'https://www.world-architects.com/en/jobs?country_id=9&sort=Jobs.last_activated_on&direction=desc', '0000-00-00 00:00:00', '0000-00-00 00:00:00', 0, 4, 6, 212),
(763, 'https://jobs.meinestadt.de/deutschland/suche?words=architekt', '0000-00-00 00:00:00', '0000-00-00 00:00:00', 0, 4, 6, 204),
(764, 'https://de.indeed.com/Jobs?q=finance&l=', '0000-00-00 00:00:00', '0000-00-00 00:00:00', 0, 4, 3, 38),
(765, 'http://www.careerjet.de/suchen/stellenangebote?s=finance&l=Deutschland', '0000-00-00 00:00:00', '0000-00-00 00:00:00', 0, 4, 3, 90),
(766, 'https://de.jooble.org/stellenangebote-finance', '0000-00-00 00:00:00', '0000-00-00 00:00:00', 0, 4, 3, 51),
(767, 'https://www.stepstone.de/5/ergebnisliste.html?stf=freeText&ns=1&qs=%5B%5D&companyID=0&cityID=0&sourceOfTheSearchField=resultlistpage%3Ageneral&searchOrigin=Resultlist_top-search&candidateCentricKeywords=false&candidateCentricKeywordsTestVariant=&ke=financ', '0000-00-00 00:00:00', '0000-00-00 00:00:00', 0, 4, 3, 77),
(768, 'https://www.linkedin.com/jobs/search/?keywords=finance&location=Allemagne&locationId=de%3A0', '0000-00-00 00:00:00', '0000-00-00 00:00:00', 0, 4, 3, 57),
(769, 'https://www.glassdoor.de/Job/finance-jobs-SRCH_KE0,7.htm', '0000-00-00 00:00:00', '0000-00-00 00:00:00', 0, 4, 3, 32),
(770, 'https://www.monster.de/jobs/suche/?q=finance&cy=de', '0000-00-00 00:00:00', '0000-00-00 00:00:00', 0, 4, 3, 60),
(771, 'https://de.trovit.com/jobs/index.php/cod.search_jobs/type.0/what_d.finance/sug.0/isUserSearch.1', '0000-00-00 00:00:00', '0000-00-00 00:00:00', 0, 4, 3, 80),
(772, 'http://neuvoo.de/jobs/?k=finance&l=&f=&p=1&r=15&duc=&v=&source=&openmap=', '0000-00-00 00:00:00', '0000-00-00 00:00:00', 0, 4, 3, 61),
(773, 'http://de.jobrapido.com/?w=finance', '0000-00-00 00:00:00', '0000-00-00 00:00:00', 0, 4, 3, 46),
(774, 'https://www.adzuna.de/search?q=finance&w=Deutschland', '0000-00-00 00:00:00', '0000-00-00 00:00:00', 0, 4, 3, 171),
(775, 'https://www.finanz.career/?gclid=CjwKCAjwmIrJBRAREiwAuUPKMo1gV8CCrTyO9y9mTHehKUlgyXaztY0muivK7KAvJBcA7MEjGQI9kBoC6l0QAvD_BwE', '0000-00-00 00:00:00', '0000-00-00 00:00:00', 0, 4, 3, 189),
(776, 'https://www.stellenanzeigen.de/stellenangebote/controller/', '0000-00-00 00:00:00', '0000-00-00 00:00:00', 0, 4, 3, 208),
(777, 'http://www.efinancialcareers.de/', '0000-00-00 00:00:00', '0000-00-00 00:00:00', 0, 4, 3, 26),
(778, 'https://www.meinejobs-finance.de/jobs-finanzen-deutschland', '0000-00-00 00:00:00', '0000-00-00 00:00:00', 0, 4, 3, 203),
(780, 'http://berlinstartupjobs.com/sales/', '0000-00-00 00:00:00', '0000-00-00 00:00:00', 0, 4, 3, 177),
(781, 'http://www.karriere.at/jobs/finanzen/deutschland', '0000-00-00 00:00:00', '0000-00-00 00:00:00', 0, 4, 3, 219),
(782, 'https://www.startus.cc/jobs/sales/germany', '0000-00-00 00:00:00', '0000-00-00 00:00:00', 0, 4, 3, 165),
(783, 'https://www.experteer.de/jobs-finanzdienstleistung_finanzen_ind6000', '0000-00-00 00:00:00', '0000-00-00 00:00:00', 0, 4, 3, 218),
(784, 'https://stellenmarkt.faz.net/', '0000-00-00 00:00:00', '0000-00-00 00:00:00', 0, 4, 3, 190),
(785, 'https://www.stellenanzeigen.de/suche/?voll=finanzen', '0000-00-00 00:00:00', '0000-00-00 00:00:00', 0, 4, 3, 208),
(786, 'https://www.jobs.de/suche?utf8=%E2%9C%93&q=finanzen&loc=', '0000-00-00 00:00:00', '0000-00-00 00:00:00', 0, 4, 3, 200),
(787, 'http://stellenmarkt.sueddeutsche.de/jobs?q=finanzen', '0000-00-00 00:00:00', '0000-00-00 00:00:00', 0, 4, 3, 209),
(788, 'https://www.yourfirm.de/suche/all/?Campaign=6&name=Finanzen&plz=&Taetigkeitsbereich=&Vertragsart=&Branche=&order=', '0000-00-00 00:00:00', '0000-00-00 00:00:00', 0, 4, 3, 200),
(789, 'https://www.salesjob.de/ergebnisse/', '0000-00-00 00:00:00', '0000-00-00 00:00:00', 0, 4, 3, 206),
(790, 'https://jobs.meinestadt.de/deutschland/suche?words=finanzen', '0000-00-00 00:00:00', '0000-00-00 00:00:00', 0, 4, 3, 204),
(791, 'https://www.monster.co.uk/jobs/search/?q=designer&cy=uk', '0000-00-00 00:00:00', '0000-00-00 00:00:00', 0, 13, 1, 60),
(792, 'https://www.indeed.co.uk/jobs?q=designer&l=uk', '0000-00-00 00:00:00', '0000-00-00 00:00:00', 0, 13, 1, 38),
(793, 'https://www.totaljobs.com/jobs/designer', '0000-00-00 00:00:00', '0000-00-00 00:00:00', 0, 13, 1, 79),
(794, 'https://www.linkedin.com/jobs/search/?keywords=designer&location=Royaume-Uni&locationId=gb%3A0', '0000-00-00 00:00:00', '0000-00-00 00:00:00', 0, 13, 1, 57),
(795, 'http://neuvoo.co.uk/jobs/?k=designer&l=&f=&o=&p=&r=15', '0000-00-00 00:00:00', '0000-00-00 00:00:00', 0, 13, 1, 61),
(796, 'http://www.optioncarriere.com/recherche/emplois?s=designer&l=united+kingdom', '0000-00-00 00:00:00', '0000-00-00 00:00:00', 0, 13, 1, 62),
(797, 'https://www.reed.co.uk/jobs/designer?parentsector=media-digital-creative&sector=graphic-design', '0000-00-00 00:00:00', '0000-00-00 00:00:00', 0, 13, 1, 160),
(798, 'https://jobs.theguardian.com/jobs/design/united-kingdom/?Keywords=designer#browsing', '0000-00-00 00:00:00', '0000-00-00 00:00:00', 0, 13, 1, 275),
(799, 'http://creativepool.com/search/jobs/?q=designer', '0000-00-00 00:00:00', '0000-00-00 00:00:00', 0, 13, 1, 234),
(800, 'https://www.designjobsboard.com/', '0000-00-00 00:00:00', '0000-00-00 00:00:00', 0, 13, 1, 237),
(801, 'https://fashionunited.uk/fashion-jobs/design-and-creative/search/designer', '0000-00-00 00:00:00', '0000-00-00 00:00:00', 0, 13, 1, 129),
(802, 'http://designjobs.uk/#!search/', '0000-00-00 00:00:00', '0000-00-00 00:00:00', 0, 13, 1, 236),
(803, 'http://www.careersindesign.com/design-jobs/?sector%5B%5D=&job_location=&job_type=&Submit=Search+jobs', '0000-00-00 00:00:00', '0000-00-00 00:00:00', 0, 13, 1, 228),
(804, 'https://www.glassdoor.co.uk/Job/designer-jobs-SRCH_KO0,8.htm', '0000-00-00 00:00:00', '0000-00-00 00:00:00', 0, 13, 1, 32),
(805, 'http://www.designjobswales.co.uk/', '0000-00-00 00:00:00', '0000-00-00 00:00:00', 0, 13, 1, 285),
(806, 'http://www.drapersjobs.com/jobs/design/', '0000-00-00 00:00:00', '0000-00-00 00:00:00', 0, 13, 1, 239),
(807, 'https://www.adzuna.co.uk/jobs/search?q=designer&w=UK', '0000-00-00 00:00:00', '0000-00-00 00:00:00', 0, 13, 1, 171),
(808, 'https://www.technojobs.co.uk/ui-designer-jobs', '0000-00-00 00:00:00', '0000-00-00 00:00:00', 0, 13, 1, 272),
(809, 'http://www.gorkanajobs.co.uk/jobs/designer/', '0000-00-00 00:00:00', '0000-00-00 00:00:00', 0, 13, 1, 232),
(810, 'http://ifyoucouldjobs.com/', '0000-00-00 00:00:00', '0000-00-00 00:00:00', 0, 13, 1, 251),
(811, 'https://www.dezeenjobs.com/browse/interior-design-jobs', '0000-00-00 00:00:00', '0000-00-00 00:00:00', 0, 13, 1, 184),
(812, 'http://www.mustardjobs.co.uk/jobsearch/results/?finp=&DivisionTag=309759&PostitionTag=0&type=0&Region=0&x=34&y=15', '0000-00-00 00:00:00', '0000-00-00 00:00:00', 0, 13, 1, 262),
(813, 'http://uk.fashionjobs.com/s/?metier=&auto=0&msId=&categories=1&regions=&keyword=', '0000-00-00 00:00:00', '0000-00-00 00:00:00', 0, 13, 1, 30),
(814, 'https://jobs.designweek.co.uk/jobs/#browsing', '0000-00-00 00:00:00', '0000-00-00 00:00:00', 0, 13, 1, 238),
(815, 'http://www.uxswitch.com/jobs/?list%5Blocation%5D=GB&mode=jobs&advanced=false', '0000-00-00 00:00:00', '0000-00-00 00:00:00', 0, 13, 1, 280),
(816, 'https://dribbble.com/jobs?utf8=%E2%9C%93&location=GB', '0000-00-00 00:00:00', '0000-00-00 00:00:00', 0, 13, 1, 240),
(817, 'https://the-dots.com/jobs/search/graphic-design-jobs', '0000-00-00 00:00:00', '0000-00-00 00:00:00', 0, 13, 1, 273),
(818, 'https://www.bespokecareers.com/uk/jobs', '0000-00-00 00:00:00', '0000-00-00 00:00:00', 0, 13, 1, 226),
(819, 'https://www.behance.net/joblist', '0000-00-00 00:00:00', '0000-00-00 00:00:00', 0, 13, 1, 225),
(820, 'http://www.designanddesign.com/jobs.php?cat=&offer=&keyword=&country=181', '0000-00-00 00:00:00', '0000-00-00 00:00:00', 0, 13, 1, 19),
(821, 'http://www.londonjobs.co.uk/cgi-bin/advsearch?search_type=quick&location_within=3&fp_skill_include=designer&location_include=&location_within=3', '0000-00-00 00:00:00', '0000-00-00 00:00:00', 0, 13, 1, 168),
(823, 'https://jobspotting.com/en/explore/W3sidmFsdWUiOiJkZXNpZ25lciIsImRpc3BsYXlfbmFtZSI6ImRlc2lnbmVyIiwiaXNfZnVsbHRleHQiOnRydWV9XQ%3D%3D', '0000-00-00 00:00:00', '0000-00-00 00:00:00', 0, 13, 1, 133),
(824, 'https://stackoverflow.com/jobs?sort=i&q=developer&l=United+Kingdom&d=20&u=Km', '0000-00-00 00:00:00', '0000-00-00 00:00:00', 0, 13, 5, 75),
(825, 'https://www.cwjobs.co.uk/', '0000-00-00 00:00:00', '0000-00-00 00:00:00', 0, 13, 5, 180),
(826, 'https://www.reed.co.uk/jobs/it-jobs?keywords=developer', '0000-00-00 00:00:00', '0000-00-00 00:00:00', 0, 13, 5, 160),
(827, 'https://www.monster.co.uk/jobs/search/?q=developer&cy=uk', '0000-00-00 00:00:00', '0000-00-00 00:00:00', 0, 13, 5, 60),
(828, 'https://www.indeed.co.uk/jobs?q=developer&l=uk', '0000-00-00 00:00:00', '0000-00-00 00:00:00', 0, 13, 5, 38),
(829, 'https://www.totaljobs.com/jobs/developer?s=header', '0000-00-00 00:00:00', '0000-00-00 00:00:00', 0, 13, 5, 79),
(830, 'https://www.linkedin.com/jobs/search/?keywords=developer&location=Royaume-Uni&locationId=gb%3A0', '0000-00-00 00:00:00', '0000-00-00 00:00:00', 0, 13, 5, 57),
(831, 'http://neuvoo.co.uk/jobs/?k=developer&l=&f=&p=1&r=25&duc=&v=&source=&openmap=', '0000-00-00 00:00:00', '0000-00-00 00:00:00', 0, 13, 5, 61),
(832, 'http://www.optioncarriere.com/recherche/emplois?s=developer&l=united+kingdom', '0000-00-00 00:00:00', '0000-00-00 00:00:00', 0, 13, 5, 62),
(833, 'http://www.londonjobs.co.uk/cgi-bin/advsearch?search_type=quick&location_within=3&fp_skill_include=developer&location_include=&location_within=3', '0000-00-00 00:00:00', '0000-00-00 00:00:00', 0, 13, 5, 168),
(834, 'http://www.jobsite.co.uk/jobs/it', '0000-00-00 00:00:00', '0000-00-00 00:00:00', 0, 13, 5, 254),
(835, 'http://uk.dice.com/index.php?SearchTerms=DEVELOPER&Mode=AdvertSearch&lang=en&', '0000-00-00 00:00:00', '0000-00-00 00:00:00', 0, 13, 5, 217),
(836, 'https://www.technojobs.co.uk/search.phtml/developer/searchfield/location/radius20/salary0', '0000-00-00 00:00:00', '0000-00-00 00:00:00', 0, 13, 5, 272),
(837, 'http://uk.fashionjobs.com/s/?categories%5B%5D=17&metier%5B17%5D%5B%5D=118&metier%5B17%5D%5B%5D=247&metier%5B17%5D%5B%5D=177&metier%5B17%5D%5B%5D=248&metier%5B17%5D%5B%5D=164&soc=&keyword=', '0000-00-00 00:00:00', '0000-00-00 00:00:00', 0, 13, 5, 30),
(838, 'http://www.fish4.co.uk/jobs/software-development/', '0000-00-00 00:00:00', '0000-00-00 00:00:00', 0, 13, 5, 244),
(839, 'http://www.webdeveloperjobs.co.uk/advanced-search/developer///all/page/1', '0000-00-00 00:00:00', '0000-00-00 00:00:00', 0, 13, 5, 281),
(840, 'http://www.jobs.ac.uk/search/?keywords=developer&salary_from=&salary_to=&category=3100&jobtype=&location=&sector=&show=25&x=0&y=0', '0000-00-00 00:00:00', '0000-00-00 00:00:00', 0, 13, 5, 253),
(841, 'https://remoteok.io/remote-dev-jobs', '0000-00-00 00:00:00', '0000-00-00 00:00:00', 0, 13, 5, 267),
(842, 'http://workinstartups.com/s/developer', '0000-00-00 00:00:00', '0000-00-00 00:00:00', 0, 13, 5, 282),
(844, 'https://www.xcede.co.uk/jobboard/cands/jobresults.asp?c=1&bms=1&localstrKeywords=developer&localdivIndustry=&localdivArea=', '0000-00-00 00:00:00', '0000-00-00 00:00:00', 0, 13, 5, 283),
(845, 'http://www.mobiledeveloperjobs.co.uk/', '0000-00-00 00:00:00', '0000-00-00 00:00:00', 0, 13, 5, 261),
(846, 'https://www.glassdoor.co.uk/Job/developer-jobs-SRCH_KO0,9.htm', '0000-00-00 00:00:00', '0000-00-00 00:00:00', 0, 13, 5, 32),
(847, 'https://www.jobswype.co.uk/jobs?title=Developer&location=&radius=0&sorting=&display=&age=', '0000-00-00 00:00:00', '0000-00-00 00:00:00', 0, 13, 5, 255),
(848, 'http://www.nijobs.com/Technical-Architecture-Jobs-in-UK', '0000-00-00 00:00:00', '0000-00-00 00:00:00', 0, 13, 5, 264),
(849, 'http://www.jobmanji.co.uk/developer/job-vacancies?search_title=developer', '0000-00-00 00:00:00', '0000-00-00 00:00:00', 0, 13, 5, 252),
(850, 'http://www.justengineers.net/', '0000-00-00 00:00:00', '0000-00-00 00:00:00', 0, 13, 2, 256),
(851, 'http://jobs.foodmanufacture.co.uk/jobs/engineering/', '0000-00-00 00:00:00', '0000-00-00 00:00:00', 0, 13, 2, 245),
(852, 'http://www.jobsite.co.uk/vacancies?search_type=quick&query=engineer&location=&fromTypeahead=0&jobTitle-input=&location-input=&radius=50', '0000-00-00 00:00:00', '0000-00-00 00:00:00', 0, 13, 2, 254),
(853, 'https://jobs.telegraph.co.uk/searchjobs/?Keywords=engineer&radialtown=&LocationId=&RadialLocation=5&Sector=1', '0000-00-00 00:00:00', '0000-00-00 00:00:00', 0, 13, 2, 276),
(854, 'https://www.reed.co.uk/jobs/engineering?keywords=engineer', '0000-00-00 00:00:00', '0000-00-00 00:00:00', 0, 13, 2, 160),
(855, 'https://www.monster.co.uk/jobs/search/?q=engineer&cy=uk&intcid=HP_HeroSearch', '0000-00-00 00:00:00', '0000-00-00 00:00:00', 0, 13, 2, 60),
(856, 'https://www.indeed.co.uk/jobs?q=engineer&l=uk', '0000-00-00 00:00:00', '0000-00-00 00:00:00', 0, 13, 2, 38),
(857, 'https://www.totaljobs.com/jobs/engineer', '0000-00-00 00:00:00', '0000-00-00 00:00:00', 0, 13, 2, 79),
(858, 'https://www.linkedin.com/jobs/search/?keywords=engineer&location=Royaume-Uni%20&locationId=gb%3A0', '0000-00-00 00:00:00', '0000-00-00 00:00:00', 0, 13, 2, 57),
(859, 'http://neuvoo.co.uk/jobs/?k=engineer&l=&f=&o=&p=&r=15', '0000-00-00 00:00:00', '0000-00-00 00:00:00', 0, 13, 2, 61),
(860, 'http://www.optioncarriere.com/recherche/emplois?s=engineer&l=united+kingdom', '0000-00-00 00:00:00', '0000-00-00 00:00:00', 0, 13, 2, 62),
(861, 'https://www.careerstructure.com/jobs/engineer', '0000-00-00 00:00:00', '0000-00-00 00:00:00', 0, 13, 2, 229),
(862, 'https://www.matchtech.com/engineering-jobs', '0000-00-00 00:00:00', '0000-00-00 00:00:00', 0, 13, 2, 286),
(863, 'http://www.jobs.ac.uk/jobs/engineering-and-technology', '0000-00-00 00:00:00', '0000-00-00 00:00:00', 0, 13, 2, 253),
(864, 'https://jobs.theguardian.com/jobs/engineering/?Keywords=engineer#browsing', '0000-00-00 00:00:00', '0000-00-00 00:00:00', 0, 13, 2, 275),
(865, 'http://www.topengineeringjobs.com/', '0000-00-00 00:00:00', '0000-00-00 00:00:00', 0, 13, 2, 279),
(866, 'http://www.jobsite.co.uk/vacancies?search_type=quick&query=engineer&location=&fromTypeahead=0&jobTitle-input=&location-input=&radius=50', '0000-00-00 00:00:00', '0000-00-00 00:00:00', 0, 13, 2, 254),
(867, 'https://jobs.theengineer.co.uk/', '0000-00-00 00:00:00', '0000-00-00 00:00:00', 0, 13, 2, 274),
(869, 'http://www.engineerboard.co.uk/', '0000-00-00 00:00:00', '0000-00-00 00:00:00', 0, 13, 2, 242),
(870, 'http://www.engineeringjobs.co.uk/', '0000-00-00 00:00:00', '0000-00-00 00:00:00', 0, 13, 2, 279),
(871, 'https://www.srg.co.uk/jobs?keywords=engineer', '0000-00-00 00:00:00', '0000-00-00 00:00:00', 0, 13, 2, 270),
(872, 'http://www.euroengineerjobs.com/job_search/location/united_kingdom/keyword/engineer/keyword_location/uk', '0000-00-00 00:00:00', '0000-00-00 00:00:00', 0, 13, 2, 187),
(873, 'https://www.fircroft.com/jobs/?sortdir=desc&q=engineer&pagesize=12&sortby=Rank', '0000-00-00 00:00:00', '0000-00-00 00:00:00', 0, 13, 2, 243),
(874, 'https://www.glassdoor.co.uk/Job/engineer-jobs-SRCH_KO0,8.htm', '0000-00-00 00:00:00', '0000-00-00 00:00:00', 0, 13, 2, 32),
(875, 'http://jobs.foodmanufacture.co.uk/jobs/sales-and-marketing/', '0000-00-00 00:00:00', '0000-00-00 00:00:00', 0, 13, 4, 245),
(876, 'https://jobs.kpmgcareers.co.uk/search/?q=marketing', '0000-00-00 00:00:00', '0000-00-00 00:00:00', 0, 13, 4, 257),
(877, 'http://www.bd4jobs.com/moreterms/jobposition/100/', '0000-00-00 00:00:00', '0000-00-00 00:00:00', 0, 13, 4, 224),
(878, 'http://www.londonjobs.co.uk/jobs/marketing/marketingandcommunications', '0000-00-00 00:00:00', '0000-00-00 00:00:00', 0, 13, 4, 168),
(879, 'http://www.jobsite.co.uk/jobs/marketing', '0000-00-00 00:00:00', '0000-00-00 00:00:00', 0, 13, 4, 254),
(880, 'http://www.jobs.ac.uk/categories/marketing', '0000-00-00 00:00:00', '0000-00-00 00:00:00', 0, 13, 4, 253),
(881, 'https://www.reed.co.uk/jobs/engineering?keywords=marketing', '0000-00-00 00:00:00', '0000-00-00 00:00:00', 0, 13, 4, 160),
(882, 'https://www.monster.co.uk/jobs/search/?q=marketing&cy=uk', '0000-00-00 00:00:00', '0000-00-00 00:00:00', 0, 13, 4, 60),
(883, 'https://www.indeed.co.uk/jobs?q=marketing&l=uk', '0000-00-00 00:00:00', '0000-00-00 00:00:00', 0, 13, 4, 38),
(884, 'https://www.totaljobs.com/jobs/marketing?s=header', '0000-00-00 00:00:00', '0000-00-00 00:00:00', 0, 13, 4, 79),
(885, 'https://www.linkedin.com/jobs/search/?keywords=marketing&location=Royaume-Uni%20&locationId=gb%3A0', '0000-00-00 00:00:00', '0000-00-00 00:00:00', 0, 13, 4, 57),
(886, 'http://neuvoo.co.uk/jobs/?k=marketing&l=&f=&p=1&r=25&duc=&v=&source=&openmap=', '0000-00-00 00:00:00', '0000-00-00 00:00:00', 0, 13, 4, 61),
(887, 'http://www.optioncarriere.com/recherche/emplois?s=marketing&l=united+kingdom', '0000-00-00 00:00:00', '0000-00-00 00:00:00', 0, 13, 4, 62),
(888, 'http://jobs.thirdsector.co.uk/jobs/marketing/', '0000-00-00 00:00:00', '0000-00-00 00:00:00', 0, 13, 4, 277),
(889, 'http://jobs.thegrocer.co.uk/jobs/marketing/', '0000-00-00 00:00:00', '0000-00-00 00:00:00', 0, 13, 4, 247),
(890, 'http://www.onlydigitaljobs.com/searchjobs/?Keywords=marketing&radialtown=&LocationId=&RadialLocation=5', '0000-00-00 00:00:00', '0000-00-00 00:00:00', 0, 13, 4, 265),
(891, 'http://www.simplymarketingjobs.co.uk/jobs?keyword=marketing', '0000-00-00 00:00:00', '0000-00-00 00:00:00', 0, 13, 4, 269),
(892, 'https://jobs.theguardian.com/jobs/marketing-and-pr/england/', '0000-00-00 00:00:00', '0000-00-00 00:00:00', 0, 13, 4, 275),
(893, 'http://www.leisurejobs.com/jobs/sales-and-marketing-jobs/', '0000-00-00 00:00:00', '0000-00-00 00:00:00', 0, 13, 4, 258),
(894, 'http://www.emedcareers.com/jobs/pharmaceutical-marketing', '0000-00-00 00:00:00', '0000-00-00 00:00:00', 0, 13, 4, 241),
(895, 'http://www.campaignlive.co.uk/jobs/searchjobs/?Keywords=Marketing&radialtown=&LocationId=&RadialLocation=5', '0000-00-00 00:00:00', '0000-00-00 00:00:00', 0, 13, 4, 227),
(896, 'http://www.michaelpage.co.uk/browse/jobs/marketing-agency/all/all', '0000-00-00 00:00:00', '0000-00-00 00:00:00', 0, 13, 4, 260),
(897, 'http://www.marketingjobboard.co.uk/cgi-bin/advsearch', '0000-00-00 00:00:00', '0000-00-00 00:00:00', 0, 13, 4, 259),
(898, 'https://www.glassdoor.co.uk/Job/marketing-jobs-SRCH_KE0,9.htm', '0000-00-00 00:00:00', '0000-00-00 00:00:00', 0, 13, 4, 32),
(899, 'http://www.cartermurray.com/marketingjobsearch/germany', '0000-00-00 00:00:00', '0000-00-00 00:00:00', 0, 13, 4, 230),
(900, 'https://www.masonfrank.com/search?query=marketing&role%5B%5D=14&location%5B%5D=1054', '0000-00-00 00:00:00', '0000-00-00 00:00:00', 0, 13, 4, 287),
(901, 'https://www.reed.co.uk/jobs/engineering?keywords=architect', '0000-00-00 00:00:00', '0000-00-00 00:00:00', 0, 13, 6, 160),
(902, 'https://www.monster.co.uk/jobs/search/?q=architect&cy=uk', '0000-00-00 00:00:00', '0000-00-00 00:00:00', 0, 13, 6, 60),
(903, 'https://www.indeed.co.uk/jobs?q=architect&l=uk', '0000-00-00 00:00:00', '0000-00-00 00:00:00', 0, 13, 6, 38),
(904, 'https://www.totaljobs.com/jobs/architect?s=header', '0000-00-00 00:00:00', '0000-00-00 00:00:00', 0, 13, 6, 79),
(905, 'https://www.linkedin.com/jobs/search/?keywords=architect&location=Royaume-Uni%20&locationId=gb%3A0', '0000-00-00 00:00:00', '0000-00-00 00:00:00', 0, 13, 6, 57),
(906, 'http://neuvoo.co.uk/jobs/?k=architect&l=&f=&p=1&r=40&duc=&v=&source=&openmap=', '0000-00-00 00:00:00', '0000-00-00 00:00:00', 0, 13, 6, 61),
(907, 'http://www.optioncarriere.com/recherche/emplois?s=architect&l=united+kingdom', '0000-00-00 00:00:00', '0000-00-00 00:00:00', 0, 13, 6, 62),
(908, 'http://archinect.com/jobs/search', '0000-00-00 00:00:00', '0000-00-00 00:00:00', 0, 13, 6, 221),
(909, 'http://www.careersinconstruction.com/jobs/architecture/', '0000-00-00 00:00:00', '0000-00-00 00:00:00', 0, 13, 6, 231),
(910, 'http://www.architecturejobs.co.uk/', '0000-00-00 00:00:00', '0000-00-00 00:00:00', 0, 13, 6, 223),
(911, 'https://www.dezeenjobs.com/browse/architecture-jobs', '0000-00-00 00:00:00', '0000-00-00 00:00:00', 0, 13, 6, 184),
(912, 'https://www.ribaappointments.com/', '0000-00-00 00:00:00', '0000-00-00 00:00:00', 0, 13, 6, 268),
(913, 'http://www.jobs.ac.uk/jobs/architecture-building-and-planning', '0000-00-00 00:00:00', '0000-00-00 00:00:00', 0, 13, 6, 160),
(914, 'https://adremgroup.com/channel/architecture/', '0000-00-00 00:00:00', '0000-00-00 00:00:00', 0, 13, 6, 220),
(915, 'http://www.hunterdunning.co.uk/', '0000-00-00 00:00:00', '0000-00-00 00:00:00', 0, 13, 6, 249),
(916, 'https://www.governmentjobs.com/jobs?keyword=Architecture', '0000-00-00 00:00:00', '0000-00-00 00:00:00', 0, 13, 6, 246),
(917, 'http://www.mustardjobs.co.uk/jobsearch/results/?finp=&DivisionTag=309757&PostitionTag=0&type=0&Region=0&x=51&y=25', '0000-00-00 00:00:00', '0000-00-00 00:00:00', 0, 13, 6, 262),
(918, 'https://www.adzuna.co.uk/jobs/search?q=architect&w=UK', '0000-00-00 00:00:00', '0000-00-00 00:00:00', 0, 13, 6, 171),
(919, 'http://www.jobsite.co.uk/vacancies?search_type=quick&query=architect&location=&fromTypeahead=0&jobTitle-input=&location-input=&radius=3', '0000-00-00 00:00:00', '0000-00-00 00:00:00', 0, 13, 6, 254),
(920, 'https://www.glassdoor.co.uk/Job/architect-jobs-SRCH_KO0,9.htm', '0000-00-00 00:00:00', '0000-00-00 00:00:00', 0, 13, 6, 32),
(921, 'https://www.gumtree.com/architecture-jobs/london', '0000-00-00 00:00:00', '0000-00-00 00:00:00', 0, 13, 6, 248),
(922, 'https://jobs.designweek.co.uk/jobs/interior/architect/', '0000-00-00 00:00:00', '0000-00-00 00:00:00', 0, 13, 6, 238),
(923, 'http://www.architectsjournaljobs.com/searchjobs/?Keywords=uk&radialtown=&LocationId=&RadialLocation=5', '0000-00-00 00:00:00', '0000-00-00 00:00:00', 0, 13, 6, 222),
(924, 'https://jobs.kpmgcareers.co.uk/search/?q=finance', '0000-00-00 00:00:00', '0000-00-00 00:00:00', 0, 13, 3, 257),
(925, 'https://www.reed.co.uk/jobs/finance', '0000-00-00 00:00:00', '0000-00-00 00:00:00', 0, 13, 3, 160),
(926, 'https://www.monster.co.uk/jobs/search/?q=finance&cy=uk', '0000-00-00 00:00:00', '0000-00-00 00:00:00', 0, 13, 3, 60),
(927, 'https://www.indeed.co.uk/Finance-jobs', '0000-00-00 00:00:00', '0000-00-00 00:00:00', 0, 13, 3, 38),
(928, 'https://www.totaljobs.com/jobs/finance', '0000-00-00 00:00:00', '0000-00-00 00:00:00', 0, 13, 3, 79),
(929, 'https://www.linkedin.com/jobs/search/?keywords=finance&location=Royaume-Uni%20&locationId=gb%3A0', '0000-00-00 00:00:00', '0000-00-00 00:00:00', 0, 13, 3, 57),
(930, 'http://neuvoo.co.uk/jobs/?k=finance&l=&f=&p=1&r=65&duc=&v=&source=&openmap=', '0000-00-00 00:00:00', '0000-00-00 00:00:00', 0, 13, 3, 61),
(931, 'http://www.optioncarriere.com/recherche/emplois?s=finance&l=united+kingdom', '0000-00-00 00:00:00', '0000-00-00 00:00:00', 0, 13, 3, 62),
(932, 'http://www.efinancialcareers.co.uk/', '0000-00-00 00:00:00', '0000-00-00 00:00:00', 0, 13, 3, 26),
(933, 'http://www.cityjobs.com/', '0000-00-00 00:00:00', '0000-00-00 00:00:00', 0, 13, 3, 233),
(934, 'https://jobs.theguardian.com/jobs/finance/?Keywords=finance#browsing', '0000-00-00 00:00:00', '0000-00-00 00:00:00', 0, 13, 3, 275),
(935, 'http://www.jobs.ac.uk/jobs/finance', '0000-00-00 00:00:00', '0000-00-00 00:00:00', 0, 13, 3, 160),
(936, 'http://www.bankingjobsuk.co.uk/cgi-bin/advsearch?front_page_keyword_search=1&location_within=10&fp_skill_include=finance', '0000-00-00 00:00:00', '0000-00-00 00:00:00', 0, 13, 3, 288),
(937, 'http://www.londonjobs.co.uk/cgi-bin/advsearch?search_type=quick&location_within=3&fp_skill_include=finance&location_include=&location_within=3', '0000-00-00 00:00:00', '0000-00-00 00:00:00', 0, 13, 3, 168),
(938, 'https://jobs.telegraph.co.uk/jobs/finance/', '0000-00-00 00:00:00', '0000-00-00 00:00:00', 0, 13, 3, 276),
(939, 'http://www.jobsite.co.uk/vacancies?search_type=quick&query=finance&location=&fromTypeahead=0&jobTitle-input=&location-input=&radius=3', '0000-00-00 00:00:00', '0000-00-00 00:00:00', 0, 13, 3, 254),
(940, 'https://www.roberthalf.co.uk/job-search', '0000-00-00 00:00:00', '0000-00-00 00:00:00', 0, 13, 3, 71),
(941, 'http://www.pfjobs.co.uk/searchjobs/?Keywords=finance&radialtown=&LocationId=&RadialLocation=5', '0000-00-00 00:00:00', '0000-00-00 00:00:00', 0, 13, 3, 266),
(942, 'http://www.icaewjobs.com/', '0000-00-00 00:00:00', '0000-00-00 00:00:00', 0, 13, 3, 250),
(943, 'https://www.nationwide-jobs.co.uk/jobs/?search=finance&mylocation=&lat=&lng=&radius=40&salaryband=&contract=&pagesize=50#searcher', '0000-00-00 00:00:00', '0000-00-00 00:00:00', 0, 13, 3, 263),
(944, 'http://www.timewisejobs.co.uk/jobs/finance/', '0000-00-00 00:00:00', '0000-00-00 00:00:00', 0, 13, 3, 278),
(945, 'http://www.talentedge.co.uk/jobs/', '0000-00-00 00:00:00', '0000-00-00 00:00:00', 0, 13, 3, 271),
(946, 'https://jobs2.deloitte.com/uk/en', '0000-00-00 00:00:00', '0000-00-00 00:00:00', 0, 13, 3, 235),
(947, 'http://www.fish4.co.uk/jobs/?Keywords=finance#browsing', '0000-00-00 00:00:00', '0000-00-00 00:00:00', 0, 13, 3, 244),
(948, 'https://www.indeed.ch/Stellen?q=designer&l=', '0000-00-00 00:00:00', '0000-00-00 00:00:00', 0, 12, 1, 38),
(949, 'https://www.careerjet.ch/suchen/stellenangebote?s=designer&l=', '0000-00-00 00:00:00', '0000-00-00 00:00:00', 0, 12, 1, 90),
(950, 'https://ch.jooble.org/jobs-designer', '0000-00-00 00:00:00', '0000-00-00 00:00:00', 0, 12, 1, 51),
(951, 'https://www.linkedin.com/jobs/search/?keywords=designer&location=Suisse&locationId=ch%3A0', '0000-00-00 00:00:00', '0000-00-00 00:00:00', 0, 12, 1, 57),
(952, 'https://de.glassdoor.ch/Job/designer-jobs-SRCH_KO0,8.htm', '0000-00-00 00:00:00', '0000-00-00 00:00:00', 0, 12, 1, 32),
(953, 'https://jobs.trovit.ch/index.php/cod.search_jobs/what_d.designer/sug.0/isUserSearch.1', '0000-00-00 00:00:00', '0000-00-00 00:00:00', 0, 12, 1, 80),
(954, 'http://ch.fashionjobs.com/s/?metier=&auto=0&msId=&categories=1&regions=&keyword=', '0000-00-00 00:00:00', '0000-00-00 00:00:00', 0, 12, 1, 30),
(955, 'http://neuvoo.ch/jobs/?k=designer&l=&f=&o=&p=&r=15', '0000-00-00 00:00:00', '0000-00-00 00:00:00', 0, 12, 1, 61),
(956, 'https://www.monster.ch/de/jobs/suche/?q=designer&cy=ch', '0000-00-00 00:00:00', '0000-00-00 00:00:00', 0, 12, 1, 60),
(957, 'https://www.jobs.ch/de/stellenangebote/?term=designer', '0000-00-00 00:00:00', '0000-00-00 00:00:00', 0, 12, 1, 299),
(958, 'https://www.optioncarriere.ch/emploi-designer.html', '0000-00-00 00:00:00', '0000-00-00 00:00:00', 0, 12, 1, 62),
(960, 'https://www.jobagent.ch/search?terms=designer', '0000-00-00 00:00:00', '0000-00-00 00:00:00', 0, 12, 1, 296),
(961, 'http://www.jobsinzurich.com/search?q=designer', '0000-00-00 00:00:00', '0000-00-00 00:00:00', 0, 12, 1, 168),
(962, 'https://www.dezeenjobs.com/browse/switzerland', '0000-00-00 00:00:00', '0000-00-00 00:00:00', 0, 12, 1, 184),
(963, 'http://www.jobsingeneva.com/search?q=designer', '0000-00-00 00:00:00', '0000-00-00 00:00:00', 0, 12, 1, 168),
(964, 'https://www.100000jobs.ch/r%C3%A9gion-gen%C3%A8ve?terms=designer', '0000-00-00 00:00:00', '0000-00-00 00:00:00', 0, 12, 1, 289),
(965, 'https://fashionunited.ch/jobs-in-der-mode/design-and-creative', '0000-00-00 00:00:00', '0000-00-00 00:00:00', 0, 12, 1, 129),
(966, 'https://www.jobup.ch/search/joblist.asp?cmd=showresults&mode=home&addcriterias=&categories=&cantons=&keywords=designer#1/1347973', '0000-00-00 00:00:00', '0000-00-00 00:00:00', 0, 12, 1, 305),
(967, 'https://www.jobscout24.ch/fr/jobs/design/', '0000-00-00 00:00:00', '0000-00-00 00:00:00', 0, 12, 1, 300),
(968, 'http://www.stages-emplois.ch/Emploi/Suisse/Designer/', '0000-00-00 00:00:00', '0000-00-00 00:00:00', 0, 12, 1, 313),
(969, 'http://www.designanddesign.com/', '0000-00-00 00:00:00', '0000-00-00 00:00:00', 0, 12, 1, 19),
(970, 'https://www.markenjobs.ch/suchdetail/key/design', '0000-00-00 00:00:00', '0000-00-00 00:00:00', 0, 12, 1, 308),
(971, 'https://medienjobs.ch/?fs=design', '0000-00-00 00:00:00', '0000-00-00 00:00:00', 0, 12, 1, 310),
(972, 'http://www.stellenmarkt.ch/jobs/suche/design/', '0000-00-00 00:00:00', '0000-00-00 00:00:00', 0, 12, 1, 315),
(973, 'https://www.pme-web.com/offres-emploi-marketing-digital-suisse/', '0000-00-00 00:00:00', '0000-00-00 00:00:00', 0, 12, 1, 311),
(974, 'https://www.indeed.ch/Stellen?q=developpeur&l=', '0000-00-00 00:00:00', '0000-00-00 00:00:00', 0, 12, 5, 38),
(975, 'https://www.careerjet.ch/suchen/stellenangebote?s=developpeur&l=Schweiz', '0000-00-00 00:00:00', '0000-00-00 00:00:00', 0, 12, 5, 90),
(976, 'https://ch.jooble.org/jobs-developer', '0000-00-00 00:00:00', '0000-00-00 00:00:00', 0, 12, 5, 51),
(977, 'https://www.optioncarriere.ch/recherche/emplois?s=developpeur&l=Suisse', '0000-00-00 00:00:00', '0000-00-00 00:00:00', 0, 12, 5, 62),
(978, 'https://www.linkedin.com/jobs/search/?keywords=developpeur&location=Suisse&locationId=ch%3A0', '0000-00-00 00:00:00', '0000-00-00 00:00:00', 0, 12, 5, 57),
(979, 'https://de.glassdoor.ch/Job/developer-jobs-SRCH_KO0,9.htm', '0000-00-00 00:00:00', '0000-00-00 00:00:00', 0, 12, 5, 32),
(980, 'https://www.monster.ch/de/jobs/suche/?q=developer&cy=ch', '0000-00-00 00:00:00', '0000-00-00 00:00:00', 0, 12, 5, 60),
(981, 'https://jobs.trovit.ch/index.php/cod.search_jobs/type.0/what_d.developpeur/sug.0/isUserSearch.1', '0000-00-00 00:00:00', '0000-00-00 00:00:00', 0, 12, 5, 80),
(982, 'http://neuvoo.ch/jobs/?k=developer&l=&f=&p=1&r=15&duc=&v=&source=&openmap=', '0000-00-00 00:00:00', '0000-00-00 00:00:00', 0, 12, 5, 61),
(983, 'https://www.jobs.ch/de/stellenangebote/?term=developer', '0000-00-00 00:00:00', '0000-00-00 00:00:00', 0, 12, 5, 299),
(984, 'https://www.100000jobs.ch/r%C3%A9gion-gen%C3%A8ve?terms=Developer', '0000-00-00 00:00:00', '0000-00-00 00:00:00', 0, 12, 5, 289),
(985, 'https://www.cwjobs.co.uk/jobs/software-engineer/in-switzerland', '0000-00-00 00:00:00', '0000-00-00 00:00:00', 0, 12, 5, 180),
(986, 'http://www.jobsinzurich.com/jobs/it', '0000-00-00 00:00:00', '0000-00-00 00:00:00', 0, 12, 5, 168),
(987, 'http://www.efinancialcareers.ch/en/jobs-Software_Developer-Switzerland.to052802658434', '0000-00-00 00:00:00', '0000-00-00 00:00:00', 0, 12, 5, 26),
(988, 'https://stackoverflow.com/jobs?sort=i&l=Switzerland&d=20&u=Km', '0000-00-00 00:00:00', '0000-00-00 00:00:00', 0, 12, 5, 75),
(989, 'https://www.jobup.ch/search/joblist.asp?cmd=showresults&mode=advanced&categories=11&subcategories=199&subcategories=13&subcategories=194&subcategories=197&subcategories=42&subcategories=71&subcategories=195&subcategories=1&subcategories=72&subcategories=1', '0000-00-00 00:00:00', '0000-00-00 00:00:00', 0, 12, 5, 305),
(990, 'https://www.jobserve.com/ch/en/software-developer-jobs-in-switzerland/', '0000-00-00 00:00:00', '0000-00-00 00:00:00', 0, 12, 5, 301),
(991, 'https://www.computerwork.com/ch/en/software-developer-jobs-in-switzerland/', '0000-00-00 00:00:00', '0000-00-00 00:00:00', 0, 12, 5, 292),
(992, 'http://www.jobsingeneva.com/search?q=Senior+Java+Developer', '0000-00-00 00:00:00', '0000-00-00 00:00:00', 0, 12, 5, 168),
(993, 'http://www.stages-emplois.ch/Emploi/Suisse/Developer/', '0000-00-00 00:00:00', '0000-00-00 00:00:00', 0, 12, 5, 313),
(994, 'https://www.jobscout24.ch/fr/jobs/developer', '0000-00-00 00:00:00', '0000-00-00 00:00:00', 0, 12, 5, 300),
(995, 'https://www.technojobs.co.uk/search.phtml/developer/searchfield/locationswitzerland/radius20/salary0/sortby5', '0000-00-00 00:00:00', '0000-00-00 00:00:00', 0, 12, 5, 272),
(996, 'http://earlyhire.ch/browse-startup-jobs?function_filter=1', '0000-00-00 00:00:00', '0000-00-00 00:00:00', 0, 12, 5, 293),
(997, 'https://switzerland.xpatjobs.com/search?ps=1&keyword=developer&city=&areas=12', '0000-00-00 00:00:00', '0000-00-00 00:00:00', 0, 12, 5, 15),
(998, 'http://www.carriere-info.fr/SUISSE-Emploi', '0000-00-00 00:00:00', '0000-00-00 00:00:00', 0, 12, 5, 291),
(999, 'https://www.job-too.ch/recherche?q=developer&q_location=', '0000-00-00 00:00:00', '0000-00-00 00:00:00', 0, 12, 5, 304),
(1000, 'https://ictjobs.ch/', '0000-00-00 00:00:00', '0000-00-00 00:00:00', 0, 12, 5, 154),
(1001, 'https://www.markenjobs.ch/suchdetail/key/ENTWICKLER', '0000-00-00 00:00:00', '0000-00-00 00:00:00', 0, 12, 5, 308),
(1002, 'http://www.stellenmarkt.ch/Informatik/Telekommunikation/', '0000-00-00 00:00:00', '0000-00-00 00:00:00', 0, 12, 5, 315),
(1003, 'https://www.pme-web.com/offres-emploi-marketing-digital-suisse/', '0000-00-00 00:00:00', '0000-00-00 00:00:00', 0, 12, 5, 311),
(1004, 'https://www.indeed.ch/Stellen?q=ing%C3%A9nieur&l=', '0000-00-00 00:00:00', '0000-00-00 00:00:00', 0, 12, 2, 38),
(1005, 'https://www.careerjet.ch/suchen/stellenangebote?s=ingenieur&l=', '0000-00-00 00:00:00', '0000-00-00 00:00:00', 0, 12, 2, 90),
(1006, 'https://ch.jooble.org/jobs-ingenieur', '0000-00-00 00:00:00', '0000-00-00 00:00:00', 0, 12, 2, 51),
(1007, 'https://www.optioncarriere.ch/recherche/emplois?s=engineering&l=Suisse', '0000-00-00 00:00:00', '0000-00-00 00:00:00', 0, 12, 2, 62),
(1008, 'https://www.linkedin.com/jobs/search/?keywords=ingenieur&location=Suisse&locationId=ch%3A0', '0000-00-00 00:00:00', '0000-00-00 00:00:00', 0, 12, 2, 57),
(1009, 'https://de.glassdoor.ch/Job/ingenieur-jobs-SRCH_KO0,9.htm', '0000-00-00 00:00:00', '0000-00-00 00:00:00', 0, 12, 2, 32),
(1010, 'https://www.monster.ch/de/jobs/suche/?q=ingenieur&cy=ch', '0000-00-00 00:00:00', '0000-00-00 00:00:00', 0, 12, 2, 60),
(1011, 'https://jobs.trovit.ch/index.php/cod.search_jobs/type.0/what_d.ingenieur/sug.0/isUserSearch.1', '0000-00-00 00:00:00', '0000-00-00 00:00:00', 0, 12, 2, 80),
(1012, 'http://neuvoo.ch/jobs/?k=ingenieur&l=&f=&p=1&r=15&duc=&v=&source=&openmap=', '0000-00-00 00:00:00', '0000-00-00 00:00:00', 0, 12, 2, 61),
(1013, 'https://www.jobs.ch/de/stellenangebote/?term=ingenieur', '0000-00-00 00:00:00', '0000-00-00 00:00:00', 0, 12, 2, 299),
(1014, 'https://www.100000jobs.ch/r%C3%A9gion-gen%C3%A8ve?terms=ingenieur', '0000-00-00 00:00:00', '0000-00-00 00:00:00', 0, 12, 2, 289),
(1015, 'http://www.euroengineerjobs.com/job_search/location/switzerland', '0000-00-00 00:00:00', '0000-00-00 00:00:00', 0, 12, 2, 187),
(1016, 'http://www.aviationjobsearch.com/switzerland?keyword=engineer', '0000-00-00 00:00:00', '0000-00-00 00:00:00', 0, 12, 2, 174),
(1017, 'https://www.jobup.ch/search/joblist.asp?cmd=showresults&mode=advanced&subcategories=46&keywords=&companytypes=0&employment_time=&employment_level_min=&employment_level_max=#1/1348630', '0000-00-00 00:00:00', '0000-00-00 00:00:00', 0, 12, 2, 305),
(1018, 'https://ingenieur-job.ch/', '0000-00-00 00:00:00', '0000-00-00 00:00:00', 0, 12, 2, 198),
(1019, 'https://emploi-ingenieur.ch/', '0000-00-00 00:00:00', '0000-00-00 00:00:00', 0, 12, 2, 297),
(1020, 'https://www.jobscout24.ch/fr/jobs/ing%C3%A9nieur/', '0000-00-00 00:00:00', '0000-00-00 00:00:00', 0, 12, 2, 300),
(1021, 'https://ingjobs.ch/fr/', '0000-00-00 00:00:00', '0000-00-00 00:00:00', 0, 12, 2, 295),
(1022, 'http://www.yodea.ch/jobs-5/', '0000-00-00 00:00:00', '0000-00-00 00:00:00', 0, 12, 2, 316),
(1023, 'https://alpha.ch/fr/jobs/?source=platform_homepage_tab_category&category-ids%5B%5D=110', '0000-00-00 00:00:00', '0000-00-00 00:00:00', 0, 12, 2, 317),
(1024, 'https://www.job-too.ch/recherche?q=ingenieur&q_location=', '0000-00-00 00:00:00', '0000-00-00 00:00:00', 0, 12, 2, 304),
(1025, 'https://jobtic.ch/fr/emplois/toutes+les+categories/tous+les+metiers/toute+la+suisse/ingenieur', '0000-00-00 00:00:00', '0000-00-00 00:00:00', 0, 12, 2, 303),
(1026, 'https://www.jobwatch.ch/fr/offres/recherche?joboffer_search%5Bsearch_subject%5D=ingenieur&joboffer_search%5Bdate_range%5D%5Bfrom%5D=&joboffer_search%5Bdate_range%5D%5Bto%5D=&joboffer_search%5Bregions%5D%5Bcountry%5D=618&joboffer_search%5Bregions%5D%5Bsub_', '0000-00-00 00:00:00', '0000-00-00 00:00:00', 0, 12, 2, 306),
(1027, 'https://www.jobeo.ch/fr/rechercher?q=ingenieur&related_term_search=', '0000-00-00 00:00:00', '0000-00-00 00:00:00', 0, 12, 2, 298),
(1028, 'https://jobs.thelocal.com/search/#results/5ab2b1e2585291407435a38e?kw=&loc=switzerland&page_num=1', '0000-00-00 00:00:00', '0000-00-00 00:00:00', 0, 12, 2, 211),
(1029, 'http://www.stages-emplois.ch/Emploi/Suisse/Engineer/', '0000-00-00 00:00:00', '0000-00-00 00:00:00', 0, 12, 2, 313),
(1030, 'http://www.jobsingeneva.com/search?q=engineer', '0000-00-00 00:00:00', '0000-00-00 00:00:00', 0, 12, 2, 168),
(1031, 'https://jobsuchmaschine.ch/fr/jobs/?query=engineer&category-ids%5B%5D=110', '0000-00-00 00:00:00', '0000-00-00 00:00:00', 0, 12, 2, 302),
(1032, 'http://www.suedostschweizjobs.ch/jobs-cat-Ingenieure+%2F+Techniker+TS%2FHF+%2F+Architekten', '0000-00-00 00:00:00', '0000-00-00 00:00:00', 0, 12, 2, 318),
(1033, 'http://www.stellenmarkt.ch/Bau/Architektur/Engineering/', '0000-00-00 00:00:00', '0000-00-00 00:00:00', 0, 12, 2, 315),
(1034, 'https://www.indeed.ch/Stellen?q=marketing&l=', '0000-00-00 00:00:00', '0000-00-00 00:00:00', 0, 12, 4, 38),
(1035, 'https://www.careerjet.ch/suchen/stellenangebote?s=marketing&l=Schweiz', '0000-00-00 00:00:00', '0000-00-00 00:00:00', 0, 12, 4, 90),
(1036, 'https://ch.jooble.org/jobs-marketing', '0000-00-00 00:00:00', '0000-00-00 00:00:00', 0, 12, 4, 51),
(1037, 'https://www.optioncarriere.ch/recherche/emplois?s=marketing&l=Suisse', '0000-00-00 00:00:00', '0000-00-00 00:00:00', 0, 12, 4, 62),
(1038, 'https://www.linkedin.com/jobs/search/?keywords=marketing&location=Suisse&locationId=ch%3A0', '0000-00-00 00:00:00', '0000-00-00 00:00:00', 0, 12, 4, 57),
(1039, 'https://de.glassdoor.ch/Job/marketing-jobs-SRCH_KO0,9.htm', '0000-00-00 00:00:00', '0000-00-00 00:00:00', 0, 12, 4, 32),
(1040, 'https://www.monster.ch/de/jobs/suche/?q=marketing&cy=ch', '0000-00-00 00:00:00', '0000-00-00 00:00:00', 0, 12, 4, 60),
(1041, 'https://jobs.trovit.ch/index.php/cod.search_jobs/type.0/what_d.marketing/sug.0/isUserSearch.1', '0000-00-00 00:00:00', '0000-00-00 00:00:00', 0, 12, 4, 80),
(1042, 'http://neuvoo.ch/jobs/?k=marketing&l=&f=&p=1&r=15&duc=&v=&source=&openmap=', '0000-00-00 00:00:00', '0000-00-00 00:00:00', 0, 12, 4, 61),
(1043, 'https://www.jobs.ch/de/stellenangebote/?term=marketing', '0000-00-00 00:00:00', '0000-00-00 00:00:00', 0, 12, 4, 299),
(1044, 'https://www.100000jobs.ch/r%C3%A9gion-gen%C3%A8ve?terms=Marketing', '0000-00-00 00:00:00', '0000-00-00 00:00:00', 0, 12, 4, 289),
(1045, 'https://www.jobup.ch/search/joblist.asp?cmd=showresults&mode=advanced&subcategories=18&subcategories=20&subcategories=60&subcategories=14&subcategories=65&subcategories=66&subcategories=92&keywords=&companytypes=0&employment_time=&employment_level_min=&em', '0000-00-00 00:00:00', '0000-00-00 00:00:00', 0, 12, 4, 305),
(1047, 'https://www.jobscout24.ch/fr/jobs/marketing', '0000-00-00 00:00:00', '0000-00-00 00:00:00', 0, 12, 4, 300),
(1048, 'https://fashionunited.ch/jobs-in-der-mode/sales-and-marketing', '0000-00-00 00:00:00', '0000-00-00 00:00:00', 0, 12, 4, 129),
(1049, 'http://www.emedcareers.com/cgi-bin/advsearch?search_type=quick&location_include=&fp_skill_include=marketing&jobTitle-input=&location-input=&location_within=20', '0000-00-00 00:00:00', '0000-00-00 00:00:00', 0, 12, 4, 241),
(1050, 'https://www.jobwatch.ch/fr/offres/recherche?joboffer_search%5Bsearch_subject%5D=marketing&joboffer_search%5Bdate_range%5D%5Bfrom%5D=&joboffer_search%5Bdate_range%5D%5Bto%5D=&joboffer_search%5Bregions%5D%5Bcountry%5D=618&joboffer_search%5Bregions%5D%5Bsub_', '0000-00-00 00:00:00', '0000-00-00 00:00:00', 0, 12, 4, 306),
(1051, 'https://www.job-too.ch/recherche?q=marketing&q_location=', '0000-00-00 00:00:00', '0000-00-00 00:00:00', 0, 12, 4, 304),
(1052, 'https://www.jobeo.ch/fr/rechercher?q=marketing&related_term_search=', '0000-00-00 00:00:00', '0000-00-00 00:00:00', 0, 12, 4, 298),
(1053, 'https://medienjobs.ch/?fcat=410', '0000-00-00 00:00:00', '0000-00-00 00:00:00', 0, 12, 4, 310),
(1054, 'https://jobwinner.ch/fr/jobs/?category-ids%5B%5D=104', '0000-00-00 00:00:00', '0000-00-00 00:00:00', 0, 12, 4, 307),
(1055, 'https://jobtic.ch/fr/emplois/toutes+les+categories/tous+les+metiers/toute+la+suisse/marketing', '0000-00-00 00:00:00', '0000-00-00 00:00:00', 0, 12, 4, 303),
(1056, 'http://earlyhire.ch/browse-startup-jobs?function_filter=3', '0000-00-00 00:00:00', '0000-00-00 00:00:00', 0, 12, 4, 293),
(1057, 'http://www.stellenmarkt.ch/Marketing/Kommunikation/Redaktion/', '0000-00-00 00:00:00', '0000-00-00 00:00:00', 0, 12, 4, 315),
(1058, 'http://www.stages-emplois.ch/Emploi/Suisse/Marketing/', '0000-00-00 00:00:00', '0000-00-00 00:00:00', 0, 12, 4, 313),
(1060, 'http://www.jobsingeneva.com/search?q=marketing', '0000-00-00 00:00:00', '0000-00-00 00:00:00', 0, 12, 4, 168),
(1061, 'http://www.marketing.ch/Jobs', '0000-00-00 00:00:00', '0000-00-00 00:00:00', 0, 12, 4, 309),
(1062, 'http://www.stellen-basel.ch/offene-stellen.php?from=0&berufsgruppe=40&fachbereich=0&stichwort=&search=Finden...', '0000-00-00 00:00:00', '0000-00-00 00:00:00', 0, 12, 4, 314),
(1063, 'https://www.pme-web.com/offres-emploi-marketing-digital-suisse/', '0000-00-00 00:00:00', '0000-00-00 00:00:00', 0, 12, 4, 311),
(1064, 'https://www.markenjobs.ch/suchdetail/key/Marketing', '0000-00-00 00:00:00', '0000-00-00 00:00:00', 0, 12, 4, 308),
(1065, 'https://www.indeed.ch/Stellen?q=architecte&l=', '0000-00-00 00:00:00', '0000-00-00 00:00:00', 0, 12, 6, 38),
(1066, 'https://www.careerjet.ch/suchen/stellenangebote?s=architecte&l=Schweiz', '0000-00-00 00:00:00', '0000-00-00 00:00:00', 0, 12, 6, 90),
(1067, 'https://ch.jooble.org/jobs-architecte', '0000-00-00 00:00:00', '0000-00-00 00:00:00', 0, 12, 6, 51),
(1068, 'https://www.optioncarriere.ch/recherche/emplois?s=architecte&l=Suisse', '0000-00-00 00:00:00', '0000-00-00 00:00:00', 0, 12, 6, 62),
(1069, 'https://www.linkedin.com/jobs/search/?keywords=architecte&location=Suisse&locationId=ch%3A0', '0000-00-00 00:00:00', '0000-00-00 00:00:00', 0, 12, 6, 57),
(1070, 'https://jobs.trovit.ch/index.php/cod.search_jobs/type.0/what_d.architecte/sug.0/isUserSearch.1', '0000-00-00 00:00:00', '0000-00-00 00:00:00', 0, 12, 6, 80),
(1071, 'http://neuvoo.ch/jobs/?k=architecte&l=&f=&p=1&r=15&duc=&v=&source=&openmap=', '0000-00-00 00:00:00', '0000-00-00 00:00:00', 0, 12, 6, 61),
(1072, 'https://www.jobs.ch/de/stellenangebote/?term=architekt', '0000-00-00 00:00:00', '0000-00-00 00:00:00', 0, 12, 6, 299),
(1073, 'https://www.100000jobs.ch/r%C3%A9gion-gen%C3%A8ve?terms=architecte', '0000-00-00 00:00:00', '0000-00-00 00:00:00', 0, 12, 6, 289),
(1074, 'https://www.jobup.ch/search/joblist.asp?cmd=showresults&mode=advanced&subcategories=4&subcategories=181&subcategories=182&subcategories=10&keywords=&companytypes=0&employment_time=&employment_level_min=&employment_level_max=#1/1349369', '0000-00-00 00:00:00', '0000-00-00 00:00:00', 0, 12, 6, 305),
(1075, 'http://www.stellenmarkt.ch/Bau/Architektur/Engineering/', '0000-00-00 00:00:00', '0000-00-00 00:00:00', 0, 12, 6, 315),
(1076, 'https://www.jobscout24.ch/fr/jobs/architekt', '0000-00-00 00:00:00', '0000-00-00 00:00:00', 0, 12, 6, 300),
(1077, 'https://www.job-too.ch/recherche?q=architecte&q_location=', '0000-00-00 00:00:00', '0000-00-00 00:00:00', 0, 12, 6, 304),
(1078, 'https://www.jobeo.ch/fr/rechercher?q=architecte&related_term_search=', '0000-00-00 00:00:00', '0000-00-00 00:00:00', 0, 12, 6, 298),
(1079, 'http://www.stellen-basel.ch/offene-stellen.php?from=0&berufsgruppe=89&fachbereich=0&stichwort=architekt&search=Finden...', '0000-00-00 00:00:00', '0000-00-00 00:00:00', 0, 12, 6, 314),
(1080, 'http://www.stages-emplois.ch/Emploi/Suisse/Architecte/', '0000-00-00 00:00:00', '0000-00-00 00:00:00', 0, 12, 6, 313),
(1081, 'https://jobsuchmaschine.ch/fr/jobs/?query=architekt&category-ids%5B%5D=110', '0000-00-00 00:00:00', '0000-00-00 00:00:00', 0, 12, 6, 302),
(1082, 'https://ingjobs.ch/de/jobs/?category-ids%5B0%5D=422', '0000-00-00 00:00:00', '0000-00-00 00:00:00', 0, 12, 6, 295),
(1083, 'https://alpha.ch/de/jobs/?query=Architekt', '0000-00-00 00:00:00', '0000-00-00 00:00:00', 0, 12, 6, 317),
(1084, 'https://www.architektura.ethz.ch/website/praktikum-jobs/', '0000-00-00 00:00:00', '0000-00-00 00:00:00', 0, 12, 6, 290),
(1085, 'http://www.sia.ch/de/dienstleistungen/sia-service/personalboerse/stellenboerse/job//0/nc/1/', '0000-00-00 00:00:00', '0000-00-00 00:00:00', 0, 12, 6, 312),
(1086, 'http://www.aecjob.ch/component/aecjob/searchjob?Itemid=966', '0000-00-00 00:00:00', '0000-00-00 00:00:00', 0, 12, 6, 319),
(1087, 'https://www.indeed.ch/Stellen?q=finance&l=', '0000-00-00 00:00:00', '0000-00-00 00:00:00', 0, 12, 3, 38),
(1088, 'https://www.careerjet.ch/suchen/stellenangebote?s=finanz&l=Schweiz', '0000-00-00 00:00:00', '0000-00-00 00:00:00', 0, 12, 3, 90),
(1089, 'https://ch.jooble.org/jobs-financial', '0000-00-00 00:00:00', '0000-00-00 00:00:00', 0, 12, 3, 51),
(1090, 'https://www.optioncarriere.ch/recherche/emplois?s=finance&l=Suisse', '0000-00-00 00:00:00', '0000-00-00 00:00:00', 0, 12, 3, 62),
(1091, 'https://www.linkedin.com/jobs/search/?keywords=finance&location=Suisse&locationId=ch%3A0', '0000-00-00 00:00:00', '0000-00-00 00:00:00', 0, 12, 3, 57);
INSERT INTO `link` (`link_id`, `link_url`, `createdAt`, `updatedAt`, `version`, `link_country_id`, `link_sector_id`, `link_website_id`) VALUES
(1092, 'https://de.glassdoor.ch/Job/finance-jobs-SRCH_KE0,7.htm', '0000-00-00 00:00:00', '0000-00-00 00:00:00', 0, 12, 3, 32),
(1093, 'https://www.monster.ch/de/jobs/suche/?q=finance&cy=ch', '0000-00-00 00:00:00', '0000-00-00 00:00:00', 0, 12, 3, 60),
(1094, 'https://jobs.trovit.ch/index.php/cod.search_jobs/type.0/what_d.finanz/sug.0/isUserSearch.1', '0000-00-00 00:00:00', '0000-00-00 00:00:00', 0, 12, 3, 80),
(1095, 'http://neuvoo.ch/jobs/?k=financial&l=&f=&p=1&r=15&duc=&v=&source=&openmap=', '0000-00-00 00:00:00', '0000-00-00 00:00:00', 0, 12, 3, 61),
(1096, 'http://ch.fashionjobs.com/s/?categories%5B%5D=10&metier%5B10%5D%5B%5D=137&metier%5B10%5D%5B%5D=133&metier%5B10%5D%5B%5D=135&metier%5B10%5D%5B%5D=130&metier%5B10%5D%5B%5D=131&metier%5B10%5D%5B%5D=132&metier%5B10%5D%5B%5D=136&soc=&keyword=', '0000-00-00 00:00:00', '0000-00-00 00:00:00', 0, 12, 3, 30),
(1097, 'https://www.jobs.ch/de/stellenangebote/?term=finance', '0000-00-00 00:00:00', '0000-00-00 00:00:00', 0, 12, 3, 299),
(1098, 'http://www.efinancialcareers.ch/en/jobs-Accounting__Finance.s001', '0000-00-00 00:00:00', '0000-00-00 00:00:00', 0, 12, 3, 26),
(1099, 'https://www.100000jobs.ch/r%C3%A9gion-gen%C3%A8ve?terms=finanz', '0000-00-00 00:00:00', '0000-00-00 00:00:00', 0, 12, 3, 289),
(1100, 'https://www.jobup.ch/search/joblist.asp?cmd=showresults&mode=advanced&categories=5&subcategories=155&subcategories=154&subcategories=15&subcategories=19&subcategories=80&subcategories=44&subcategories=302&keywords=&companytypes=0&employment_time=&employme', '0000-00-00 00:00:00', '0000-00-00 00:00:00', 0, 12, 3, 305),
(1101, 'http://www.stellen-basel.ch/offene-stellen.php?from=0&berufsgruppe=9&fachbereich=0&stichwort=', '0000-00-00 00:00:00', '0000-00-00 00:00:00', 0, 12, 3, 314),
(1102, 'https://jobtic.ch/fr/emplois/toutes+les+categories/tous+les+metiers/toute+la+suisse/finance', '0000-00-00 00:00:00', '0000-00-00 00:00:00', 0, 12, 3, 303),
(1103, 'https://jobwinner.ch/fr/jobs/?category-ids%5B%5D=130&category-ids%5B%5D=104', '0000-00-00 00:00:00', '0000-00-00 00:00:00', 0, 12, 3, 307),
(1104, 'http://earlyhire.ch/browse-startup-jobs?function_filter=10', '0000-00-00 00:00:00', '0000-00-00 00:00:00', 0, 12, 3, 293),
(1105, 'https://www.careerplus.ch/fr/offres-emploi-jobs/finance', '0000-00-00 00:00:00', '0000-00-00 00:00:00', 0, 12, 3, 320),
(1106, 'http://www.emedcareers.com/cgi-bin/advsearch?search_type=quick&location_include=Switzerland&fp_skill_include=marketing&jobTitle-input=&location-input=&location_within=20', '0000-00-00 00:00:00', '0000-00-00 00:00:00', 0, 12, 3, 241),
(1107, 'https://www.markenjobs.ch/suchdetail/key/finanzen?srch=1', '0000-00-00 00:00:00', '0000-00-00 00:00:00', 0, 12, 3, 308),
(1108, 'http://www.stellenmarkt.ch/Finanzen/Treuhand/Immobilien/', '0000-00-00 00:00:00', '0000-00-00 00:00:00', 0, 12, 3, 315),
(1109, 'https://www.jobeo.ch/fr/rechercher/?q=finance', '0000-00-00 00:00:00', '0000-00-00 00:00:00', 0, 12, 3, 298),
(1110, 'http://www.stellen-basel.ch/offene-stellen.php?from=0&berufsgruppe=9&fachbereich=0&stichwort=&search=Finden...', '0000-00-00 00:00:00', '0000-00-00 00:00:00', 0, 12, 3, 314),
(1111, 'http://www.stages-emplois.ch/Emploi/Suisse/Finance/', '0000-00-00 00:00:00', '0000-00-00 00:00:00', 0, 12, 3, 313),
(1112, 'https://financejobs.ch/de/', '0000-00-00 00:00:00', '0000-00-00 00:00:00', 0, 12, 3, 294);

-- --------------------------------------------------------

--
-- Structure de la table `sector`
--

CREATE TABLE `sector` (
  `sector_id` int(12) UNSIGNED NOT NULL,
  `sector_label` varchar(255) NOT NULL,
  `createdAt` datetime NOT NULL,
  `updatedAt` datetime NOT NULL,
  `version` int(11) NOT NULL DEFAULT '0'
) ENGINE=InnoDB DEFAULT CHARSET=utf8;

--
-- Déchargement des données de la table `sector`
--

INSERT INTO `sector` (`sector_id`, `sector_label`, `createdAt`, `updatedAt`, `version`) VALUES
(1, 'design', '2018-04-02 14:46:04', '2018-04-02 14:46:04', 0),
(2, 'engineer', '2018-04-02 14:46:04', '2018-04-02 14:46:04', 0),
(3, 'finance', '2018-04-02 14:46:04', '2018-04-02 14:46:04', 0),
(4, 'marketing', '2018-04-02 14:46:04', '2018-04-02 14:46:04', 0),
(5, 'programs', '2018-04-02 14:46:04', '2018-04-02 14:46:04', 0),
(6, 'architectures', '2018-04-02 14:46:04', '2018-04-02 14:46:04', 0);

-- --------------------------------------------------------

--
-- Structure de la table `user`
--

CREATE TABLE `user` (
  `user_id` int(12) UNSIGNED NOT NULL,
  `user_email` varchar(255) NOT NULL,
  `user_password` varchar(100) NOT NULL,
  `user_firstname` varchar(70) DEFAULT NULL,
  `user_lastname` varchar(70) DEFAULT NULL,
  `user_gender` enum('Male','Female','Other') DEFAULT NULL,
  `user_birthdate` datetime DEFAULT NULL,
  `user_nationality` varchar(70) DEFAULT NULL,
  `user_phonenumber` varchar(30) DEFAULT NULL,
  `user_country` varchar(70) DEFAULT NULL,
  `user_city` varchar(100) DEFAULT NULL,
  `user_actual_city` varchar(100) DEFAULT NULL,
  `user_education_level` varchar(50) DEFAULT NULL,
  `user_affiliated_sector` varchar(50) DEFAULT NULL,
  `user_search_sector` varchar(50) DEFAULT NULL,
  `user_role` enum('DEFAULT','PRO','ADMIN') DEFAULT 'DEFAULT',
  `createdAt` datetime NOT NULL,
  `updatedAt` datetime NOT NULL,
  `version` int(11) NOT NULL DEFAULT '0'
) ENGINE=InnoDB DEFAULT CHARSET=utf8;

--
-- Déchargement des données de la table `user`
--

INSERT INTO `user` (`user_id`, `user_email`, `user_password`, `user_firstname`, `user_lastname`, `user_gender`, `user_birthdate`, `user_nationality`, `user_phonenumber`, `user_country`, `user_city`, `user_actual_city`, `user_education_level`, `user_affiliated_sector`, `user_search_sector`, `user_role`, `createdAt`, `updatedAt`, `version`) VALUES
(1, 'test@test.fr', 'test', NULL, NULL, NULL, NULL, NULL, NULL, NULL, NULL, NULL, NULL, NULL, NULL, 'DEFAULT', '2018-04-02 14:46:04', '2018-04-02 14:46:04', 0);

-- --------------------------------------------------------

--
-- Structure de la table `website`
--

CREATE TABLE `website` (
  `website_id` int(12) UNSIGNED NOT NULL,
  `website_label` varchar(255) NOT NULL,
  `createdAt` datetime NOT NULL,
  `updatedAt` datetime NOT NULL,
  `version` int(11) NOT NULL DEFAULT '0'
) ENGINE=InnoDB DEFAULT CHARSET=utf8;

--
-- Déchargement des données de la table `website`
--

INSERT INTO `website` (`website_id`, `website_label`, `createdAt`, `updatedAt`, `version`) VALUES
(5, 'accenture', '0000-00-00 00:00:00', '0000-00-00 00:00:00', 0),
(6, 'admincompta', '0000-00-00 00:00:00', '0000-00-00 00:00:00', 0),
(7, 'aeroemploiformation', '0000-00-00 00:00:00', '0000-00-00 00:00:00', 0),
(8, 'angellist', '0000-00-00 00:00:00', '0000-00-00 00:00:00', 0),
(9, 'apec', '0000-00-00 00:00:00', '0000-00-00 00:00:00', 0),
(10, 'archibat', '0000-00-00 00:00:00', '0000-00-00 00:00:00', 0),
(11, 'azertyjobs', '0000-00-00 00:00:00', '0000-00-00 00:00:00', 0),
(12, 'batiactu', '0000-00-00 00:00:00', '0000-00-00 00:00:00', 0),
(13, 'beepjob', '0000-00-00 00:00:00', '0000-00-00 00:00:00', 0),
(14, 'cadremploi', '0000-00-00 00:00:00', '0000-00-00 00:00:00', 0),
(15, 'xpatjobs', '0000-00-00 00:00:00', '0000-00-00 00:00:00', 0),
(16, 'cadresonline', '0000-00-00 00:00:00', '0000-00-00 00:00:00', 0),
(17, 'carriereindustrie', '0000-00-00 00:00:00', '0000-00-00 00:00:00', 0),
(18, 'chooseyoourboss', '0000-00-00 00:00:00', '0000-00-00 00:00:00', 0),
(19, 'designanddesign', '0000-00-00 00:00:00', '0000-00-00 00:00:00', 0),
(20, 'designfax', '0000-00-00 00:00:00', '0000-00-00 00:00:00', 0),
(21, 'developpezcom', '0000-00-00 00:00:00', '0000-00-00 00:00:00', 0),
(22, 'dogfinance', '0000-00-00 00:00:00', '0000-00-00 00:00:00', 0),
(23, 'dotjobs', '0000-00-00 00:00:00', '0000-00-00 00:00:00', 0),
(24, 'ecoleboulle', '0000-00-00 00:00:00', '0000-00-00 00:00:00', 0),
(25, 'ecoledesconde', '0000-00-00 00:00:00', '0000-00-00 00:00:00', 0),
(26, 'efinancialcareers', '0000-00-00 00:00:00', '0000-00-00 00:00:00', 0),
(27, 'emploimontagne', '0000-00-00 00:00:00', '0000-00-00 00:00:00', 0),
(28, 'emploipro', '0000-00-00 00:00:00', '0000-00-00 00:00:00', 0),
(29, 'etapes', '0000-00-00 00:00:00', '0000-00-00 00:00:00', 0),
(30, 'fashionjobs', '0000-00-00 00:00:00', '0000-00-00 00:00:00', 0),
(31, 'fnau', '0000-00-00 00:00:00', '0000-00-00 00:00:00', 0),
(32, 'glassdoor', '0000-00-00 00:00:00', '0000-00-00 00:00:00', 0),
(33, 'globalsportsjobs', '0000-00-00 00:00:00', '0000-00-00 00:00:00', 0),
(34, 'graphicjobs', '0000-00-00 00:00:00', '0000-00-00 00:00:00', 0),
(35, 'hellowork', '0000-00-00 00:00:00', '0000-00-00 00:00:00', 0),
(36, 'hudson', '0000-00-00 00:00:00', '0000-00-00 00:00:00', 0),
(37, 'iledefrancelordredesarchitectes', '0000-00-00 00:00:00', '0000-00-00 00:00:00', 0),
(38, 'indeed', '0000-00-00 00:00:00', '0000-00-00 00:00:00', 0),
(39, 'iquesta', '0000-00-00 00:00:00', '0000-00-00 00:00:00', 0),
(40, 'jobandcom', '0000-00-00 00:00:00', '0000-00-00 00:00:00', 0),
(41, 'jobculture', '0000-00-00 00:00:00', '0000-00-00 00:00:00', 0),
(42, 'jobenstock', '0000-00-00 00:00:00', '0000-00-00 00:00:00', 0),
(43, 'jobingenieur', '0000-00-00 00:00:00', '0000-00-00 00:00:00', 0),
(44, 'jobintree', '0000-00-00 00:00:00', '0000-00-00 00:00:00', 0),
(45, 'jobmarketingvente', '0000-00-00 00:00:00', '0000-00-00 00:00:00', 0),
(46, 'jobrapido', '0000-00-00 00:00:00', '0000-00-00 00:00:00', 0),
(47, 'jobsintech', '0000-00-00 00:00:00', '0000-00-00 00:00:00', 0),
(48, 'jobsmart', '0000-00-00 00:00:00', '0000-00-00 00:00:00', 0),
(49, 'jobtech', '0000-00-00 00:00:00', '0000-00-00 00:00:00', 0),
(50, 'jobtic', '0000-00-00 00:00:00', '0000-00-00 00:00:00', 0),
(51, 'jooble', '0000-00-00 00:00:00', '0000-00-00 00:00:00', 0),
(52, 'keljob', '0000-00-00 00:00:00', '0000-00-00 00:00:00', 0),
(53, 'lagazettedulaboratoire', '0000-00-00 00:00:00', '0000-00-00 00:00:00', 0),
(54, 'lelieududesign', '0000-00-00 00:00:00', '0000-00-00 00:00:00', 0),
(55, 'lemoniteuremploi', '0000-00-00 00:00:00', '0000-00-00 00:00:00', 0),
(56, 'lesjeudiscom', '0000-00-00 00:00:00', '0000-00-00 00:00:00', 0),
(57, 'linkedin', '0000-00-00 00:00:00', '0000-00-00 00:00:00', 0),
(58, 'linkfinance', '0000-00-00 00:00:00', '0000-00-00 00:00:00', 0),
(59, 'meteojob', '0000-00-00 00:00:00', '0000-00-00 00:00:00', 0),
(60, 'monster', '0000-00-00 00:00:00', '0000-00-00 00:00:00', 0),
(61, 'neuvoo', '0000-00-00 00:00:00', '0000-00-00 00:00:00', 0),
(62, 'optioncarriere', '0000-00-00 00:00:00', '0000-00-00 00:00:00', 0),
(63, 'ordredesarchtiectes', '0000-00-00 00:00:00', '0000-00-00 00:00:00', 0),
(64, 'outdoorsportsvalley', '0000-00-00 00:00:00', '0000-00-00 00:00:00', 0),
(65, 'poleemploi', '0000-00-00 00:00:00', '0000-00-00 00:00:00', 0),
(66, 'profilculture', '0000-00-00 00:00:00', '0000-00-00 00:00:00', 0),
(67, 'qapa', '0000-00-00 00:00:00', '0000-00-00 00:00:00', 0),
(68, 'recrut', '0000-00-00 00:00:00', '0000-00-00 00:00:00', 0),
(69, 'regionsjob', '0000-00-00 00:00:00', '0000-00-00 00:00:00', 0),
(70, 'remixjobs', '0000-00-00 00:00:00', '0000-00-00 00:00:00', 0),
(71, 'roberthalf', '0000-00-00 00:00:00', '0000-00-00 00:00:00', 0),
(72, 'sportcarriere', '0000-00-00 00:00:00', '0000-00-00 00:00:00', 0),
(73, 'sportstrategies', '0000-00-00 00:00:00', '0000-00-00 00:00:00', 0),
(74, 'sportyjob', '0000-00-00 00:00:00', '0000-00-00 00:00:00', 0),
(75, 'stackoverflow', '0000-00-00 00:00:00', '0000-00-00 00:00:00', 0),
(76, 'startuponly', '0000-00-00 00:00:00', '0000-00-00 00:00:00', 0),
(77, 'stepstone', '0000-00-00 00:00:00', '0000-00-00 00:00:00', 0),
(78, 'techniquedelingenieur', '0000-00-00 00:00:00', '0000-00-00 00:00:00', 0),
(79, 'totaljobs', '0000-00-00 00:00:00', '0000-00-00 00:00:00', 0),
(80, 'trovit', '0000-00-00 00:00:00', '0000-00-00 00:00:00', 0),
(81, 'uxjobs', '0000-00-00 00:00:00', '0000-00-00 00:00:00', 0),
(82, 'viadeo', '0000-00-00 00:00:00', '0000-00-00 00:00:00', 0),
(83, 'vitijob', '0000-00-00 00:00:00', '0000-00-00 00:00:00', 0),
(84, 'xpatjobs', '0000-00-00 00:00:00', '0000-00-00 00:00:00', 0),
(85, 'subito', '0000-00-00 00:00:00', '0000-00-00 00:00:00', 0),
(86, 'infojobs', '0000-00-00 00:00:00', '0000-00-00 00:00:00', 0),
(87, 'bakeca', '0000-00-00 00:00:00', '0000-00-00 00:00:00', 0),
(88, 'jobrapido', '0000-00-00 00:00:00', '0000-00-00 00:00:00', 0),
(89, 'jobgratis', '0000-00-00 00:00:00', '0000-00-00 00:00:00', 0),
(90, 'careerjet', '0000-00-00 00:00:00', '0000-00-00 00:00:00', 0),
(91, 'kijiji', '0000-00-00 00:00:00', '0000-00-00 00:00:00', 0),
(92, 'wickedin', '0000-00-00 00:00:00', '0000-00-00 00:00:00', 0),
(93, 'jobisjob', '0000-00-00 00:00:00', '0000-00-00 00:00:00', 0),
(94, 'mediamatch', '0000-00-00 00:00:00', '0000-00-00 00:00:00', 0),
(95, 'italiajobs', '0000-00-00 00:00:00', '0000-00-00 00:00:00', 0),
(96, 'crebs', '0000-00-00 00:00:00', '0000-00-00 00:00:00', 0),
(97, 'bancalavoro', '0000-00-00 00:00:00', '0000-00-00 00:00:00', 0),
(98, 'jolavoro', '0000-00-00 00:00:00', '0000-00-00 00:00:00', 0),
(99, 'lavoricreativi', '0000-00-00 00:00:00', '0000-00-00 00:00:00', 0),
(100, 'simplyhired', '0000-00-00 00:00:00', '0000-00-00 00:00:00', 0),
(101, 'gigroup', '0000-00-00 00:00:00', '0000-00-00 00:00:00', 0),
(102, 'jobijoba', '0000-00-00 00:00:00', '0000-00-00 00:00:00', 0),
(103, 'trovolavoro', '0000-00-00 00:00:00', '0000-00-00 00:00:00', 0),
(104, 'euspert', '0000-00-00 00:00:00', '0000-00-00 00:00:00', 0),
(105, 'iprogrammatori', '0000-00-00 00:00:00', '0000-00-00 00:00:00', 0),
(106, 'informaticalavoro', '0000-00-00 00:00:00', '0000-00-00 00:00:00', 0),
(107, 'injob', '0000-00-00 00:00:00', '0000-00-00 00:00:00', 0),
(108, 'jobnetwork', '0000-00-00 00:00:00', '0000-00-00 00:00:00', 0),
(109, 'extrajob', '0000-00-00 00:00:00', '0000-00-00 00:00:00', 0),
(110, 'springprofessional', '0000-00-00 00:00:00', '0000-00-00 00:00:00', 0),
(111, 'helplavoro', '0000-00-00 00:00:00', '0000-00-00 00:00:00', 0),
(112, 'lavorareincantiere', '0000-00-00 00:00:00', '0000-00-00 00:00:00', 0),
(113, 'jobsoul', '0000-00-00 00:00:00', '0000-00-00 00:00:00', 0),
(114, 'ingegnerivr', '0000-00-00 00:00:00', '0000-00-00 00:00:00', 0),
(115, 'badenochandclark', '0000-00-00 00:00:00', '0000-00-00 00:00:00', 0),
(116, 'pambiancojobs', '0000-00-00 00:00:00', '0000-00-00 00:00:00', 0),
(117, 'repubblica', '0000-00-00 00:00:00', '0000-00-00 00:00:00', 0),
(118, 'openjobmetis', '0000-00-00 00:00:00', '0000-00-00 00:00:00', 0),
(119, 'professionearchitetto', '0000-00-00 00:00:00', '0000-00-00 00:00:00', 0),
(120, 'afashionmix', '0000-00-00 00:00:00', '0000-00-00 00:00:00', 0),
(121, 'aquihaytrabajo', '0000-00-00 00:00:00', '0000-00-00 00:00:00', 0),
(122, 'buscadordetrabajo', '0000-00-00 00:00:00', '0000-00-00 00:00:00', 0),
(123, 'careerbuilder', '0000-00-00 00:00:00', '0000-00-00 00:00:00', 0),
(124, 'clubdecreativos', '0000-00-00 00:00:00', '0000-00-00 00:00:00', 0),
(125, 'coam', '0000-00-00 00:00:00', '0000-00-00 00:00:00', 0),
(126, 'computrabajo', '0000-00-00 00:00:00', '0000-00-00 00:00:00', 0),
(127, 'cscae', '0000-00-00 00:00:00', '0000-00-00 00:00:00', 0),
(128, 'domestika', '0000-00-00 00:00:00', '0000-00-00 00:00:00', 0),
(129, 'fashionunited', '0000-00-00 00:00:00', '0000-00-00 00:00:00', 0),
(130, 'ingenieros', '0000-00-00 00:00:00', '0000-00-00 00:00:00', 0),
(131, 'insertia', '0000-00-00 00:00:00', '0000-00-00 00:00:00', 0),
(132, 'jobomas', '0000-00-00 00:00:00', '0000-00-00 00:00:00', 0),
(133, 'jobspotting', '0000-00-00 00:00:00', '0000-00-00 00:00:00', 0),
(134, 'jobtonic', '0000-00-00 00:00:00', '0000-00-00 00:00:00', 0),
(135, 'laboris', '0000-00-00 00:00:00', '0000-00-00 00:00:00', 0),
(136, 'linkmyjob', '0000-00-00 00:00:00', '0000-00-00 00:00:00', 0),
(137, 'opcionempleo', '0000-00-00 00:00:00', '0000-00-00 00:00:00', 0),
(138, 'portalparados', '0000-00-00 00:00:00', '0000-00-00 00:00:00', 0),
(139, 'primerempleo', '0000-00-00 00:00:00', '0000-00-00 00:00:00', 0),
(140, 'proempleo', '0000-00-00 00:00:00', '0000-00-00 00:00:00', 0),
(141, 'quieroempleo', '0000-00-00 00:00:00', '0000-00-00 00:00:00', 0),
(142, 'studentjob', '0000-00-00 00:00:00', '0000-00-00 00:00:00', 0),
(143, 'tecnoempleo', '0000-00-00 00:00:00', '0000-00-00 00:00:00', 0),
(144, 'trabajamos', '0000-00-00 00:00:00', '0000-00-00 00:00:00', 0),
(145, 'trabajando', '0000-00-00 00:00:00', '0000-00-00 00:00:00', 0),
(146, 'universia', '0000-00-00 00:00:00', '0000-00-00 00:00:00', 0),
(147, 'unmejorempleo', '0000-00-00 00:00:00', '0000-00-00 00:00:00', 0),
(148, 'infoempleo', '0000-00-00 00:00:00', '0000-00-00 00:00:00', 0),
(149, 'arquiparados', '0000-00-00 00:00:00', '0000-00-00 00:00:00', 0),
(150, 'adecco', '0000-00-00 00:00:00', '0000-00-00 00:00:00', 0),
(151, 'angellist', '0000-00-00 00:00:00', '0000-00-00 00:00:00', 0),
(152, 'creativeskillsbe', '0000-00-00 00:00:00', '0000-00-00 00:00:00', 0),
(153, 'digimedia', '0000-00-00 00:00:00', '0000-00-00 00:00:00', 0),
(154, 'ictjob', '0000-00-00 00:00:00', '0000-00-00 00:00:00', 0),
(155, 'jobinga', '0000-00-00 00:00:00', '0000-00-00 00:00:00', 0),
(156, 'moovijob', '0000-00-00 00:00:00', '0000-00-00 00:00:00', 0),
(157, 'myjobbe', '0000-00-00 00:00:00', '0000-00-00 00:00:00', 0),
(158, 'onlysalesjob', '0000-00-00 00:00:00', '0000-00-00 00:00:00', 0),
(159, 'ordredesarchitectes', '0000-00-00 00:00:00', '0000-00-00 00:00:00', 0),
(160, 'reedcouk', '0000-00-00 00:00:00', '0000-00-00 00:00:00', 0),
(161, 'stagesemploisbe', '0000-00-00 00:00:00', '0000-00-00 00:00:00', 0),
(162, 'uxdesigninbelgium', '0000-00-00 00:00:00', '0000-00-00 00:00:00', 0),
(163, 'vacature', '0000-00-00 00:00:00', '0000-00-00 00:00:00', 0),
(164, 'coroflot', '0000-00-00 00:00:00', '0000-00-00 00:00:00', 0),
(165, 'startus', '0000-00-00 00:00:00', '0000-00-00 00:00:00', 0),
(166, 'expatica', '0000-00-00 00:00:00', '0000-00-00 00:00:00', 0),
(167, 'jobatbe', '0000-00-00 00:00:00', '0000-00-00 00:00:00', 0),
(168, 'jobsinnetwork', '0000-00-00 00:00:00', '0000-00-00 00:00:00', 0),
(169, 'referencelesoir', '0000-00-00 00:00:00', '0000-00-00 00:00:00', 0),
(170, 'onlyengineerjobs', '0000-00-00 00:00:00', '0000-00-00 00:00:00', 0),
(171, 'adzuna', '0000-00-00 00:00:00', '0000-00-00 00:00:00', 0),
(172, 'architektenjobs', '0000-00-00 00:00:00', '0000-00-00 00:00:00', 0),
(173, 'architektenkammernordrheinwestfalen', '0000-00-00 00:00:00', '0000-00-00 00:00:00', 0),
(174, 'aviationjobsearch', '0000-00-00 00:00:00', '0000-00-00 00:00:00', 0),
(175, 'bauingenieur24', '0000-00-00 00:00:00', '0000-00-00 00:00:00', 0),
(176, 'baunetz', '0000-00-00 00:00:00', '0000-00-00 00:00:00', 0),
(177, 'berlinstartupjobs', '0000-00-00 00:00:00', '0000-00-00 00:00:00', 0),
(178, 'competitionline', '0000-00-00 00:00:00', '0000-00-00 00:00:00', 0),
(179, 'creativecityberlin', '0000-00-00 00:00:00', '0000-00-00 00:00:00', 0),
(180, 'cwjobs', '0000-00-00 00:00:00', '0000-00-00 00:00:00', 0),
(181, 'designerdock', '0000-00-00 00:00:00', '0000-00-00 00:00:00', 0),
(182, 'designmadegermany', '0000-00-00 00:00:00', '0000-00-00 00:00:00', 0),
(183, 'designspotter', '0000-00-00 00:00:00', '0000-00-00 00:00:00', 0),
(184, 'dezeenjobs', '0000-00-00 00:00:00', '0000-00-00 00:00:00', 0),
(185, 'dt', '0000-00-00 00:00:00', '0000-00-00 00:00:00', 0),
(186, 'efinancialcareers', '0000-00-00 00:00:00', '0000-00-00 00:00:00', 0),
(187, 'euroengineerjobs', '0000-00-00 00:00:00', '0000-00-00 00:00:00', 0),
(188, 'expatjobseekerde', '0000-00-00 00:00:00', '0000-00-00 00:00:00', 0),
(189, 'finanzcareer', '0000-00-00 00:00:00', '0000-00-00 00:00:00', 0),
(190, 'franffurterallgemeinestellenmarkt', '0000-00-00 00:00:00', '0000-00-00 00:00:00', 0),
(191, 'gamescareer', '0000-00-00 00:00:00', '0000-00-00 00:00:00', 0),
(192, 'geekjobs', '0000-00-00 00:00:00', '0000-00-00 00:00:00', 0),
(193, 'germanitjobs', '0000-00-00 00:00:00', '0000-00-00 00:00:00', 0),
(194, 'germanystartupjobs', '0000-00-00 00:00:00', '0000-00-00 00:00:00', 0),
(195, 'how', '0000-00-00 00:00:00', '0000-00-00 00:00:00', 0),
(196, 'ingenieur-jobs', '0000-00-00 00:00:00', '0000-00-00 00:00:00', 0),
(197, 'ingenieur', '0000-00-00 00:00:00', '0000-00-00 00:00:00', 0),
(198, 'ingenieurjobs', '0000-00-00 00:00:00', '0000-00-00 00:00:00', 0),
(199, 'ingenieurweb', '0000-00-00 00:00:00', '0000-00-00 00:00:00', 0),
(200, 'jobsde', '0000-00-00 00:00:00', '0000-00-00 00:00:00', 0),
(201, 'kimeta', '0000-00-00 00:00:00', '0000-00-00 00:00:00', 0),
(202, 'makeitingermany', '0000-00-00 00:00:00', '0000-00-00 00:00:00', 0),
(203, 'meinejobsfinance', '0000-00-00 00:00:00', '0000-00-00 00:00:00', 0),
(204, 'meinestadt', '0000-00-00 00:00:00', '0000-00-00 00:00:00', 0),
(205, 'rubyonrailsjobboard', '0000-00-00 00:00:00', '0000-00-00 00:00:00', 0),
(206, 'salesjob', '0000-00-00 00:00:00', '0000-00-00 00:00:00', 0),
(207, 'sap', '0000-00-00 00:00:00', '0000-00-00 00:00:00', 0),
(208, 'stellananzeigen', '0000-00-00 00:00:00', '0000-00-00 00:00:00', 0),
(209, 'suddeutschezeitung', '0000-00-00 00:00:00', '0000-00-00 00:00:00', 0),
(210, 'thefrontendlab', '0000-00-00 00:00:00', '0000-00-00 00:00:00', 0),
(211, 'thelocal-l', '0000-00-00 00:00:00', '0000-00-00 00:00:00', 0),
(212, 'worldarchitects', '0000-00-00 00:00:00', '0000-00-00 00:00:00', 0),
(213, 'yourfirm', '0000-00-00 00:00:00', '0000-00-00 00:00:00', 0),
(214, 'zalando', '0000-00-00 00:00:00', '0000-00-00 00:00:00', 0),
(215, 'dasauge', '0000-00-00 00:00:00', '0000-00-00 00:00:00', 0),
(216, 'computerjobs', '0000-00-00 00:00:00', '0000-00-00 00:00:00', 0),
(217, 'dice', '0000-00-00 00:00:00', '0000-00-00 00:00:00', 0),
(218, 'experteerde', '0000-00-00 00:00:00', '0000-00-00 00:00:00', 0),
(219, 'karriereat', '0000-00-00 00:00:00', '0000-00-00 00:00:00', 0),
(220, 'adrem', '0000-00-00 00:00:00', '0000-00-00 00:00:00', 0),
(221, 'archinect', '0000-00-00 00:00:00', '0000-00-00 00:00:00', 0),
(222, 'architectsjournaljobs', '0000-00-00 00:00:00', '0000-00-00 00:00:00', 0),
(223, 'architecturejobs', '0000-00-00 00:00:00', '0000-00-00 00:00:00', 0),
(224, 'bd4jobs', '0000-00-00 00:00:00', '0000-00-00 00:00:00', 0),
(225, 'behance', '0000-00-00 00:00:00', '0000-00-00 00:00:00', 0),
(226, 'bespokecareers', '0000-00-00 00:00:00', '0000-00-00 00:00:00', 0),
(227, 'campaignjobs', '0000-00-00 00:00:00', '0000-00-00 00:00:00', 0),
(228, 'careersindesign', '0000-00-00 00:00:00', '0000-00-00 00:00:00', 0),
(229, 'careerstructure', '0000-00-00 00:00:00', '0000-00-00 00:00:00', 0),
(230, 'cartermurray', '0000-00-00 00:00:00', '0000-00-00 00:00:00', 0),
(231, 'cic', '0000-00-00 00:00:00', '0000-00-00 00:00:00', 0),
(232, 'cision', '0000-00-00 00:00:00', '0000-00-00 00:00:00', 0),
(233, 'cityjobs', '0000-00-00 00:00:00', '0000-00-00 00:00:00', 0),
(234, 'creativepools', '0000-00-00 00:00:00', '0000-00-00 00:00:00', 0),
(235, 'deloitte', '0000-00-00 00:00:00', '0000-00-00 00:00:00', 0),
(236, 'designjobs', '0000-00-00 00:00:00', '0000-00-00 00:00:00', 0),
(237, 'designjobsboard', '0000-00-00 00:00:00', '0000-00-00 00:00:00', 0),
(238, 'designweek', '0000-00-00 00:00:00', '0000-00-00 00:00:00', 0),
(239, 'Drapersjobs', '0000-00-00 00:00:00', '0000-00-00 00:00:00', 0),
(240, 'dribbble', '0000-00-00 00:00:00', '0000-00-00 00:00:00', 0),
(241, 'emedcareers', '0000-00-00 00:00:00', '0000-00-00 00:00:00', 0),
(242, 'engineerboard', '0000-00-00 00:00:00', '0000-00-00 00:00:00', 0),
(243, 'fircroft', '0000-00-00 00:00:00', '0000-00-00 00:00:00', 0),
(244, 'fish4jobs', '0000-00-00 00:00:00', '0000-00-00 00:00:00', 0),
(245, 'foodmanjobs', '0000-00-00 00:00:00', '0000-00-00 00:00:00', 0),
(246, 'governmentjobs', '0000-00-00 00:00:00', '0000-00-00 00:00:00', 0),
(247, 'grocerjobs', '0000-00-00 00:00:00', '0000-00-00 00:00:00', 0),
(248, 'gumtree', '0000-00-00 00:00:00', '0000-00-00 00:00:00', 0),
(249, 'hunterdunning', '0000-00-00 00:00:00', '0000-00-00 00:00:00', 0),
(250, 'icaewjobs', '0000-00-00 00:00:00', '0000-00-00 00:00:00', 0),
(251, 'ifyoucould', '0000-00-00 00:00:00', '0000-00-00 00:00:00', 0),
(252, 'jobmanji', '0000-00-00 00:00:00', '0000-00-00 00:00:00', 0),
(253, 'jobsacuk', '0000-00-00 00:00:00', '0000-00-00 00:00:00', 0),
(254, 'jobsite', '0000-00-00 00:00:00', '0000-00-00 00:00:00', 0),
(255, 'jobswype', '0000-00-00 00:00:00', '0000-00-00 00:00:00', 0),
(256, 'justengineers', '0000-00-00 00:00:00', '0000-00-00 00:00:00', 0),
(257, 'kpmg', '0000-00-00 00:00:00', '0000-00-00 00:00:00', 0),
(258, 'leisurejobs', '0000-00-00 00:00:00', '0000-00-00 00:00:00', 0),
(259, 'marketingjobboard', '0000-00-00 00:00:00', '0000-00-00 00:00:00', 0),
(260, 'michaelpage', '0000-00-00 00:00:00', '0000-00-00 00:00:00', 0),
(261, 'mobiledeveloper', '0000-00-00 00:00:00', '0000-00-00 00:00:00', 0),
(262, 'mustard', '0000-00-00 00:00:00', '0000-00-00 00:00:00', 0),
(263, 'nationwide', '0000-00-00 00:00:00', '0000-00-00 00:00:00', 0),
(264, 'nijobs', '0000-00-00 00:00:00', '0000-00-00 00:00:00', 0),
(265, 'onlydigitaljobs', '0000-00-00 00:00:00', '0000-00-00 00:00:00', 0),
(266, 'pfjobs', '0000-00-00 00:00:00', '0000-00-00 00:00:00', 0),
(267, 'remoteok', '0000-00-00 00:00:00', '0000-00-00 00:00:00', 0),
(268, 'ribaappointments', '0000-00-00 00:00:00', '0000-00-00 00:00:00', 0),
(269, 'simply', '0000-00-00 00:00:00', '0000-00-00 00:00:00', 0),
(270, 'srg', '0000-00-00 00:00:00', '0000-00-00 00:00:00', 0),
(271, 'talentedge', '0000-00-00 00:00:00', '0000-00-00 00:00:00', 0),
(272, 'technojobs', '0000-00-00 00:00:00', '0000-00-00 00:00:00', 0),
(273, 'thedots', '0000-00-00 00:00:00', '0000-00-00 00:00:00', 0),
(274, 'theengineer', '0000-00-00 00:00:00', '0000-00-00 00:00:00', 0),
(275, 'theguardianjobs', '0000-00-00 00:00:00', '0000-00-00 00:00:00', 0),
(276, 'thetelegraph', '0000-00-00 00:00:00', '0000-00-00 00:00:00', 0),
(277, 'thirdsectorjob', '0000-00-00 00:00:00', '0000-00-00 00:00:00', 0),
(278, 'timewisejobs', '0000-00-00 00:00:00', '0000-00-00 00:00:00', 0),
(279, 'topengineeringjobs', '0000-00-00 00:00:00', '0000-00-00 00:00:00', 0),
(280, 'uxswitch', '0000-00-00 00:00:00', '0000-00-00 00:00:00', 0),
(281, 'webdeveloper', '0000-00-00 00:00:00', '0000-00-00 00:00:00', 0),
(282, 'workinstartups', '0000-00-00 00:00:00', '0000-00-00 00:00:00', 0),
(283, 'xcede', '0000-00-00 00:00:00', '0000-00-00 00:00:00', 0),
(284, 'yourfoodjob', '0000-00-00 00:00:00', '0000-00-00 00:00:00', 0),
(285, 'designjobswales', '0000-00-00 00:00:00', '0000-00-00 00:00:00', 0),
(286, 'matchtech', '0000-00-00 00:00:00', '0000-00-00 00:00:00', 0),
(287, 'mansonfrank', '0000-00-00 00:00:00', '0000-00-00 00:00:00', 0),
(288, 'bankingjobs', '0000-00-00 00:00:00', '0000-00-00 00:00:00', 0),
(289, '100000jobs', '0000-00-00 00:00:00', '0000-00-00 00:00:00', 0),
(290, 'architektura', '0000-00-00 00:00:00', '0000-00-00 00:00:00', 0),
(291, 'carriereinfo', '0000-00-00 00:00:00', '0000-00-00 00:00:00', 0),
(292, 'computerwork', '0000-00-00 00:00:00', '0000-00-00 00:00:00', 0),
(293, 'earlyhirech', '0000-00-00 00:00:00', '0000-00-00 00:00:00', 0),
(294, 'financejobs', '0000-00-00 00:00:00', '0000-00-00 00:00:00', 0),
(295, 'ingjobs', '0000-00-00 00:00:00', '0000-00-00 00:00:00', 0),
(296, 'jobagent', '0000-00-00 00:00:00', '0000-00-00 00:00:00', 0),
(297, 'jobchannel', '0000-00-00 00:00:00', '0000-00-00 00:00:00', 0),
(298, 'jobeo', '0000-00-00 00:00:00', '0000-00-00 00:00:00', 0),
(299, 'jobsch', '0000-00-00 00:00:00', '0000-00-00 00:00:00', 0),
(300, 'jobscout24', '0000-00-00 00:00:00', '0000-00-00 00:00:00', 0),
(301, 'jobserve', '0000-00-00 00:00:00', '0000-00-00 00:00:00', 0),
(302, 'jobsuchmaschine', '0000-00-00 00:00:00', '0000-00-00 00:00:00', 0),
(303, 'jobticch', '0000-00-00 00:00:00', '0000-00-00 00:00:00', 0),
(304, 'jobtoo', '0000-00-00 00:00:00', '0000-00-00 00:00:00', 0),
(305, 'jobupch', '0000-00-00 00:00:00', '0000-00-00 00:00:00', 0),
(306, 'jobwatch', '0000-00-00 00:00:00', '0000-00-00 00:00:00', 0),
(307, 'jobwinner', '0000-00-00 00:00:00', '0000-00-00 00:00:00', 0),
(308, 'markenjobs', '0000-00-00 00:00:00', '0000-00-00 00:00:00', 0),
(309, 'marketingch', '0000-00-00 00:00:00', '0000-00-00 00:00:00', 0),
(310, 'medienjobs', '0000-00-00 00:00:00', '0000-00-00 00:00:00', 0),
(311, 'pmeweb', '0000-00-00 00:00:00', '0000-00-00 00:00:00', 0),
(312, 'sia', '0000-00-00 00:00:00', '0000-00-00 00:00:00', 0),
(313, 'stagesemploisch', '0000-00-00 00:00:00', '0000-00-00 00:00:00', 0),
(314, 'stellenbasel', '0000-00-00 00:00:00', '0000-00-00 00:00:00', 0),
(315, 'stellenmarkt', '0000-00-00 00:00:00', '0000-00-00 00:00:00', 0),
(316, 'yodea', '0000-00-00 00:00:00', '0000-00-00 00:00:00', 0),
(317, 'alpha', '0000-00-00 00:00:00', '0000-00-00 00:00:00', 0),
(318, 'sudostschweizjobs', '0000-00-00 00:00:00', '0000-00-00 00:00:00', 0),
(319, 'aecjob', '0000-00-00 00:00:00', '0000-00-00 00:00:00', 0),
(320, 'careerplus', '0000-00-00 00:00:00', '0000-00-00 00:00:00', 0);

--
-- Index pour les tables déchargées
--

--
-- Index pour la table `annonce`
--
ALTER TABLE `annonce`
  ADD PRIMARY KEY (`annonce_id`),
  ADD KEY `annonce_country_id` (`annonce_country_id`),
  ADD KEY `annonce_sector_id` (`annonce_sector_id`),
  ADD KEY `annonce_website_id` (`annonce_website_id`);

--
-- Index pour la table `continent`
--
ALTER TABLE `continent`
  ADD PRIMARY KEY (`continent_id`);

--
-- Index pour la table `country`
--
ALTER TABLE `country`
  ADD PRIMARY KEY (`country_id`),
  ADD KEY `country_continent_id` (`country_continent_id`);

--
-- Index pour la table `link`
--
ALTER TABLE `link`
  ADD PRIMARY KEY (`link_id`),
  ADD KEY `link_country_id` (`link_country_id`),
  ADD KEY `link_sector_id` (`link_sector_id`),
  ADD KEY `link_website_id` (`link_website_id`);

--
-- Index pour la table `sector`
--
ALTER TABLE `sector`
  ADD PRIMARY KEY (`sector_id`);

--
-- Index pour la table `user`
--
ALTER TABLE `user`
  ADD PRIMARY KEY (`user_id`),
  ADD UNIQUE KEY `email` (`user_email`);

--
-- Index pour la table `website`
--
ALTER TABLE `website`
  ADD PRIMARY KEY (`website_id`);

--
-- AUTO_INCREMENT pour les tables déchargées
--

--
-- AUTO_INCREMENT pour la table `annonce`
--
ALTER TABLE `annonce`
  MODIFY `annonce_id` int(12) UNSIGNED NOT NULL AUTO_INCREMENT, AUTO_INCREMENT=7;
--
-- AUTO_INCREMENT pour la table `continent`
--
ALTER TABLE `continent`
  MODIFY `continent_id` int(12) UNSIGNED NOT NULL AUTO_INCREMENT, AUTO_INCREMENT=7;
--
-- AUTO_INCREMENT pour la table `country`
--
ALTER TABLE `country`
  MODIFY `country_id` int(12) UNSIGNED NOT NULL AUTO_INCREMENT, AUTO_INCREMENT=14;
--
-- AUTO_INCREMENT pour la table `link`
--
ALTER TABLE `link`
  MODIFY `link_id` int(12) UNSIGNED NOT NULL AUTO_INCREMENT, AUTO_INCREMENT=1113;
--
-- AUTO_INCREMENT pour la table `sector`
--
ALTER TABLE `sector`
  MODIFY `sector_id` int(12) UNSIGNED NOT NULL AUTO_INCREMENT, AUTO_INCREMENT=7;
--
-- AUTO_INCREMENT pour la table `user`
--
ALTER TABLE `user`
  MODIFY `user_id` int(12) UNSIGNED NOT NULL AUTO_INCREMENT, AUTO_INCREMENT=2;
--
-- AUTO_INCREMENT pour la table `website`
--
ALTER TABLE `website`
  MODIFY `website_id` int(12) UNSIGNED NOT NULL AUTO_INCREMENT, AUTO_INCREMENT=321;
--
-- Contraintes pour les tables déchargées
--

--
-- Contraintes pour la table `annonce`
--
ALTER TABLE `annonce`
  ADD CONSTRAINT `annonce_ibfk_1` FOREIGN KEY (`annonce_country_id`) REFERENCES `country` (`country_id`) ON DELETE CASCADE ON UPDATE CASCADE,
  ADD CONSTRAINT `annonce_ibfk_2` FOREIGN KEY (`annonce_sector_id`) REFERENCES `sector` (`sector_id`) ON DELETE CASCADE ON UPDATE CASCADE,
  ADD CONSTRAINT `annonce_ibfk_3` FOREIGN KEY (`annonce_website_id`) REFERENCES `website` (`website_id`) ON DELETE CASCADE ON UPDATE CASCADE;

--
-- Contraintes pour la table `country`
--
ALTER TABLE `country`
  ADD CONSTRAINT `country_ibfk_1` FOREIGN KEY (`country_continent_id`) REFERENCES `continent` (`continent_id`) ON DELETE CASCADE ON UPDATE CASCADE;

--
-- Contraintes pour la table `link`
--
ALTER TABLE `link`
  ADD CONSTRAINT `link_ibfk_1` FOREIGN KEY (`link_country_id`) REFERENCES `country` (`country_id`) ON DELETE CASCADE ON UPDATE CASCADE,
  ADD CONSTRAINT `link_ibfk_2` FOREIGN KEY (`link_sector_id`) REFERENCES `sector` (`sector_id`) ON DELETE CASCADE ON UPDATE CASCADE,
  ADD CONSTRAINT `link_ibfk_3` FOREIGN KEY (`link_website_id`) REFERENCES `website` (`website_id`) ON DELETE CASCADE ON UPDATE CASCADE;
